0.000000000000000000e+00 0.000000000000000000e+00 0.000000000000000000e+00 0.000000000000000000e+00 0.000000000000000000e+00
1.000000000000000000e+00 0.000000000000000000e+00 0.000000000000000000e+00 0.000000000000000000e+00 0.000000000000000000e+00
2.000000000000000000e+00 9.986244019007090174e+02 3.289519496641593599e-02 1.248971780959264141e-04 2.681598674209616728e+00
3.000000000000000000e+00 9.444095480997026471e+02 4.528651256793027324e-02 1.304343200100751253e-04 3.079227333557194690e+00
4.000000000000000000e+00 8.924150948274791517e+02 4.242923237542724907e-02 1.174074714296041445e-04 2.954489698958358002e+00
5.000000000000000000e+00 8.531968742853414369e+02 3.077171924629231239e-02 9.663272894542160817e-05 2.572826544552964556e+00
6.000000000000000000e+00 8.259730390673116744e+02 1.847978353197780518e-02 7.649932346812442446e-05 2.115167721831484826e+00
7.000000000000000000e+00 8.082945053794682053e+02 1.009934844471633598e-02 6.173830139708209408e-05 1.686166954601168833e+00
8.000000000000000000e+00 7.973381424343172057e+02 6.030057710635259097e-03 5.385922260159216183e-05 1.337734915777278877e+00
9.000000000000000000e+00 7.917201755758195532e+02 4.559705032236423435e-03 5.245025569104566209e-05 1.083856997242075071e+00
1.000000000000000000e+01 7.900441441589575788e+02 3.969840841085246243e-03 5.625430203341943411e-05 9.237674581715997757e-01
1.100000000000000000e+01 7.909706218167457337e+02 3.452793278766151230e-03 6.383598788645127324e-05 8.455712601745061230e-01
1.200000000000000000e+01 7.951350124165380748e+02 2.965110124857857528e-03 7.401830283743040704e-05 8.326488483860180478e-01
1.300000000000000000e+01 8.006195663507571680e+02 2.682513885499186648e-03 8.595201604007098419e-05 8.612910311511141614e-01
1.400000000000000000e+01 8.073094730470849072e+02 2.663271881819057486e-03 9.913129848395304546e-05 9.078561051355711342e-01
1.500000000000000000e+01 8.141662151565936938e+02 2.825270130678386900e-03 1.132972684751839751e-04 9.617779293654978856e-01
1.600000000000000000e+01 8.228830100759546440e+02 3.058013559317266598e-03 1.283324465041050827e-04 1.021309778805335799e+00
1.700000000000000000e+01 8.333035505595468067e+02 3.364802668813865905e-03 1.441974154017505293e-04 1.081665374556318060e+00
1.800000000000000000e+01 8.443033099789930702e+02 3.781144475398089556e-03 1.608703764062035385e-04 1.140038066133330918e+00
1.900000000000000000e+01 8.566491395547147931e+02 4.354944476129774845e-03 1.783435677709825965e-04 1.199714164787679227e+00
2.000000000000000000e+01 8.687335799858381051e+02 5.107649085367396008e-03 1.966121013257783959e-04 1.256413301906445623e+00
2.100000000000000000e+01 8.812510020584923041e+02 6.022904350631807374e-03 2.156685635081821966e-04 1.316412880926675522e+00
2.200000000000000000e+01 8.942260810109020213e+02 7.092245389379635799e-03 2.355042409520317242e-04 1.381813151955167074e+00
2.300000000000000000e+01 9.072713151379185774e+02 8.304279063568705335e-03 2.561078137715558844e-04 1.450973549998169077e+00
2.400000000000000000e+01 9.207057277193615619e+02 9.656517377174640357e-03 2.774670877257522724e-04 1.521197279205754427e+00
2.500000000000000000e+01 9.346621488405581886e+02 1.115411227403122728e-02 2.995690915021309228e-04 1.584846402228085926e+00
2.600000000000000000e+01 9.486499935247990152e+02 1.280661085587477335e-02 3.224036424850561743e-04 1.645196065742116742e+00
2.700000000000000000e+01 9.630802559461930059e+02 1.460886909271720026e-02 3.459726476124016939e-04 1.701158154176282578e+00
2.800000000000000000e+01 9.777853190940062404e+02 1.654079586257563989e-02 3.702787133977494924e-04 1.746093949717048455e+00
2.900000000000000000e+01 9.926871564032175002e+02 1.863592626928535848e-02 3.953153499478370713e-04 1.784763535919498212e+00
3.000000000000000000e+01 1.007981485183260816e+03 2.093289327286730270e-02 4.210731651358017870e-04 1.810579761962775924e+00
3.100000000000000000e+01 1.023064316820736394e+03 2.342795894717241562e-02 4.475404758402376699e-04 1.834154061056282981e+00
3.200000000000000000e+01 1.038741594128638553e+03 2.613594509721148956e-02 4.747048480260243489e-04 1.850387943098341870e+00
3.300000000000000000e+01 1.054481206727362633e+03 2.902084919883305206e-02 5.025533761401222883e-04 1.858530647496437371e+00
3.400000000000000000e+01 1.070258666310118770e+03 3.211384475692143081e-02 5.310696749413471767e-04 1.860781466548952157e+00
3.500000000000000000e+01 1.086654677507890028e+03 3.542838756983430343e-02 5.602241672887246565e-04 1.849818336507548233e+00
3.600000000000000000e+01 1.102768333894126272e+03 3.899353745267904181e-02 5.899937235692857872e-04 1.837255899854883578e+00
3.700000000000000000e+01 1.119122852700325211e+03 4.280921797520624572e-02 6.203944547856584833e-04 1.816046869040150558e+00
3.800000000000000000e+01 1.135823556940409162e+03 4.684055593960759906e-02 6.514427209294905994e-04 1.786465503227604001e+00
3.900000000000000000e+01 1.152777123472232915e+03 5.109000685672386577e-02 6.831168876974088493e-04 1.747127588899243245e+00
4.000000000000000000e+01 1.169909280609344250e+03 5.557197649527079175e-02 7.153857358567818894e-04 1.695212922419726098e+00
4.100000000000000000e+01 1.187138722609225169e+03 6.030002191288860725e-02 7.482220585012600358e-04 1.628815949740411773e+00
4.200000000000000000e+01 1.204467429799675529e+03 6.528378700276500635e-02 7.816150295345981186e-04 1.549622754603927399e+00
4.300000000000000000e+01 1.221905205000342221e+03 7.053176981075820473e-02 8.155578486741781995e-04 1.459818083447230741e+00
4.400000000000000000e+01 1.239498993500967799e+03 7.605031360555104814e-02 8.500436291863372332e-04 1.359982195220885703e+00
4.500000000000000000e+01 1.257310597910499155e+03 8.184293833312786259e-02 8.850654059327650331e-04 1.250390822727031059e+00
4.600000000000000000e+01 1.275304289192261649e+03 8.791041545609996899e-02 9.206152373709259283e-04 1.131478196944498915e+00
4.700000000000000000e+01 1.293462769343928812e+03 9.425426093821097362e-02 9.566814876642664150e-04 1.002455345398863606e+00
4.800000000000000000e+01 1.311760348684818609e+03 1.008693052566260739e-01 9.932515667745503690e-04 8.622089505053692760e-01
4.900000000000000000e+01 1.330186194384177497e+03 1.077496355495991681e-01 1.030312849684186967e-03 7.097000133586492954e-01
5.000000000000000000e+01 1.348796328783888384e+03 1.149004809949671496e-01 1.067852688536807858e-03 5.440284798346650685e-01
5.100000000000000000e+01 1.367650364564236270e+03 1.223279587456182482e-01 1.105859338686746669e-03 3.646710169013039904e-01
5.200000000000000000e+01 1.386695994005365264e+03 1.300372822670337325e-01 1.144324708097648174e-03 1.724090220740666091e-01
5.300000000000000000e+01 1.405862214409969283e+03 1.380300960405666799e-01 1.183241632145304876e-03 -3.185982560159861948e-02
5.400000000000000000e+01 1.425130021025085625e+03 1.463087869978627886e-01 1.222602972427833503e-03 -2.480969786322543558e-01
5.500000000000000000e+01 1.444495265162008991e+03 1.548772273875084760e-01 1.262401629411728701e-03 -4.766334938200356697e-01
5.600000000000000000e+01 1.464069932877053589e+03 1.637321900893456694e-01 1.302630227923658179e-03 -7.183597335159774833e-01
5.700000000000000000e+01 1.483955136954549744e+03 1.728687935611062376e-01 1.343280149867297907e-03 -9.738385105957384491e-01
5.800000000000000000e+01 1.504108132429917987e+03 1.822839709896506011e-01 1.384342524162589629e-03 -1.242871482365467850e+00
5.900000000000000000e+01 1.524441603132586351e+03 1.919753981989425207e-01 1.425808563587549005e-03 -1.524972803395750365e+00
6.000000000000000000e+01 1.544935086839712994e+03 2.019333225107355634e-01 1.467669573934688625e-03 -1.819240616423133838e+00
6.100000000000000000e+01 1.565595537278888060e+03 2.121494948099689470e-01 1.509917745787832909e-03 -2.124918853890897186e+00
6.200000000000000000e+01 1.586428150531413849e+03 2.226216806089664768e-01 1.552548498964129295e-03 -2.442191237764662848e+00
6.300000000000000000e+01 1.607450681775120302e+03 2.333498919216314416e-01 1.595558153059443334e-03 -2.771491279565307497e+00
6.400000000000000000e+01 1.628666027977360955e+03 2.443333979778453680e-01 1.638943154143559589e-03 -3.113245044122568306e+00
6.500000000000000000e+01 1.650099369596928682e+03 2.555736966197027504e-01 1.682700080992962201e-03 -3.467938006278836305e+00
6.600000000000000000e+01 1.671787804025552532e+03 2.670652090627085307e-01 1.726825394594964968e-03 -3.836014949056778534e+00
6.700000000000000000e+01 1.693712104248280184e+03 2.788007916393362984e-01 1.771314676923143802e-03 -4.216918531859662700e+00
6.800000000000000000e+01 1.715835246743709831e+03 2.907699383527486137e-01 1.816163399304419803e-03 -4.609835303313210453e+00
6.900000000000000000e+01 1.738112778004428492e+03 3.029643720612169022e-01 1.861367181207424122e-03 -5.013981515045893289e+00
7.000000000000000000e+01 1.760515099599647101e+03 3.153765588734523395e-01 1.906921791003180714e-03 -5.428766547019035826e+00
7.100000000000000000e+01 1.783020351840503736e+03 3.280015830214709216e-01 1.952824099797230515e-03 -5.853922281472257794e+00
7.200000000000000000e+01 1.805741631744676397e+03 3.408353429975414239e-01 1.999074941547047349e-03 -6.290299780767469429e+00
7.300000000000000000e+01 1.828792346805875923e+03 3.538726413778421342e-01 2.045676250925519690e-03 -6.738812620547580678e+00
7.400000000000000000e+01 1.852181906158370111e+03 3.671023387440423558e-01 2.092630108437602051e-03 -7.199304691765056496e+00
7.500000000000000000e+01 1.875912289200381110e+03 3.805125535991967789e-01 2.139938736623138871e-03 -7.671285608982402415e+00
7.600000000000000000e+01 1.899939313987825244e+03 3.940894121474173839e-01 2.187604166698425140e-03 -8.154191170886516460e+00
7.700000000000000000e+01 1.924138154117095382e+03 4.078229543537081336e-01 2.235627239201636376e-03 -8.646627070082020694e+00
7.800000000000000000e+01 1.948493817385603279e+03 4.217019708619299534e-01 2.284008593307720360e-03 -9.148217154015123143e+00
7.900000000000000000e+01 1.973050737381454610e+03 4.357159961907780543e-01 2.332748992128090993e-03 -9.658882409974355099e+00
8.000000000000000000e+01 1.997831061743623422e+03 4.498545659698549026e-01 2.381849316916286301e-03 -1.017869239969068218e+01
8.100000000000000000e+01 2.022859100717613728e+03 4.641070408288541227e-01 2.431310874018497662e-03 -1.070748137170107839e+01
8.200000000000000000e+01 2.048145532386703962e+03 4.784635635949032739e-01 2.481136325875303410e-03 -1.124488513127290545e+01
8.300000000000000000e+01 2.073666055940256683e+03 4.929126165661504300e-01 2.531328746520986311e-03 -1.179067559119273589e+01
8.400000000000000000e+01 2.099418655219436914e+03 5.074434262680875829e-01 2.581891301538960688e-03 -1.234432754407877830e+01
8.500000000000000000e+01 2.125393885447583671e+03 5.220444778525173968e-01 2.632827240793001768e-03 -1.290568721550720888e+01
8.600000000000000000e+01 2.151586947748047805e+03 5.367064036292498175e-01 2.684140080164093469e-03 -1.347419038057995877e+01
8.700000000000000000e+01 2.177967057281246525e+03 5.514165346578493443e-01 2.735834161983934868e-03 -1.404933948351277451e+01
8.800000000000000000e+01 2.204515503717995671e+03 5.661628636182232110e-01 2.787914080817935954e-03 -1.463059793879615533e+01
8.900000000000000000e+01 2.231243290380622511e+03 5.809333849145893458e-01 2.840384489595709945e-03 -1.521750346634510365e+01
9.000000000000000000e+01 2.258153992613956234e+03 5.957116377282190012e-01 2.893250093135507541e-03 -1.580974237664469051e+01
9.100000000000000000e+01 2.285258077525217232e+03 6.104850371753826055e-01 2.946516156681826520e-03 -1.640678598770175611e+01
9.200000000000000000e+01 2.312556436161231886e+03 6.252394114239784306e-01 3.000190041070216040e-03 -1.700843410965722668e+01
9.300000000000000000e+01 2.340064279897387223e+03 6.399607505172172361e-01 3.054279658165616213e-03 -1.761419728002699259e+01
9.400000000000000000e+01 2.367774535861210097e+03 6.546372750207923863e-01 3.108792953427949850e-03 -1.822388320061565636e+01
9.500000000000000000e+01 2.395702417122479801e+03 6.692542362298232739e-01 3.163737902886593414e-03 -1.883700247121558746e+01
9.600000000000000000e+01 2.423840852671348784e+03 6.837983732285214389e-01 3.219122510971322588e-03 -1.945314000885602468e+01
9.700000000000000000e+01 2.452190200889418065e+03 6.982556844329771417e-01 3.274954808145110786e-03 -2.007188076605476468e+01
9.800000000000000000e+01 2.480758249609805716e+03 7.126114276346611209e-01 3.331242850931561642e-03 -2.069280973258974754e+01
9.900000000000000000e+01 2.509523074415589235e+03 7.268523485477994539e-01 3.387994721060693434e-03 -2.131543765378485844e+01
1.000000000000000000e+02 2.538499893831122336e+03 7.409674236828840410e-01 3.445218526224898617e-03 -2.193927531581652346e+01
1.010000000000000000e+02 2.567681642548317086e+03 7.549426605373338317e-01 3.502922401147617621e-03 -2.256383354753213055e+01
1.020000000000000000e+02 2.597068684845095959e+03 7.687566406173780287e-01 3.561114509986356303e-03 -2.318884607278852883e+01
1.030000000000000000e+02 2.626646529541317705e+03 7.824102328684545693e-01 3.619803048759172911e-03 -2.381352667726837424e+01
1.040000000000000000e+02 2.656415543395854002e+03 7.958745952491719233e-01 3.678996248703660446e-03 -2.443753489586172378e+01
1.050000000000000000e+02 2.686368666041571487e+03 8.091431732051798109e-01 3.738702380319724496e-03 -2.506030746299733991e+01
1.060000000000000000e+02 2.716498838311353211e+03 8.222019862869632822e-01 3.798929757680441326e-03 -2.568120688150280628e+01
1.070000000000000000e+02 2.746799002204375029e+03 8.350444848650157015e-01 3.859686743643895353e-03 -2.629981855846712691e+01
1.080000000000000000e+02 2.777254672493191720e+03 8.476492650903183490e-01 3.920981755130035357e-03 -2.691557938957421214e+01
1.090000000000000000e+02 2.807873650073798672e+03 8.600097823024703825e-01 3.982823268951729730e-03 -2.752785204444006695e+01
1.100000000000000000e+02 2.838641451805637644e+03 8.721046376321353044e-01 4.045219827620616208e-03 -2.813622210244161437e+01
1.110000000000000000e+02 2.869550920836129080e+03 8.839272302791112423e-01 4.108180274900030161e-03 -2.874019853005185965e+01
1.120000000000000000e+02 2.900601917495871021e+03 8.954707174415793558e-01 4.171714449131808111e-03 -2.933905794424888214e+01
1.130000000000000000e+02 2.931786771555795440e+03 9.067133409720761206e-01 4.235832502144916932e-03 -2.993244605363180000e+01
1.140000000000000000e+02 2.963097813508655236e+03 9.176407735360796458e-01 4.300544676928013538e-03 -3.051971149905160985e+01
1.150000000000000000e+02 2.994527374486098324e+03 9.282535469450884369e-01 4.365861313016477716e-03 -3.110035155628322201e+01
1.160000000000000000e+02 3.026075214524121748e+03 9.385373387329074557e-01 4.431792852735969013e-03 -3.167386357062735058e+01
1.170000000000000000e+02 3.057733665776968792e+03 9.484704004795763144e-01 4.498349846208069339e-03 -3.223967067495895122e+01
1.180000000000000000e+02 3.089487632431808379e+03 9.580532711812113078e-01 4.565542956203015763e-03 -3.279719607471821519e+01
1.190000000000000000e+02 3.121336875675543979e+03 9.672716354627297619e-01 4.633382962729230663e-03 -3.334601161633564459e+01
1.200000000000000000e+02 3.153273728562558063e+03 9.761186085888623465e-01 4.701880766076830739e-03 -3.388554065456765585e+01
1.210000000000000000e+02 3.185290524286957861e+03 9.845798797184296403e-01 4.771047389960232990e-03 -3.441520662076659676e+01
1.220000000000000000e+02 3.217372167758842807e+03 9.926485685552032256e-01 4.840893983582654318e-03 -3.493458159106454275e+01
1.230000000000000000e+02 3.249518420587084165e+03 1.000317796943723359e+00 4.911431822390995537e-03 -3.544308915345029476e+01
1.240000000000000000e+02 3.281721615967037451e+03 1.007573260459975417e+00 4.982672308290188139e-03 -3.594015297576392953e+01
1.250000000000000000e+02 3.313966658626326534e+03 1.014415513398330360e+00 5.054626968822826215e-03 -3.642534537358922364e+01
1.260000000000000000e+02 3.346253309829492082e+03 1.020830255302315859e+00 5.127307454941399875e-03 -3.689816446052645205e+01
1.270000000000000000e+02 3.378566473939752086e+03 1.026818044292658216e+00 5.200725537628253341e-03 -3.735803414886124330e+01
1.280000000000000000e+02 3.410898483442009365e+03 1.032364583588015527e+00 5.274893103912054425e-03 -3.780452700062551941e+01
1.290000000000000000e+02 3.443249098925174167e+03 1.037470434823952070e+00 5.349822150708024790e-03 -3.823714137752447328e+01
1.300000000000000000e+02 3.475603224024270276e+03 1.042121304564315176e+00 5.425524778315969111e-03 -3.865530144124890199e+01
1.310000000000000000e+02 3.507945994689047893e+03 1.046317761699145032e+00 5.502012898149732240e-03 -3.905858398367131201e+01
1.320000000000000000e+02 3.540285761942733188e+03 1.050060392914605956e+00 5.579297370420868880e-03 -3.944650751490200946e+01
1.330000000000000000e+02 3.572601395763409528e+03 1.053334933624082259e+00 5.657388846681529748e-03 -3.981866889172355428e+01
1.340000000000000000e+02 3.604894051008987844e+03 1.056156833874991818e+00 5.736298042231865492e-03 -4.017451648738489922e+01
1.350000000000000000e+02 3.637150025714842286e+03 1.058504403086610646e+00 5.816035722747569039e-03 -4.051379589228901779e+01
1.360000000000000000e+02 3.669370474554837074e+03 1.060385665086704510e+00 5.896612690979395090e-03 -4.083588136201262131e+01
1.370000000000000000e+02 3.701541695511209127e+03 1.061793787891147867e+00 5.978039771210086339e-03 -4.114037008473873414e+01
1.380000000000000000e+02 3.733657415006663996e+03 1.062736796980806142e+00 6.060327793573896601e-03 -4.142693361353570225e+01
1.390000000000000000e+02 3.765703931295220173e+03 1.063207861772664575e+00 6.143487576891766555e-03 -4.169516929850883713e+01
1.400000000000000000e+02 3.797689827963943571e+03 1.063207580538104269e+00 6.227529911033213156e-03 -4.194467456933458038e+01
1.410000000000000000e+02 3.829593975590652462e+03 1.062751408616771087e+00 6.312465538281642093e-03 -4.217512121767199318e+01
1.420000000000000000e+02 3.861410101962831959e+03 1.061825088174466192e+00 6.398305134207716953e-03 -4.238603254544467802e+01
1.430000000000000000e+02 3.893139363851881626e+03 1.060436646510013681e+00 6.485059288298813257e-03 -4.257715478102633000e+01
1.440000000000000000e+02 3.924760633742812388e+03 1.058594110856627246e+00 6.572738483277704158e-03 -4.274808566028902845e+01
1.450000000000000000e+02 3.956275070071599657e+03 1.056290651528426716e+00 6.661353075439527087e-03 -4.289834870855816717e+01
1.460000000000000000e+02 3.987654118913446382e+03 1.053541723516409068e+00 6.750913273422493727e-03 -4.302776465647365711e+01
1.470000000000000000e+02 4.018891512577562025e+03 1.050355352927618835e+00 6.841429117924572451e-03 -4.313578288671723016e+01
1.480000000000000000e+02 4.049973556351113984e+03 1.046732136822285497e+00 6.932910461082083566e-03 -4.322214998369078387e+01
1.490000000000000000e+02 4.080886556995134924e+03 1.042680099748406475e+00 7.025366945801505593e-03 -4.328646403056864500e+01
1.500000000000000000e+02 4.111616822889756804e+03 1.038207265221848807e+00 7.118807985968362076e-03 -4.332832317428655955e+01
1.510000000000000000e+02 4.142143053251359561e+03 1.033321494283566455e+00 7.213242250273986349e-03 -4.334746905600393774e+01
1.520000000000000000e+02 4.172472932296046565e+03 1.028030001511771152e+00 7.308676154880795750e-03 -4.334362283858560261e+01
1.530000000000000000e+02 4.202591678653163399e+03 1.022347267007198690e+00 7.405115332879823840e-03 -4.331650060771721655e+01
1.540000000000000000e+02 4.232499369824306996e+03 1.016287769132450558e+00 7.502565113515007392e-03 -4.326596707106646278e+01
1.550000000000000000e+02 4.262188657257878731e+03 1.009851127628716094e+00 7.601030505339222663e-03 -4.319166413842245333e+01
1.560000000000000000e+02 4.291667051517793880e+03 1.003059245182225112e+00 7.700516180168567697e-03 -4.309345662031269342e+01
1.570000000000000000e+02 4.320912352291567004e+03 9.959117371353922721e-01 7.801026458642365373e-03 -4.297106080804816486e+01
1.580000000000000000e+02 4.349932075292575973e+03 9.884379297496939110e-01 7.902565296615449500e-03 -4.282426732174883455e+01
1.590000000000000000e+02 4.378711453898363288e+03 9.806374332131811977e-01 8.005136272740139003e-03 -4.265286682432470400e+01
1.600000000000000000e+02 4.407243152630687291e+03 9.725321398999954292e-01 8.108742577628154022e-03 -4.245672430243184436e+01
1.610000000000000000e+02 4.435504982172073142e+03 9.641365107759413133e-01 8.213387004287376822e-03 -4.223555621339270516e+01
1.620000000000000000e+02 4.463489612821799710e+03 9.554650035543417186e-01 8.319071939856976031e-03 -4.198930190011468255e+01
1.630000000000000000e+02 4.491189717837481112e+03 9.465469292013655167e-01 8.425799358681946433e-03 -4.171760360396052647e+01
1.640000000000000000e+02 4.518583116763393264e+03 9.373818816382336605e-01 8.533570817304022074e-03 -4.142047501364375961e+01
1.650000000000000000e+02 4.545669917196931237e+03 9.279917359965133006e-01 8.642387450629875068e-03 -4.109763271106692173e+01
1.660000000000000000e+02 4.572435373038797479e+03 9.183983633708131533e-01 8.752249969423963119e-03 -4.074901615319008386e+01
1.670000000000000000e+02 4.598872169531305190e+03 9.086236306216211034e-01 8.863158659840912265e-03 -4.037449053536390409e+01
1.680000000000000000e+02 4.624972994881855811e+03 8.986894001790788344e-01 8.975113383645930837e-03 -3.997414392267647543e+01
1.690000000000000000e+02 4.650730540222963100e+03 8.886175298465341932e-01 9.088113580466751149e-03 -3.954784154626990045e+01
1.700000000000000000e+02 4.676137499558864874e+03 8.784224442546263445e-01 9.202158271250674912e-03 -3.909552293467723416e+01
1.710000000000000000e+02 4.701179141348819940e+03 8.681334197173536937e-01 9.317246062894704584e-03 -3.861712762764263829e+01
1.720000000000000000e+02 4.725863021829086392e+03 8.577722989875614656e-01 9.433375154268622970e-03 -3.811266945694197261e+01
1.730000000000000000e+02 4.750166986470167103e+03 8.473609194149657187e-01 9.550543343164951196e-03 -3.758208797669070123e+01
1.740000000000000000e+02 4.774083739976006655e+03 8.369211127549213147e-01 9.668748034868720337e-03 -3.702539702765579932e+01
1.750000000000000000e+02 4.797613417820920404e+03 8.264895616799933231e-01 9.787986251162490367e-03 -3.644275901805768569e+01
1.760000000000000000e+02 4.820741429192566102e+03 8.160805309424965515e-01 9.908254076532835644e-03 -3.583411287715960469e+01
1.770000000000000000e+02 4.843461126260127457e+03 8.057300565947539406e-01 1.002954497649186094e-02 -3.519946930799122242e+01
1.780000000000000000e+02 4.865758562986336983e+03 7.954591847517149539e-01 1.015185150164729655e-02 -3.453891266318092335e+01
1.790000000000000000e+02 4.887634651916571784e+03 7.852889550103653304e-01 1.027516586404571622e-02 -3.385245300139013125e+01
1.800000000000000000e+02 4.909082878977149448e+03 7.752552569736158583e-01 1.039947994942491336e-02 -3.314024893505362002e+01
1.810000000000000000e+02 4.930089303320090039e+03 7.653865450255806779e-01 1.052478533027490469e-02 -3.240245906058643044e+01
1.820000000000000000e+02 4.950654842215536519e+03 7.557112665113089323e-01 1.065107327900336430e-02 -3.163916767206963598e+01
1.830000000000000000e+02 4.970772985840805632e+03 7.462504332199776380e-01 1.077833478080471481e-02 -3.085053332541721360e+01
1.840000000000000000e+02 4.990429797119577415e+03 7.370399062724507511e-01 1.090656054693346817e-02 -3.003678883550857037e+01
1.850000000000000000e+02 5.009626196612454805e+03 7.281155392620299871e-01 1.103574102741339616e-02 -2.919786985577650640e+01
1.860000000000000000e+02 5.028348248957613578e+03 7.194983213993141336e-01 1.116586642363119088e-02 -2.833415771029781993e+01
1.870000000000000000e+02 5.046596876116516796e+03 7.112174052478168473e-01 1.129692670054671319e-02 -2.744573655579658222e+01
1.880000000000000000e+02 5.064365572172107022e+03 7.033115922487844784e-01 1.142891159820299402e-02 -2.653291336315017546e+01
1.890000000000000000e+02 5.081640403183110720e+03 6.958107617049982263e-01 1.156181064292046562e-02 -2.559584649682356172e+01
1.900000000000000000e+02 5.098422292095529883e+03 6.887477560063556270e-01 1.169561315721235305e-02 -2.463484284578217398e+01
1.910000000000000000e+02 5.114704733560093700e+03 6.821531806548020160e-01 1.183030826938372831e-02 -2.365020925334473390e+01
1.920000000000000000e+02 5.130473793808840128e+03 6.760606039854469840e-01 1.196588492205102362e-02 -2.264202966348695867e+01
1.930000000000000000e+02 5.145722967241482365e+03 6.705021000383027951e-01 1.210233187961707105e-02 -2.161061081862074928e+01
1.940000000000000000e+02 5.160460604671528927e+03 6.655119626211033479e-01 1.223963773500718472e-02 -2.055640797280816301e+01
1.950000000000000000e+02 5.174672771481633390e+03 6.611244766987710575e-01 1.237779091478743293e-02 -1.947965347091792410e+01
1.960000000000000000e+02 5.188360389292722175e+03 6.573739182938834746e-01 1.251677968377010348e-02 -1.838080244626258875e+01
1.970000000000000000e+02 5.201524379193136156e+03 6.542960400643320629e-01 1.265659214807494937e-02 -1.726016139966232998e+01
1.980000000000000000e+02 5.214165661680372068e+03 6.519250998775354411e-01 1.279721625727900033e-02 -1.611811104648446502e+01
1.990000000000000000e+02 5.226262871564466877e+03 6.502953464022181995e-01 1.293863980515217414e-02 -1.495495774612840378e+01
2.000000000000000000e+02 5.237831784736585178e+03 6.494410190372114089e-01 1.308085042953679132e-02 -1.377123063248615331e+01
2.010000000000000000e+02 5.248858331273163458e+03 6.493984461350451598e-01 1.322383560419653284e-02 -1.256715566662739469e+01
2.020000000000000000e+02 5.259335342010455861e+03 6.502011972894011782e-01 1.336758260874307269e-02 -1.134330630706893928e+01
2.030000000000000000e+02 5.269240658665660703e+03 6.518841881068803135e-01 1.351207855497076581e-02 -1.009987854873800472e+01
2.040000000000000000e+02 5.278581835676654009e+03 6.544815818836193788e-01 1.365731038579702690e-02 -8.837365430036349778e+00
2.050000000000000000e+02 5.287329285076622909e+03 6.580282752429418291e-01 1.380326487095925696e-02 -7.556185611639691047e+00
2.060000000000000000e+02 5.295490560034276314e+03 6.625576696074925165e-01 1.394992860078935089e-02 -6.256683372797252396e+00
2.070000000000000000e+02 5.303050928099705743e+03 6.681053853603212689e-01 1.409728797918917420e-02 -4.939210319478021027e+00
2.080000000000000000e+02 5.310003084662656875e+03 6.747055476644877592e-01 1.424532921605946301e-02 -3.604340802822032064e+00
2.090000000000000000e+02 5.316376866419335784e+03 6.823915293019046091e-01 1.439403831913808884e-02 -2.252582209782335365e+00
2.100000000000000000e+02 5.322157539593085858e+03 6.911989220264422862e-01 1.454340108542677944e-02 -8.844640996448296377e-01
2.110000000000000000e+02 5.327352655166664590e+03 7.011625652463198133e-01 1.469340309218361909e-02 4.994929987031114238e-01
2.120000000000000000e+02 5.331977192267308965e+03 7.123150603858038332e-01 1.484402968798345830e-02 1.898755305351317313e+00
2.130000000000000000e+02 5.336031273205945581e+03 7.246919707720689274e-01 1.499526598344328408e-02 3.312798078007830771e+00
2.140000000000000000e+02 5.339522448621114563e+03 7.383281075114537240e-01 1.514709684212366299e-02 4.741090758841060016e+00
2.150000000000000000e+02 5.342450840873680136e+03 7.532508440355497603e-01 1.529950687162902161e-02 6.183074692915510262e+00
2.160000000000000000e+02 5.344801715792529649e+03 7.695031440581894255e-01 1.545248041520262162e-02 7.638183930994117077e+00
2.170000000000000000e+02 5.346575196171079369e+03 7.871123625862100903e-01 1.560600154335911940e-02 9.105830376185860331e+00
2.180000000000000000e+02 5.347771405160530776e+03 8.061058455465931472e-01 1.576005404659665265e-02 1.058553749751621709e+01
2.190000000000000000e+02 5.348383038010415476e+03 8.265257865892844391e-01 1.591462142850758738e-02 1.207665062744263551e+01
2.200000000000000000e+02 5.348402790505437224e+03 8.483995137989684965e-01 1.606968689975262973e-02 1.357867866904208753e+01
2.210000000000000000e+02 5.347838215747182403e+03 8.717543465187010954e-01 1.622523337319648276e-02 1.509090782476674697e+01
2.220000000000000000e+02 5.346674582477549848e+03 8.966324521844686313e-01 1.638124345981485305e-02 1.661292158381474238e+01
2.230000000000000000e+02 5.344919445247289332e+03 9.230537047185227717e-01 1.653769946594081663e-02 1.814393217333786623e+01
2.240000000000000000e+02 5.342580359423627669e+03 9.510528264358321104e-01 1.669458339190448351e-02 1.968344911256379604e+01
2.250000000000000000e+02 5.339657452888781336e+03 9.806496748093918026e-01 1.685187693170193610e-02 2.123068494723846555e+01
2.260000000000000000e+02 5.336143426078196171e+03 1.011886384398457794e+00 1.700956147422776413e-02 2.278514951996444182e+01
2.270000000000000000e+02 5.332045837058251891e+03 1.044790225285039398e+00 1.716761810607250749e-02 2.434612998785181759e+01
2.280000000000000000e+02 5.327364816490475278e+03 1.079381031622907550e+00 1.732602761568291516e-02 2.591298795854102366e+01
2.290000000000000000e+02 5.322107924334434756e+03 1.115693486897762599e+00 1.748477049927708860e-02 2.748508520855261494e+01
2.300000000000000000e+02 5.316267864786300379e+03 1.153754839096843732e+00 1.764382696824180405e-02 2.906178368497449682e+01
2.310000000000000000e+02 5.309852199655759250e+03 1.193577472589787636e+00 1.780317695818283905e-02 3.064237122347777742e+01
2.320000000000000000e+02 5.302868491627729782e+03 1.235196050121823763e+00 1.796280013950603965e-02 3.222621011666806368e+01
2.330000000000000000e+02 5.295309447510289829e+03 1.278637799665231611e+00 1.812267592977739525e-02 3.381258854825200189e+01
2.340000000000000000e+02 5.287175203220023832e+03 1.323922514682534191e+00 1.828278350754720949e-02 3.540079487753466481e+01
2.350000000000000000e+02 5.278480752053194010e+03 1.371077411100821708e+00 1.844310182761690550e-02 3.699026620724128378e+01
2.360000000000000000e+02 5.269211374491679635e+03 1.420129699245569643e+00 1.860360963799361986e-02 3.858021696664303590e+01
2.370000000000000000e+02 5.259389493249581392e+03 1.471084299084258085e+00 1.876428549829238165e-02 4.016993604602626533e+01
2.380000000000000000e+02 5.249007818002678505e+03 1.523968410632722703e+00 1.892510779921148176e-02 4.175878679697370899e+01
2.390000000000000000e+02 5.238073915359610510e+03 1.578794372518524947e+00 1.908605478356688659e-02 4.334605846546363495e+01
2.400000000000000000e+02 5.226587923669459997e+03 1.635596804056894893e+00 1.924710456832646327e-02 4.493089190829622481e+01
2.410000000000000000e+02 5.214549981219793153e+03 1.694388035483572752e+00 1.940823516780632030e-02 4.651279957736708326e+01
2.420000000000000000e+02 5.201975082775308692e+03 1.755180393349554890e+00 1.956942451771711416e-02 4.809092268422823224e+01
2.430000000000000000e+02 5.188863366006328761e+03 1.817993629224530894e+00 1.973065050020961567e-02 4.966455118402483748e+01
2.440000000000000000e+02 5.175214968011205201e+03 1.882840063358937055e+00 1.989189096941326729e-02 5.123312377475185997e+01
2.450000000000000000e+02 5.161044881832273859e+03 1.949739441755917957e+00 2.005312377755636560e-02 5.279585647883948241e+01
2.460000000000000000e+02 5.146360671215334150e+03 2.018689223150270440e+00 2.021432680173438842e-02 5.435211405960976805e+01
2.470000000000000000e+02 5.131155042065614907e+03 2.089716577848886647e+00 2.037547797065905955e-02 5.590118716956444445e+01
2.480000000000000000e+02 5.115450412352823150e+03 2.162833818026038468e+00 2.053655529164967117e-02 5.744229234903669123e+01
2.490000000000000000e+02 5.099239485111325848e+03 2.238038398128061601e+00 2.069753687763738886e-02 5.897486915871473201e+01
2.500000000000000000e+02 5.082537246694072564e+03 2.315357485387245173e+00 2.085840097394439999e-02 6.049813447700839220e+01
2.510000000000000000e+02 5.065336315184908926e+03 2.394773966978580138e+00 2.101912642071455950e-02 6.201123351508154258e+01
2.520000000000000000e+02 5.047643838086964024e+03 2.476309033017621619e+00 2.117969398697114661e-02 6.351354429831472714e+01
2.530000000000000000e+02 5.029459450951216240e+03 2.559961879473838131e+00 2.134008508790337724e-02 6.500429889749445067e+01
2.540000000000000000e+02 5.010797643532515394e+03 2.645746560122403945e+00 2.150028137355948846e-02 6.648265526045446450e+01
2.550000000000000000e+02 4.991643189510289631e+03 2.733654845239245290e+00 2.166026475247233990e-02 6.794799434389443604e+01
2.560000000000000000e+02 4.972010573120565823e+03 2.823700792154453243e+00 2.182001741446388393e-02 6.939954869357909217e+01
2.570000000000000000e+02 4.951906847243759330e+03 2.915883603958462800e+00 2.197952185226059729e-02 7.083677385947110849e+01
2.580000000000000000e+02 4.931346489954298704e+03 3.010195058315010108e+00 2.213876088170764131e-02 7.225867984174307423e+01
2.590000000000000000e+02 4.910336547680360127e+03 3.106649221329204291e+00 2.229771766105554179e-02 7.366576245929586264e+01
2.600000000000000000e+02 4.888898920126884150e+03 3.205237877917981759e+00 2.245637570834302030e-02 7.505584347099586751e+01
2.610000000000000000e+02 4.867033218409465917e+03 3.305960245686695664e+00 2.261471891770120909e-02 7.642971611917081987e+01
2.620000000000000000e+02 4.844761335054588017e+03 3.408815547058398732e+00 2.277273157383669436e-02 7.778594528167286626e+01
2.630000000000000000e+02 4.822090302161323962e+03 3.513803009756599316e+00 2.293039836500311568e-02 7.912458164417753892e+01
2.640000000000000000e+02 4.799027148029498676e+03 3.620914438940700197e+00 2.308770439433012814e-02 8.044419035719724320e+01
2.650000000000000000e+02 4.775571468752234068e+03 3.730134217694242693e+00 2.324463518950719426e-02 8.174556520826172346e+01
2.660000000000000000e+02 4.751730284874587596e+03 3.841454164215846845e+00 2.340117671079487358e-02 8.302652877374288209e+01
2.670000000000000000e+02 4.727518041367237856e+03 3.954858675611098828e+00 2.355731535722774619e-02 8.428638942595073047e+01
2.680000000000000000e+02 4.702934322564918148e+03 4.070339585086697021e+00 2.371303797136524796e-02 8.552594133002686760e+01
2.690000000000000000e+02 4.677978708871553863e+03 4.187888734095173149e+00 2.386833184215422787e-02 8.674300743063641050e+01
2.700000000000000000e+02 4.652658205130304850e+03 4.307483116129553480e+00 2.402318470672592382e-02 8.793838212895836648e+01
2.710000000000000000e+02 4.626994669008464371e+03 4.429114590620701009e+00 2.417758474982352121e-02 8.910988859922463234e+01
2.720000000000000000e+02 4.600980240944950310e+03 4.552767598381878500e+00 2.433152060274357958e-02 9.025832146560709646e+01
2.730000000000000000e+02 4.574644199365310669e+03 4.678404305404167296e+00 2.448498133990128015e-02 9.138224695367625827e+01
2.740000000000000000e+02 4.547978677255059665e+03 4.806024030152712179e+00 2.463795647498863081e-02 9.248245989713042547e+01
2.750000000000000000e+02 4.520998089049751798e+03 4.935596388908153109e+00 2.479043595539281303e-02 9.355678388914330412e+01
2.760000000000000000e+02 4.493724274033944312e+03 5.067105866360052779e+00 2.494241015576420528e-02 9.460601395902773447e+01
2.770000000000000000e+02 4.466156783050021659e+03 5.200529531046332643e+00 2.509386987052815085e-02 9.562871672346298624e+01
2.780000000000000000e+02 4.438302592018333598e+03 5.335844464191636050e+00 2.524480630540102202e-02 9.662420172293269616e+01
2.790000000000000000e+02 4.410176102064498082e+03 5.473012903491831338e+00 2.539521106876829401e-02 9.759326425302026564e+01
2.800000000000000000e+02 4.381791711303433658e+03 5.612004528647594803e+00 2.554507616171220255e-02 9.853447118548312744e+01
2.810000000000000000e+02 4.353148958278861755e+03 5.752803890193668224e+00 2.569439396819815299e-02 9.944787513950275581e+01
2.820000000000000000e+02 4.324262235508747835e+03 5.895365839872994229e+00 2.584315724471906300e-02 1.003327859726561542e+02
2.830000000000000000e+02 4.295145932932367941e+03 6.039667529560152737e+00 2.599135910978861430e-02 1.011885136119054920e+02
2.840000000000000000e+02 4.265799581359157855e+03 6.185678698327789604e+00 2.613899303340867439e-02 1.020143680494768716e+02
2.850000000000000000e+02 4.236237566019539372e+03 6.333361672909186169e+00 2.628605282687297359e-02 1.028104021736745324e+02
2.860000000000000000e+02 4.206466841663101150e+03 6.482686224856706758e+00 2.643253263252849303e-02 1.035766689295517011e+02
2.870000000000000000e+02 4.176509217756120961e+03 6.633599857593282856e+00 2.657842691408349514e-02 1.043124784794847386e+02
2.880000000000000000e+02 4.146364216873626901e+03 6.786079805310937019e+00 2.672373044754050922e-02 1.050163981986719506e+02
2.890000000000000000e+02 4.116038788239004134e+03 6.940081034959921347e+00 2.686843831267330882e-02 1.056899668456543537e+02
2.900000000000000000e+02 4.085554736206985126e+03 7.095565960084404544e+00 2.701254588521121922e-02 1.063310090423798897e+02
2.910000000000000000e+02 4.054919006988386627e+03 7.252511869600575700e+00 2.715604883006922377e-02 1.069403207846091419e+02
2.920000000000000000e+02 4.024131117118048678e+03 7.410784646263514297e+00 2.729894309531880059e-02 1.075172124268353429e+02
2.930000000000000000e+02 3.993205438614257218e+03 7.570458186141520329e+00 2.744122490744880030e-02 1.080617371823165342e+02
2.940000000000000000e+02 3.962156342377023066e+03 7.731457838210174849e+00 2.758289076764833259e-02 1.085724626128441344e+02
2.950000000000000000e+02 3.930983341575697523e+03 7.893634688252940457e+00 2.772393744923783154e-02 1.090501847985967743e+02
2.960000000000000000e+02 3.899700805126731211e+03 8.057062693260821362e+00 2.786436199648357689e-02 1.094942141576292443e+02
2.970000000000000000e+02 3.868308244357531748e+03 8.221592980798629213e+00 2.800416172440354026e-02 1.099031182753969205e+02
2.980000000000000000e+02 3.836827454810216750e+03 8.387225266889201336e+00 2.814333422040786459e-02 1.102776932392414295e+02
2.990000000000000000e+02 3.805265374530170448e+03 8.553885005868899327e+00 2.828187734661048724e-02 1.106179922925638976e+02
3.000000000000000000e+02 3.773628940793470065e+03 8.721497674242685960e+00 2.841978924414518062e-02 1.109233258289883111e+02
3.010000000000000000e+02 3.741932476367066556e+03 8.890137938779043125e+00 2.855706829670409674e-02 1.111937412754366932e+02
3.020000000000000000e+02 3.710190134847522131e+03 9.059585758065010097e+00 2.869371301553275480e-02 1.114292629079652244e+02
3.030000000000000000e+02 3.678408598611026719e+03 9.229918848610504156e+00 2.882972216827963535e-02 1.116299091887051986e+02
3.040000000000000000e+02 3.646601977593699758e+03 9.401066383395898285e+00 2.896509483028225640e-02 1.117956985406482175e+02
3.050000000000000000e+02 3.614784380905039598e+03 9.572957559175938158e+00 2.909983039440907499e-02 1.119259065062851590e+02
3.060000000000000000e+02 3.582955060079584200e+03 9.745595880269128486e+00 2.923392858196238731e-02 1.120205514112351750e+02
3.070000000000000000e+02 3.551135550769425663e+03 9.918836308324305406e+00 2.936738945493207534e-02 1.120796515227205958e+02
3.080000000000000000e+02 3.519332530924064940e+03 1.009268239659221145e+01 2.950021342878950473e-02 1.121032250429948220e+02
3.090000000000000000e+02 3.487552677412703815e+03 1.026706343966630008e+01 2.963240128610217933e-02 1.120912901027052442e+02
3.100000000000000000e+02 3.455795237587398333e+03 1.044183447371739959e+01 2.976395419075493834e-02 1.120438647541992623e+02
3.110000000000000000e+02 3.424089170940372696e+03 1.061707341072448152e+01 2.989487370252539786e-02 1.119594812947308924e+02
3.120000000000000000e+02 3.392426293851553964e+03 1.079263533766568806e+01 3.002516179231445176e-02 1.118396432698277323e+02
3.130000000000000000e+02 3.360828134635519291e+03 1.096852393422225092e+01 3.015482085729017867e-02 1.116836256213007630e+02
3.140000000000000000e+02 3.329301363330795539e+03 1.114459433894456097e+01 3.028385373615835596e-02 1.114914460205076097e+02
3.150000000000000000e+02 3.297845219938290938e+03 1.132077599991992578e+01 3.041226372444429810e-02 1.112631220264779586e+02
3.160000000000000000e+02 3.266481227709147333e+03 1.149714695841918299e+01 3.054005458948719914e-02 1.109986710790606566e+02
3.170000000000000000e+02 3.235216051280315696e+03 1.167348814800931578e+01 3.066723058500578358e-02 1.106988533271036772e+02
3.180000000000000000e+02 3.204063781613452647e+03 1.184980337918142368e+01 3.079379646521190894e-02 1.103629431165500705e+02
3.190000000000000000e+02 3.173023650834942600e+03 1.202602220543380618e+01 3.091975749821539166e-02 1.099909574887114729e+02
3.200000000000000000e+02 3.142102317181371745e+03 1.220214849035215110e+01 3.104511947861249982e-02 1.095836561735035417e+02
3.210000000000000000e+02 3.111328721599979417e+03 1.237803755715894027e+01 3.116988873908911606e-02 1.091410559126781692e+02
3.220000000000000000e+02 3.080687232502841198e+03 1.255361903925905587e+01 3.129407216104119344e-02 1.086624304531630401e+02
3.230000000000000000e+02 3.050206785883993689e+03 1.272882259675643191e+01 3.141767718376058810e-02 1.081485390455423783e+02
3.240000000000000000e+02 3.019879173389635525e+03 1.290357791645328156e+01 3.154071181272224966e-02 1.076001407674890515e+02
3.250000000000000000e+02 2.989725897403246563e+03 1.307788899533249527e+01 3.166318462580103299e-02 1.070165088472820969e+02
3.260000000000000000e+02 2.959746172537608345e+03 1.325168557351149978e+01 3.178510477868147499e-02 1.063984019975685555e+02
3.270000000000000000e+02 2.929954067341658629e+03 1.342482313418114082e+01 3.190648200793751860e-02 1.057450930690284281e+02
3.280000000000000000e+02 2.900356219217986563e+03 1.359723147052785919e+01 3.202732663306558092e-02 1.050573403843508800e+02
3.290000000000000000e+02 2.870959262754699012e+03 1.376891468562994092e+01 3.214764955630764615e-02 1.043366448972044935e+02
3.300000000000000000e+02 2.841777258071254437e+03 1.393972834182436138e+01 3.226746226083137409e-02 1.035815360112341779e+02
3.310000000000000000e+02 2.812809405777769825e+03 1.410967659456901657e+01 3.238677680717684526e-02 1.027927714194914444e+02
3.320000000000000000e+02 2.784069760400933774e+03 1.427868934176532534e+01 3.250560582762226924e-02 1.019703657587296561e+02
3.330000000000000000e+02 2.755557517023018590e+03 1.444662222356561543e+01 3.262396251885953113e-02 1.011158191090199665e+02
3.340000000000000000e+02 2.727286724738138673e+03 1.461347947266519931e+01 3.274186063273687441e-02 1.002284028133184819e+02
3.350000000000000000e+02 2.699271430022252844e+03 1.477911678005390073e+01 3.285931446518043642e-02 9.930887364743951196e+01
3.360000000000000000e+02 2.671510820118298852e+03 1.494353842876435223e+01 3.297633884331405141e-02 9.835724530998903958e+01
3.370000000000000000e+02 2.644011508187463278e+03 1.510667444307937046e+01 3.309294911078759088e-02 9.737501692261241715e+01
3.380000000000000000e+02 2.616780105073972663e+03 1.526845487172577442e+01 3.320916111148716765e-02 9.636145885020916069e+01
3.390000000000000000e+02 2.589830647784422581e+03 1.542880978754216770e+01 3.332499117143775808e-02 9.531806970659286549e+01
3.400000000000000000e+02 2.563169742929786480e+03 1.558774357062515570e+01 3.344045607954539839e-02 9.424486217504811236e+01
3.410000000000000000e+02 2.536796566880648697e+03 1.574503777393977444e+01 3.355557306640019610e-02 9.314184867423610115e+01
3.420000000000000000e+02 2.510717722634840811e+03 1.590069682393069073e+01 3.367035978221167430e-02 9.200904135422545949e+01
3.430000000000000000e+02 2.484939811645313966e+03 1.605465088608494284e+01 3.378483427320179422e-02 9.084793776274811705e+01
3.440000000000000000e+02 2.459462005657998816e+03 1.620675586448071570e+01 3.389901495720416130e-02 8.965780666645666486e+01
3.450000000000000000e+02 2.434290903609302859e+03 1.635701625182023378e+01 3.401292059806049900e-02 8.843940222260683015e+01
3.460000000000000000e+02 2.409433103480598675e+03 1.650528799492151677e+01 3.412657027935654674e-02 8.719273547071564678e+01
3.470000000000000000e+02 2.384887774159218679e+03 1.665157562820689563e+01 3.423998337745116222e-02 8.591855999951870615e+01
3.480000000000000000e+02 2.360661512355434752e+03 1.679566085564578870e+01 3.435317953409077613e-02 8.461688627400070573e+01
3.490000000000000000e+02 2.336768342822859722e+03 1.693769681820722184e+01 3.446617862848844194e-02 8.328995297274792620e+01
3.500000000000000000e+02 2.313207433530662911e+03 1.707753954174705058e+01 3.457900074949202263e-02 8.193702714019592293e+01
3.510000000000000000e+02 2.289992870243992456e+03 1.721519375786843398e+01 3.469166600517518961e-02 8.055959660554235313e+01
3.520000000000000000e+02 2.267131554562978181e+03 1.735059041415285463e+01 3.480419400886189396e-02 7.915837636884481299e+01
3.530000000000000000e+02 2.244623021279432578e+03 1.748366059563353403e+01 3.491660433756500759e-02 7.773333087050345114e+01
3.540000000000000000e+02 2.222474234341657848e+03 1.761440968716272337e+01 3.502891666711963753e-02 7.628665275329933593e+01
3.550000000000000000e+02 2.200699587069786503e+03 1.774269452220629972e+01 3.514115074538792793e-02 7.481756301546539589e+01
3.560000000000000000e+02 2.179291188964591583e+03 1.786852051613533732e+01 3.525332636645538142e-02 7.332676801924120014e+01
3.570000000000000000e+02 2.158256007661806507e+03 1.799181881498074631e+01 3.536546334534428071e-02 7.181497381938442004e+01
3.580000000000000000e+02 2.137601012426748639e+03 1.811252057817822347e+01 3.547758149407571199e-02 7.028288616188781646e+01
3.590000000000000000e+02 2.117325745990151972e+03 1.823048269428985435e+01 3.558970059855050966e-02 6.873046764782472451e+01
3.600000000000000000e+02 2.097429753074417022e+03 1.834571063071755148e+01 3.570184039665932202e-02 6.715916623744703884e+01
3.610000000000000000e+02 2.077920008908831278e+03 1.845813558238387841e+01 3.581402055775213811e-02 6.556790394022428359e+01
3.620000000000000000e+02 2.058796062682170941e+03 1.856768875440624100e+01 3.592626066334700385e-02 6.395849950985081733e+01
3.630000000000000000e+02 2.040072322733921965e+03 1.867430136125215867e+01 3.603858018941833580e-02 6.233150856758005176e+01
3.640000000000000000e+02 2.021733486579984174e+03 1.877797890938168734e+01 3.615099849004133059e-02 6.068756070489353505e+01
3.650000000000000000e+02 2.003801396178340610e+03 1.887865262936734467e+01 3.626353478272677927e-02 5.902743376677697285e+01
3.660000000000000000e+02 1.986268182876013043e+03 1.897625375850763163e+01 3.637620813510990259e-02 5.735190528463876802e+01
3.670000000000000000e+02 1.969140837595288303e+03 1.907078782342704670e+01 3.648903745331098791e-02 5.566160390937928071e+01
3.680000000000000000e+02 1.952418925853023666e+03 1.916211178865318487e+01 3.660204147210851383e-02 5.395738082912942701e+01
3.690000000000000000e+02 1.936102016166260228e+03 1.925037975670489132e+01 3.671523874621713396e-02 5.223993835211739167e+01
3.700000000000000000e+02 1.920204536793457009e+03 1.933530013212875431e+01 3.682864764355974624e-02 5.050990419070524240e+01
3.710000000000000000e+02 1.904711205659316192e+03 1.941710130608304752e+01 3.694228633966525205e-02 4.876812859609007234e+01
3.720000000000000000e+02 1.889636457169001005e+03 1.949549168634406726e+01 3.705617281389007173e-02 4.701523865813949499e+01
3.730000000000000000e+02 1.874972443754958476e+03 1.957062538187130585e+01 3.717032484680569959e-02 4.525200972391667165e+01
3.740000000000000000e+02 1.860726177613631080e+03 1.964243365030945299e+01 3.728476001883603008e-02 4.347921683185282404e+01
3.750000000000000000e+02 1.846889817277483189e+03 1.971084774751277990e+01 3.739949571029302366e-02 4.169741186258543308e+01
3.760000000000000000e+02 1.833470380977340255e+03 1.977579892655528937e+01 3.751454910253747971e-02 3.990744352499305592e+01
3.770000000000000000e+02 1.820474889892406736e+03 1.983729272023757062e+01 3.762993717999598559e-02 3.810993737337025777e+01
3.780000000000000000e+02 1.807888083040149922e+03 1.989526037308069206e+01 3.774567673325097267e-02 3.630559294330913644e+01
3.790000000000000000e+02 1.795724415659821261e+03 1.994963312382321874e+01 3.786178436272588654e-02 3.449518375375355816e+01
3.800000000000000000e+02 1.783983489034955937e+03 2.000041648791406601e+01 3.797827648331554562e-02 3.267940874223523906e+01
3.810000000000000000e+02 1.772657478760996582e+03 2.004761597299743414e+01 3.809516932925469113e-02 3.085889226730555990e+01
3.820000000000000000e+02 1.761753419707989906e+03 2.009101422739020038e+01 3.821247895939911682e-02 2.903440696166953572e+01
3.830000000000000000e+02 1.751270920877589333e+03 2.013083959058721106e+01 3.833022126292154330e-02 2.720672516800598473e+01
3.840000000000000000e+02 1.741202165307873656e+03 2.016694897371551320e+01 3.844841196494236391e-02 2.537669322549768225e+01
3.850000000000000000e+02 1.731546766677016421e+03 2.019934784303287501e+01 3.856706663215461739e-02 2.354500862255745730e+01
3.860000000000000000e+02 1.722311769206075269e+03 2.022811593540635755e+01 3.868620067819043135e-02 2.171259141778399737e+01
3.870000000000000000e+02 1.713496790862186117e+03 2.025318440678617549e+01 3.880582936884539869e-02 1.988013854260292845e+01
3.880000000000000000e+02 1.705086594914163243e+03 2.027463296519837144e+01 3.892596782659857313e-02 1.804849522265117301e+01
3.890000000000000000e+02 1.697088231592982538e+03 2.029239273571891644e+01 3.904663103472851005e-02 1.621843213135966266e+01
3.900000000000000000e+02 1.689501324604581441e+03 2.030646910996760113e+01 3.916783384052371225e-02 1.439071967776683181e+01
3.910000000000000000e+02 1.682325499399613818e+03 2.031686746159428125e+01 3.928959095788428502e-02 1.256612801105198685e+01
3.920000000000000000e+02 1.675545526399232358e+03 2.032351886176846989e+01 3.941191696873350137e-02 1.074542702529282678e+01
3.930000000000000000e+02 1.669175891030652338e+03 2.032650292868225961e+01 3.953482632354317350e-02 8.929312080945273067e+00
3.940000000000000000e+02 1.663201366867917613e+03 2.032575069253977773e+01 3.965833334066704019e-02 7.118478293553737402e+00
3.950000000000000000e+02 1.657621585685713853e+03 2.032119316156611788e+01 3.978245220439077801e-02 5.313769106189240254e+00
3.960000000000000000e+02 1.652436180721456140e+03 2.031298417152331126e+01 3.990719696189862914e-02 3.515871732746935319e+00
3.970000000000000000e+02 1.647637358298563186e+03 2.030098040020674688e+01 4.003258151863742925e-02 1.725540014334996819e+00
3.980000000000000000e+02 1.643232182862179116e+03 2.028526135098196903e+01 4.015861963249002520e-02 -5.652442822631032621e-02
3.990000000000000000e+02 1.639212863575029132e+03 2.026575793429744365e+01 4.028532490644776143e-02 -1.829583047879054014e+00
4.000000000000000000e+02 1.635579039377211075e+03 2.024262388422852155e+01 4.041271077996001770e-02 -3.592916820250565468e+00
4.010000000000000000e+02 1.632330440578218031e+03 2.021571508798795236e+01 4.054079062869735128e-02 -5.345814371760097217e+00
4.020000000000000000e+02 1.629459730303121660e+03 2.018510751445796103e+01 4.066957808284208525e-02 -7.087558662284675570e+00
4.030000000000000000e+02 1.626967091476744827e+03 2.015087641776555216e+01 4.079908668432603858e-02 -8.817462573418541893e+00
4.040000000000000000e+02 1.624852708611017079e+03 2.011294845434763090e+01 4.092932976256376254e-02 -1.053479162604798347e+01
4.050000000000000000e+02 1.623101911174870793e+03 2.007132453252637916e+01 4.106032041883594941e-02 -1.223885608433802119e+01
4.060000000000000000e+02 1.621714887077150479e+03 2.002615409508799615e+01 4.119207150944780016e-02 -1.392903323304017249e+01
4.070000000000000000e+02 1.620691826059029154e+03 1.997736370085488034e+01 4.132459562778565548e-02 -1.560449994896083936e+01
4.080000000000000000e+02 1.620025491447041532e+03 1.992487987428685159e+01 4.145790508528661433e-02 -1.726458182532811847e+01
4.090000000000000000e+02 1.619701220266017117e+03 1.986892623859414897e+01 4.159201189144164784e-02 -1.890860459652750336e+01
4.100000000000000000e+02 1.619734065112070084e+03 1.980942924683003525e+01 4.172692773295648416e-02 -2.053581984618364231e+01
4.110000000000000000e+02 1.620094510779746770e+03 1.974638959852610043e+01 4.186266395205441582e-02 -2.214577641610965486e+01
4.120000000000000000e+02 1.620797614601569421e+03 1.967988223882513310e+01 4.199923152443620772e-02 -2.373772612958493156e+01
4.130000000000000000e+02 1.621836151438167008e+03 1.960990779062007050e+01 4.213664103651941495e-02 -2.531121805054349849e+01
4.140000000000000000e+02 1.623202898876100335e+03 1.953654112071401983e+01 4.227490266248260659e-02 -2.686557849010457844e+01
4.150000000000000000e+02 1.624883209028201463e+03 1.945985705548446276e+01 4.241402614103775837e-02 -2.840028241502263384e+01
4.160000000000000000e+02 1.626892150437693772e+03 1.937978181305703984e+01 4.255402075222852049e-02 -2.991480487151890344e+01
4.170000000000000000e+02 1.629207653079827878e+03 1.929646442000937512e+01 4.269489529430010172e-02 -3.140839812551950061e+01
4.180000000000000000e+02 1.631837363667749969e+03 1.920990529306302008e+01 4.283665806080715066e-02 -3.288061163783701346e+01
4.190000000000000000e+02 1.634766647352808377e+03 1.912010480530637224e+01 4.297931681822781541e-02 -3.433077207024584965e+01
4.200000000000000000e+02 1.638003157975244903e+03 1.902706328542678094e+01 4.312287878405601793e-02 -3.575835469352562512e+01
4.210000000000000000e+02 1.641532268107748678e+03 1.893092958396233527e+01 4.326735060560125273e-02 -3.716276052743253189e+01
4.220000000000000000e+02 1.645346782596095863e+03 1.883162965505135489e+01 4.341273833971112661e-02 -3.854331633113539368e+01
4.230000000000000000e+02 1.649454367042412287e+03 1.872916368972042989e+01 4.355904743334307327e-02 -3.989949744412556498e+01
4.240000000000000000e+02 1.653840406179111596e+03 1.862368039868118075e+01 4.370628270551909361e-02 -4.123077920958992593e+01
4.250000000000000000e+02 1.658497717386133900e+03 1.851517987763213213e+01 4.385444833014632421e-02 -4.253663696477270406e+01
4.260000000000000000e+02 1.663426550797169966e+03 1.840373645709557593e+01 4.400354782055802827e-02 -4.381684316533962686e+01
4.270000000000000000e+02 1.668604875993874657e+03 1.828949870176580816e+01 4.415358401528197974e-02 -4.507094739121467342e+01
4.280000000000000000e+02 1.674047808891155000e+03 1.817254084287155536e+01 4.430455906547989264e-02 -4.629857347095212106e+01
4.290000000000000000e+02 1.679725899954965598e+03 1.805286277756347602e+01 4.445647442402923810e-02 -4.749941947211305404e+01
4.300000000000000000e+02 1.685639417761878576e+03 1.793053863532772851e+01 4.460933083620811923e-02 -4.867296055765327623e+01
4.310000000000000000e+02 1.691788635641055180e+03 1.780579106091844821e+01 4.476312833231330807e-02 -4.981896896086596627e+01
4.320000000000000000e+02 1.698158975002104398e+03 1.767854551279540587e+01 4.491786622196133200e-02 -5.093706827482464661e+01
4.330000000000000000e+02 1.704758147099671532e+03 1.754887596361487923e+01 4.507354309035537659e-02 -5.202673344287921964e+01
4.340000000000000000e+02 1.711564154579714113e+03 1.741693061622717664e+01 4.523015679636165076e-02 -5.308773645020936272e+01
4.350000000000000000e+02 1.718584718264050480e+03 1.728263476919177677e+01 4.538770447246551210e-02 -5.411955204638956474e+01
4.360000000000000000e+02 1.725812707015871183e+03 1.714613651734319788e+01 4.554618252661873923e-02 -5.512187772054145540e+01
4.370000000000000000e+02 1.733240994391785534e+03 1.700743533385619699e+01 4.570558664597015874e-02 -5.609433655801196750e+01
4.380000000000000000e+02 1.740862458578086944e+03 1.686667920386102892e+01 4.586591180237234444e-02 -5.703655151461908446e+01
4.390000000000000000e+02 1.748677410662285183e+03 1.672386749006727413e+01 4.602715225961473422e-02 -5.794814540745299780e+01
4.400000000000000000e+02 1.756671309489090390e+03 1.657907378293439393e+01 4.618930158247622209e-02 -5.882896375624374485e+01
4.410000000000000000e+02 1.764837046603851832e+03 1.643244590036504960e+01 4.635235264736264904e-02 -5.967870335676904148e+01
4.420000000000000000e+02 1.773160089431356710e+03 1.628398303692204152e+01 4.651629765443591330e-02 -6.049713512234325918e+01
4.430000000000000000e+02 1.781640766193218269e+03 1.613383289759455508e+01 4.668112814129553312e-02 -6.128388122435272578e+01
4.440000000000000000e+02 1.790264552361679989e+03 1.598206884707964726e+01 4.684683499800923467e-02 -6.203878650087264646e+01
4.450000000000000000e+02 1.799024355554258591e+03 1.582868990960490407e+01 4.701340848324941230e-02 -6.276162131382265130e+01
4.460000000000000000e+02 1.807913087017466751e+03 1.567391790279521757e+01 4.718083824174718749e-02 -6.345215582369588958e+01
4.470000000000000000e+02 1.816923661451939324e+03 1.551775173654983497e+01 4.734911332252297184e-02 -6.411045711485564880e+01
4.480000000000000000e+02 1.826063853530337383e+03 1.536033883048249038e+01 4.751822219823562121e-02 -6.473636920236405956e+01
4.490000000000000000e+02 1.835319155956964551e+03 1.520175226337832619e+01 4.768815278494882570e-02 -6.532981015739682107e+01
4.500000000000000000e+02 1.844682492674315881e+03 1.504199077319530353e+01 4.785889246268230229e-02 -6.589077209870561092e+01
4.510000000000000000e+02 1.854154264704531442e+03 1.488127496280141671e+01 4.803042811414319491e-02 -6.641916596847735832e+01
4.520000000000000000e+02 1.863735059717745344e+03 1.471959881410084314e+01 4.820274619976792213e-02 -6.691480157794471495e+01
4.530000000000000000e+02 1.873403228658642774e+03 1.455710389059962218e+01 4.837583272518694577e-02 -6.737755611198606687e+01
4.540000000000000000e+02 1.883159409604985058e+03 1.439385741536632501e+01 4.854967324468902057e-02 -6.780723220246055405e+01
4.550000000000000000e+02 1.892989385814404613e+03 1.422992655473059287e+01 4.872425288233540874e-02 -6.820370648695232774e+01
4.560000000000000000e+02 1.902886370575515684e+03 1.406537841851950255e+01 4.889955635277229429e-02 -6.856678103355929466e+01
4.570000000000000000e+02 1.912843578661537094e+03 1.390028006033450581e+01 4.907556798177720170e-02 -6.889633189974624372e+01
4.580000000000000000e+02 1.922846797788636650e+03 1.373477276137206182e+01 4.925227172599029590e-02 -6.919208627374041498e+01
4.590000000000000000e+02 1.932881816780580721e+03 1.356892346377780711e+01 4.942965119218743070e-02 -6.945414245100832318e+01
4.600000000000000000e+02 1.942964138791028745e+03 1.340279905454981879e+01 4.960768965565385408e-02 -6.968259840876005740e+01
4.610000000000000000e+02 1.953064697630191404e+03 1.323646636598084214e+01 4.978637007771835599e-02 -6.987673467949753103e+01
4.620000000000000000e+02 1.963206426156026737e+03 1.307014074314730046e+01 4.996567512223970553e-02 -7.003880280177996553e+01
4.630000000000000000e+02 1.973360259218282636e+03 1.290388891042489838e+01 5.014558717111767400e-02 -7.016733979720079617e+01
4.640000000000000000e+02 1.983549130419879020e+03 1.273777753906096422e+01 5.032608833858024516e-02 -7.026311084285806885e+01
4.650000000000000000e+02 1.993743975082251836e+03 1.257194753128583464e+01 5.050716048431975330e-02 -7.032613792359646254e+01
4.660000000000000000e+02 2.003960298678934805e+03 1.240646545395824774e+01 5.068878522534812220e-02 -7.035718549447574333e+01
4.670000000000000000e+02 2.014183893225306520e+03 1.224147210626187388e+01 5.087094394661258179e-02 -7.035553196819590482e+01
4.680000000000000000e+02 2.024400550584045277e+03 1.207703395343291675e+01 5.105361781031619167e-02 -7.032194104778437804e+01
4.690000000000000000e+02 2.034610919082504552e+03 1.191321741103589460e+01 5.123678776385266059e-02 -7.025643321420182019e+01
4.700000000000000000e+02 2.044800790041065738e+03 1.175008884577722057e+01 5.142043454651721440e-02 -7.015902855414800854e+01
4.710000000000000000e+02 2.054955954415453562e+03 1.158778885986123974e+01 5.160453869485980699e-02 -7.002900391792532275e+01
4.720000000000000000e+02 2.065077059451353762e+03 1.142645800838062442e+01 5.178908054688741158e-02 -6.986786425254274491e+01
4.730000000000000000e+02 2.075149895249565816e+03 1.126608823324333564e+01 5.197404024492707775e-02 -6.967414274966860432e+01
4.740000000000000000e+02 2.085175108144841943e+03 1.110674571465039762e+01 5.215939773740189966e-02 -6.945008635411588216e+01
4.750000000000000000e+02 2.095145915644155139e+03 1.094864515560651874e+01 5.234513277947258625e-02 -6.919422740699441476e+01
4.760000000000000000e+02 2.105062963126844807e+03 1.079185264895526686e+01 5.253122493276078664e-02 -6.890732631946478648e+01
4.770000000000000000e+02 2.114912038803450287e+03 1.063635996196339661e+01 5.271765356396786173e-02 -6.859014306137846972e+01
4.780000000000000000e+02 2.124701215485732064e+03 1.048238167144825894e+01 5.290439784285367458e-02 -6.824269432014027359e+01
4.790000000000000000e+02 2.134431137212769954e+03 1.032998374741792880e+01 5.309143673929459656e-02 -6.786603629883786937e+01
4.800000000000000000e+02 2.144080162584985828e+03 1.017930640476537363e+01 5.327874901994035517e-02 -6.745959050441490490e+01
4.810000000000000000e+02 2.153663791607092207e+03 1.003026697047879701e+01 5.346631324415733466e-02 -6.702411508223813996e+01
4.820000000000000000e+02 2.163152953881684425e+03 9.883154152914425339e+00 5.365410775975522351e-02 -6.655992200672004344e+01
4.830000000000000000e+02 2.172555720512623338e+03 9.737959491558681790e+00 5.384211069841725317e-02 -6.606739706074507978e+01
4.840000000000000000e+02 2.181857877356843346e+03 9.594823059358773776e+00 5.403029997096518017e-02 -6.554692554731369114e+01
4.850000000000000000e+02 2.191045210130918349e+03 9.453810613560735376e+00 5.421865326279504821e-02 -6.499881800143455735e+01
4.860000000000000000e+02 2.200125789518468991e+03 9.314987880586752311e+00 5.440714802927240634e-02 -6.442353303628611627e+01
4.870000000000000000e+02 2.209085401124972577e+03 9.178420557438169425e+00 5.459576149154429098e-02 -6.382138020513078658e+01
4.880000000000000000e+02 2.217917258933554422e+03 9.044322880130819087e+00 5.478447063275804219e-02 -6.319289141503172402e+01
4.890000000000000000e+02 2.226629433707348198e+03 8.912611924136829344e+00 5.497325219481950104e-02 -6.253859807284018757e+01
4.900000000000000000e+02 2.235207711286520407e+03 8.783501873886979894e+00 5.516208267577091956e-02 -6.185895679848800199e+01
4.910000000000000000e+02 2.243652734382873405e+03 8.657058323262596389e+00 5.535093832806718683e-02 -6.115457227259925332e+01
4.920000000000000000e+02 2.251965145916701204e+03 8.533272560628748948e+00 5.553979515767553526e-02 -6.042582581640019157e+01
4.930000000000000000e+02 2.260145589047148860e+03 8.412284420895172588e+00 5.572862892423812581e-02 -5.967339537398565597e+01
4.940000000000000000e+02 2.268187278844370667e+03 8.294233720086678474e+00 5.591741514233300459e-02 -5.889758695887923778e+01
4.950000000000000000e+02 2.276083430653369760e+03 8.179185973437094859e+00 5.610612908388048353e-02 -5.809915177098479688e+01
4.960000000000000000e+02 2.283834688448217094e+03 8.067132397005726929e+00 5.629474578201573015e-02 -5.727846907683028377e+01
4.970000000000000000e+02 2.291426839774947894e+03 7.958212759820845861e+00 5.648324003605843108e-02 -5.643614047671215417e+01
4.980000000000000000e+02 2.298860529135246452e+03 7.852492535026409648e+00 5.667158641810272207e-02 -5.557276705367051761e+01
4.990000000000000000e+02 2.306128972906923536e+03 7.750037185056547706e+00 5.685975928091330234e-02 -5.468887508983129919e+01
5.000000000000000000e+02 2.313225387653494636e+03 7.650986446826683718e+00 5.704773276746700345e-02 -5.378491606661683022e+01
5.010000000000000000e+02 2.320142957862889034e+03 7.555331408611805522e+00 5.723548075454469586e-02 -5.286155527069194449e+01
5.020000000000000000e+02 2.326882167607159317e+03 7.463211422819348684e+00 5.742297666339030854e-02 -5.191942335847716095e+01
5.030000000000000000e+02 2.333436040389441132e+03 7.374617196670395280e+00 5.761019367557820847e-02 -5.095899337639215787e+01
5.040000000000000000e+02 2.339805027962588611e+03 7.289762285779062267e+00 5.779710481580742354e-02 -4.998110927570733253e+01
5.050000000000000000e+02 2.345997010226523798e+03 7.208563111395805301e+00 5.798368296884430506e-02 -4.898631736308391282e+01
5.060000000000000000e+02 2.351997581712471856e+03 7.131158946697807366e+00 5.816990089796818253e-02 -4.797523772051821567e+01
5.070000000000000000e+02 2.357814621557906776e+03 7.057629641263843290e+00 5.835573126471995525e-02 -4.694848992463838755e+01
5.080000000000000000e+02 2.363441151617430478e+03 6.988040192970820463e+00 5.854114664998849582e-02 -4.590676733337073046e+01
5.090000000000000000e+02 2.368870193014627603e+03 6.922440749798777659e+00 5.872611957635118923e-02 -4.485068852245914428e+01
5.100000000000000000e+02 2.374117051034052565e+03 6.860888896695994887e+00 5.891062253148517114e-02 -4.378094585635155767e+01
5.110000000000000000e+02 2.379159888151097675e+03 6.803434800701308127e+00 5.909462799274806111e-02 -4.269808264192506897e+01
5.120000000000000000e+02 2.384014007357814990e+03 6.750128641125227702e+00 5.927810845255626626e-02 -4.160279026707490857e+01
5.130000000000000000e+02 2.388664996826353672e+03 6.701035468088335278e+00 5.946103644475191768e-02 -4.049575963862826455e+01
5.140000000000000000e+02 2.393113299819505301e+03 6.656205490964844707e+00 5.964338457151244222e-02 -3.937753262059122505e+01
5.150000000000000000e+02 2.397359357793629897e+03 6.615681508583123538e+00 5.982512553095100521e-02 -3.824879917373680627e+01
5.160000000000000000e+02 2.401403610197583475e+03 6.579521196131834948e+00 6.000623214514058668e-02 -3.711032307799890617e+01
5.170000000000000000e+02 2.405239065918026881e+03 6.547759965268548754e+00 6.018667738840283166e-02 -3.596264480466919622e+01
5.180000000000000000e+02 2.408858731423058543e+03 6.520455536084631909e+00 6.036643441588755016e-02 -3.480652722392093068e+01
5.190000000000000000e+02 2.412270467255113545e+03 6.497643368870342329e+00 6.054547659196864162e-02 -3.364265847760145078e+01
5.200000000000000000e+02 2.415459846072366418e+03 6.479366379384394747e+00 6.072377751873546392e-02 -3.247165198631921612e+01
5.210000000000000000e+02 2.418434722544359374e+03 6.465674940724081665e+00 6.090131106415344608e-02 -3.129426930731395373e+01
5.220000000000000000e+02 2.421188091397577864e+03 6.456604600145372075e+00 6.107805138975737347e-02 -3.011112300807599240e+01
5.230000000000000000e+02 2.423712943916694257e+03 6.452190937634015633e+00 6.125397297794245299e-02 -2.892289952474044412e+01
5.240000000000000000e+02 2.426024552801150548e+03 6.452454711074851801e+00 6.142905065843295986e-02 -2.773035917022209063e+01
5.250000000000000000e+02 2.428108473525504451e+03 6.457424143170419129e+00 6.160325963413439826e-02 -2.653411329208209679e+01
5.260000000000000000e+02 2.429979970960872834e+03 6.467120066605755113e+00 6.177657550594550101e-02 -2.533484713163973012e+01
5.270000000000000000e+02 2.431632020751048458e+03 6.481570782610661219e+00 6.194897429653627163e-02 -2.413324554929555177e+01
5.280000000000000000e+02 2.433065022550777485e+03 6.500804634466665455e+00 6.212043247304335769e-02 -2.293006731707225043e+01
5.290000000000000000e+02 2.434279371523122336e+03 6.524835152658300608e+00 6.229092696853053696e-02 -2.172584799384729948e+01
5.300000000000000000e+02 2.435282886548514398e+03 6.553675913419015231e+00 6.246043520205125932e-02 -2.052149420281176617e+01
5.310000000000000000e+02 2.436061096694514617e+03 6.587355397269626600e+00 6.262893509733423458e-02 -1.931761508957503892e+01
5.320000000000000000e+02 2.436629239550948114e+03 6.625872420746159008e+00 6.279640510009115717e-02 -1.811511659999291268e+01
5.330000000000000000e+02 2.436980262674760525e+03 6.669240708321393818e+00 6.296282419352965121e-02 -1.691453293862705465e+01
5.340000000000000000e+02 2.437107108551065721e+03 6.717474037513341045e+00 6.312817191266442696e-02 -1.571676941391898374e+01
5.350000000000000000e+02 2.437024999568277963e+03 6.770593669032915152e+00 6.329242835672933831e-02 -1.452243389697744469e+01
5.360000000000000000e+02 2.436719439505086029e+03 6.828598635167307584e+00 6.345557420000577653e-02 -1.333243110006320897e+01
5.370000000000000000e+02 2.436205640285709251e+03 6.891488026600841366e+00 6.361759070106613734e-02 -1.214729403568093780e+01
5.380000000000000000e+02 2.435476523495974561e+03 6.959268422519764741e+00 6.377845971048472229e-02 -1.096777829535797899e+01
5.390000000000000000e+02 2.434539862116919721e+03 7.031924178949358506e+00 6.393816367665093592e-02 -9.794639210035748889e+00
5.400000000000000000e+02 2.433381138770281268e+03 7.109454572225027746e+00 6.409668565026246934e-02 -8.628483294099323686e+00
5.410000000000000000e+02 2.432022972531326104e+03 7.191866372342830438e+00 6.425400928701997805e-02 -7.469991107051735746e+00
5.420000000000000000e+02 2.430458263801184330e+03 7.279144131238213689e+00 6.441011884918561303e-02 -6.319917264809528312e+00
5.430000000000000000e+02 2.428679907745705350e+03 7.371279897845220752e+00 6.456499920526989622e-02 -5.178889885667435244e+00
5.440000000000000000e+02 2.426703079396786507e+03 7.468265791380789054e+00 6.471863582861291098e-02 -4.047581453898900783e+00
5.450000000000000000e+02 2.424528091963753923e+03 7.570064289553565473e+00 6.487101479464896236e-02 -2.926612262868669045e+00
5.460000000000000000e+02 2.422147825257585282e+03 7.676675085299889290e+00 6.502212277692370757e-02 -1.816609853619762127e+00
5.470000000000000000e+02 2.419570010826139423e+03 7.788060804837405371e+00 6.517194704205948874e-02 -7.182164551262457675e-01
5.480000000000000000e+02 2.416794946997522402e+03 7.904139580841960999e+00 6.532047544371902270e-02 3.679555737897122203e-01
5.490000000000000000e+02 2.413822927333138978e+03 8.025052474553469040e+00 6.546769641561477060e-02 1.441254648667082972e+00
5.500000000000000000e+02 2.410654240738181670e+03 8.150569209220739353e+00 6.561359896394657054e-02 2.501060516486161234e+00
5.510000000000000000e+02 2.407303956367652518e+03 8.280832064726041608e+00 6.575817269862629932e-02 3.546720066359948742e+00
5.520000000000000000e+02 2.403757137912751205e+03 8.415690501962609815e+00 6.590140794346649455e-02 4.577592493424373465e+00
5.530000000000000000e+02 2.400028486264798630e+03 8.555143690707970094e+00 6.604329560795087206e-02 5.593037537469385256e+00
5.540000000000000000e+02 2.396125269806030246e+03 8.699190885775218263e+00 6.618382713803730444e-02 6.592429877247812264e+00
5.550000000000000000e+02 2.392039896191969547e+03 8.847757144795622253e+00 6.632299450655282369e-02 7.575121975921979001e+00
5.560000000000000000e+02 2.387772197535854048e+03 9.000841896468820380e+00 6.646079020350727229e-02 8.540473781554487331e+00
5.570000000000000000e+02 2.383344287242726296e+03 9.158370374761648947e+00 6.659720722653611480e-02 9.487919569243580042e+00
5.580000000000000000e+02 2.378741133339847238e+03 9.320342187074363238e+00 6.673223907161125734e-02 1.041678964759491066e+01
5.590000000000000000e+02 2.373969985408859884e+03 9.486682748353134187e+00 6.686587972400677427e-02 1.132664462125703331e+01
5.600000000000000000e+02 2.369030661311660879e+03 9.657391849167424880e+00 6.699812364980667345e-02 1.221689653173141465e+01
5.610000000000000000e+02 2.363937832363748839e+03 9.832320806228846521e+00 6.712896578784338653e-02 1.308695741095096565e+01
5.620000000000000000e+02 2.358676453350119573e+03 1.001154388088260738e+01 6.725840154240686486e-02 1.393646211826466264e+01
5.630000000000000000e+02 2.353261189438589099e+03 1.019491257902317471e+01 6.738642677661266234e-02 1.476467405880132944e+01
5.640000000000000000e+02 2.347699274532996697e+03 1.038242706948807914e+01 6.751303780664440202e-02 1.557115372128616038e+01
5.650000000000000000e+02 2.341975654669568939e+03 1.057401333438143887e+01 6.763823139674694784e-02 1.635546153023887683e+01
5.660000000000000000e+02 2.336104986557309985e+03 1.076967173685864587e+01 6.776200475534499557e-02 1.711715783210068054e+01
5.670000000000000000e+02 2.330094495906615521e+03 1.096917988784409204e+01 6.788435553195472372e-02 1.785565431427976080e+01
5.680000000000000000e+02 2.323936549149654184e+03 1.117261263122335890e+01 6.800528181530822447e-02 1.857058540864359131e+01
5.690000000000000000e+02 2.317638366902409871e+03 1.137989634344944356e+01 6.812478213232231461e-02 1.926151114342371429e+01
5.700000000000000000e+02 2.311199738965112374e+03 1.159088321761199580e+01 6.824285544831025507e-02 1.992799141257477302e+01
5.710000000000000000e+02 2.304627881063906898e+03 1.180557411445673033e+01 6.835950116813091504e-02 2.056951167807722669e+01
5.720000000000000000e+02 2.297930006531690196e+03 1.202382142883178240e+01 6.847471913847334724e-02 2.118585437321136666e+01
5.730000000000000000e+02 2.291105897978901794e+03 1.224562622409798607e+01 6.858850965119864251e-02 2.177650462026317868e+01
5.740000000000000000e+02 2.284155335654929786e+03 1.247091538196530891e+01 6.870087344759567838e-02 2.234124448424307730e+01
5.750000000000000000e+02 2.277100382500340402e+03 1.269954160277988819e+01 6.881181172365377630e-02 2.287978154105426398e+01
5.760000000000000000e+02 2.269925957337044110e+03 1.293150625626140737e+01 6.892132613624742110e-02 2.339174886316500945e+01
5.770000000000000000e+02 2.262654118354059392e+03 1.316666224766547089e+01 6.902941881021239234e-02 2.387677928878494527e+01
5.780000000000000000e+02 2.255277207930153509e+03 1.340493686840595622e+01 6.913609234609179033e-02 2.433450540755076474e+01
5.790000000000000000e+02 2.247802422702453441e+03 1.364633179611197455e+01 6.924134982868197785e-02 2.476478239674203508e+01
5.800000000000000000e+02 2.240236956825961443e+03 1.389062596061694954e+01 6.934519483613854618e-02 2.516724230600817691e+01
5.810000000000000000e+02 2.232588001927232654e+03 1.413782124491476644e+01 6.944763144960029722e-02 2.554151689366316802e+01
5.820000000000000000e+02 2.224855318702274417e+03 1.438777106753038737e+01 6.954866426328756845e-02 2.588731189603190330e+01
5.830000000000000000e+02 2.217038665210305226e+03 1.464040323285274425e+01 6.964829839474601103e-02 2.620440701336289990e+01
5.840000000000000000e+02 2.209152653514043323e+03 1.489571993090214086e+01 6.974653949546648357e-02 2.649243304531407617e+01
5.850000000000000000e+02 2.201197036215753997e+03 1.515342631952759334e+01 6.984339376142822964e-02 2.675116901104909317e+01
5.860000000000000000e+02 2.193171563093047553e+03 1.541359907558167741e+01 6.993886794369189031e-02 2.698031928492128273e+01
5.870000000000000000e+02 2.185083409383726121e+03 1.567609212649550621e+01 7.003296935881149488e-02 2.717981071679276539e+01
5.880000000000000000e+02 2.176947175720709311e+03 1.594075950032430988e+01 7.012570589891384265e-02 2.734942120096066631e+01
5.890000000000000000e+02 2.168747746317099427e+03 1.620752960873126014e+01 7.021708604136510379e-02 2.748900251324553068e+01
5.900000000000000000e+02 2.160507144057188270e+03 1.647633096290971011e+01 7.030711885803025973e-02 2.759833173072129853e+01
5.910000000000000000e+02 2.152225103636692893e+03 1.674701788944945235e+01 7.039581402379327391e-02 2.767733406912390137e+01
5.920000000000000000e+02 2.143901356560239037e+03 1.701951909665483242e+01 7.048318182424093137e-02 2.772571145241769131e+01
5.930000000000000000e+02 2.135543059443843049e+03 1.729368910679726667e+01 7.056923316268598478e-02 2.774346248458118325e+01
5.940000000000000000e+02 2.127149937273079104e+03 1.756945682232295169e+01 7.065397956608766850e-02 2.773051101956335174e+01
5.950000000000000000e+02 2.118736568419862124e+03 1.784667695799597809e+01 7.073743318992183060e-02 2.768678043246629628e+01
5.960000000000000000e+02 2.110302671215674764e+03 1.812527860699730908e+01 7.081960682192364742e-02 2.761219360744721030e+01
5.970000000000000000e+02 2.101847960635312120e+03 1.840511667296007303e+01 7.090051388456447556e-02 2.750659864234982876e+01
5.980000000000000000e+02 2.093379576640096730e+03 1.868604615245894607e+01 7.098016843635215900e-02 2.737006597108994299e+01
5.990000000000000000e+02 2.084904655830982847e+03 1.896807070094943626e+01 7.105858517155770604e-02 2.720244265126654426e+01
6.000000000000000000e+02 2.076422903112615131e+03 1.925097121413712387e+01 7.113577941867930965e-02 2.700379805406242895e+01
6.010000000000000000e+02 2.067946467361310170e+03 1.953463052850835524e+01 7.118973185979354801e-02 2.677411582001436585e+01
6.020000000000000000e+02 2.059464770329473595e+03 1.981900564865896897e+01 7.126461548777976440e-02 2.651365933543466369e+01
6.030000000000000000e+02 2.051004544419526610e+03 2.010398608353235872e+01 7.133832629231014189e-02 2.622223038527316064e+01
6.040000000000000000e+02 2.042550372166659145e+03 2.038943471955880327e+01 7.141088204780049464e-02 2.589992952602774068e+01
6.050000000000000000e+02 2.034109118060721812e+03 2.067521452756359679e+01 7.148230113394278551e-02 2.554678244235419271e+01
6.060000000000000000e+02 2.025695071932909514e+03 2.096126284484842017e+01 7.155260252308139057e-02 2.516288850466478522e+01
6.070000000000000000e+02 2.017300235654405924e+03 2.124751709021603219e+01 7.162180576850475655e-02 2.474819790951900345e+01
6.080000000000000000e+02 2.008938893349810769e+03 2.153376619544395965e+01 7.168993099086355680e-02 2.430288308834346012e+01
6.090000000000000000e+02 2.000617898120093059e+03 2.181994773772493090e+01 7.175699886312444931e-02 2.382711584844443209e+01
6.100000000000000000e+02 1.992321815477713471e+03 2.210592508754178454e+01 7.182303059411966617e-02 2.332091879783886768e+01
6.110000000000000000e+02 1.984079778645711940e+03 2.239148740700225204e+01 7.188804791085162682e-02 2.278438818791650533e+01
6.120000000000000000e+02 1.975876348512244022e+03 2.267664678213662199e+01 7.195207303961731471e-02 2.221761962241278354e+01
6.130000000000000000e+02 1.967718368950440208e+03 2.296126680362630879e+01 7.201512868581996796e-02 2.162078233370932523e+01
6.140000000000000000e+02 1.959627538645152981e+03 2.324521113200349021e+01 7.207723801288683230e-02 2.099411917595569577e+01
6.150000000000000000e+02 1.951580984476583353e+03 2.352834349580000861e+01 7.213842462010000567e-02 2.033787233501351110e+01
6.160000000000000000e+02 1.943607830266960946e+03 2.381060197315327898e+01 7.219871251967580061e-02 1.965243188923326301e+01
6.170000000000000000e+02 1.935700056777896862e+03 2.409192470636236649e+01 7.225812611295305554e-02 1.893796438603923349e+01
6.180000000000000000e+02 1.927864500368475547e+03 2.437224989990185975e+01 7.231669016611606826e-02 1.819485853736732750e+01
6.190000000000000000e+02 1.920100568155860401e+03 2.465129296788443369e+01 7.237442978522889980e-02 1.742335379690048214e+01
6.200000000000000000e+02 1.912415094931159729e+03 2.492914080000715416e+01 7.243137039100638885e-02 1.662376320564873922e+01
6.210000000000000000e+02 1.904822343377757988e+03 2.520565749141495360e+01 7.248753769315717521e-02 1.579632482034062235e+01
6.220000000000000000e+02 1.897314290890566099e+03 2.548055862404385863e+01 7.254295766475814256e-02 1.494142455965013383e+01
6.230000000000000000e+02 1.889890343198127766e+03 2.575393124893747299e+01 7.259765651638880324e-02 1.405937334973078556e+01
6.240000000000000000e+02 1.882564762933759994e+03 2.602556533248192849e+01 7.265166067045791820e-02 1.315040712057836103e+01
6.250000000000000000e+02 1.875336956454180836e+03 2.629539945513756294e+01 7.270499673575861466e-02 1.221483536971880213e+01
6.260000000000000000e+02 1.868213759107581154e+03 2.656322367510552951e+01 7.275769148226336747e-02 1.125304115921037607e+01
6.270000000000000000e+02 1.861187150396872312e+03 2.682897665997480630e+01 7.280977181637439399e-02 1.026525826245666551e+01
6.280000000000000000e+02 1.854278824290881857e+03 2.709252283381304593e+01 7.286126475674896408e-02 9.251868295854679403e+00
6.290000000000000000e+02 1.847473334276546666e+03 2.735380094173180510e+01 7.291219741072446636e-02 8.213400716749895025e+00
6.300000000000000000e+02 1.840784948709471109e+03 2.761274976390710023e+01 7.296259695148114843e-02 7.150235687697813702e+00
6.310000000000000000e+02 1.834213080903742593e+03 2.786908526255858476e+01 7.301249059601226665e-02 6.062752642056688401e+00
6.320000000000000000e+02 1.827757146015992021e+03 2.812289484742067458e+01 7.306190558398505119e-02 4.951478849896477463e+00
6.330000000000000000e+02 1.821431417920973900e+03 2.837396882163648115e+01 7.311086915767063543e-02 3.816717999706579434e+00
6.340000000000000000e+02 1.815227887626279198e+03 2.862217179665334399e+01 7.315940854274713412e-02 2.658995898947919212e+00
6.350000000000000000e+02 1.809153405179873744e+03 2.886751697307560249e+01 7.320755093028732952e-02 1.478807909998987258e+00
6.360000000000000000e+02 1.803214823115715262e+03 2.910979472047094418e+01 7.325532345987101346e-02 2.766263786791822721e-01
6.370000000000000000e+02 1.797411568239066128e+03 2.934901827567385624e+01 7.330275320379790738e-02 -9.470325101060887985e-01
6.380000000000000000e+02 1.791743070101427747e+03 2.958497803902984202e+01 7.334986715259469992e-02 -2.191653301652694008e+00
6.390000000000000000e+02 1.786216189464381614e+03 2.981768727264182317e+01 7.339669220154555751e-02 -3.456743555371048160e+00
6.400000000000000000e+02 1.780830361701445099e+03 3.004693639655972603e+01 7.344325513862264010e-02 -4.741790758891838209e+00
6.410000000000000000e+02 1.775592453589663364e+03 3.027273868697490755e+01 7.348958263340461816e-02 -6.046277182975901887e+00
6.420000000000000000e+02 1.770494478338714316e+03 3.049488457236053307e+01 7.353570122735066106e-02 -7.369620452591091109e+00
6.430000000000000000e+02 1.765558165761176497e+03 3.071338733161958956e+01 7.358163732509415134e-02 -8.711232971259752489e+00
6.440000000000000000e+02 1.760760678827929496e+03 3.092811167368447300e+01 7.362741718683876724e-02 -1.007051448991748011e+01
6.450000000000000000e+02 1.756123753918487864e+03 3.113884801811206415e+01 7.367306692189205808e-02 -1.144688033151304829e+01
6.460000000000000000e+02 1.751646845705904980e+03 3.134560962616854596e+01 7.371861248315851600e-02 -1.283974653083362760e+01
6.470000000000000000e+02 1.747321983884720112e+03 3.154826118037555460e+01 7.376407966257308990e-02 -1.424844811883062690e+01
6.480000000000000000e+02 1.743156058239968388e+03 3.174666734855935246e+01 7.380949408738572692e-02 -1.567252882410730308e+01
6.490000000000000000e+02 1.739148533606123920e+03 3.194084134788728591e+01 7.385488121723755850e-02 -1.711117651377297832e+01
6.500000000000000000e+02 1.735313734919621993e+03 3.213064780787814101e+01 7.390026634197913169e-02 -1.856387688337980180e+01
6.510000000000000000e+02 1.731636303187423437e+03 3.231609993437501060e+01 7.394567458012449301e-02 -2.002990260516518006e+01
6.520000000000000000e+02 1.728123272153359949e+03 3.249713675489680043e+01 7.399113087770621544e-02 -2.150863787047041242e+01
6.530000000000000000e+02 1.724781705003485968e+03 3.267369730028389796e+01 7.403666000767801514e-02 -2.299955096973509683e+01
6.540000000000000000e+02 1.721611239918120191e+03 3.284572056874124968e+01 7.408228656963783409e-02 -2.450203658112800653e+01
6.550000000000000000e+02 1.718618946746211122e+03 3.301307123932877374e+01 7.412803498971511085e-02 -2.601549004731631243e+01
6.560000000000000000e+02 1.715789613575180510e+03 3.317583680296447568e+01 7.417392952061238609e-02 -2.753915880134741201e+01
6.570000000000000000e+02 1.713137745151406307e+03 3.333388185840471607e+01 7.421999424168201909e-02 -2.907258806016818653e+01
6.580000000000000000e+02 1.710662992746237705e+03 3.348714524325346531e+01 7.426625305889145157e-02 -3.061495226522149693e+01
6.590000000000000000e+02 1.708365010823691819e+03 3.363549146396259459e+01 7.431272970465192806e-02 -3.216572362570041577e+01
6.600000000000000000e+02 1.706243457008219821e+03 3.377893354335250820e+01 7.435944773731628654e-02 -3.372422640887572953e+01
6.610000000000000000e+02 1.704297992053899861e+03 3.391733588362519924e+01 7.440643054037220094e-02 -3.528978549805304965e+01
6.620000000000000000e+02 1.702535708166147970e+03 3.405063711390667436e+01 7.445370132110132322e-02 -3.686180066663610688e+01
6.630000000000000000e+02 1.700948843925494657e+03 3.417885008729547280e+01 7.450128310874379323e-02 -3.843952371778841837e+01
6.640000000000000000e+02 1.699544497666935058e+03 3.430183902741928392e+01 7.454919875210823388e-02 -4.002228132471855560e+01
6.650000000000000000e+02 1.698322342412066291e+03 3.441961665952684513e+01 7.459747091629630178e-02 -4.160947502006734311e+01
6.660000000000000000e+02 1.697274625857162619e+03 3.453212135708142938e+01 7.464612207886531237e-02 -4.320043261790078759e+01
6.670000000000000000e+02 1.696408455417785717e+03 3.463936570588824537e+01 7.469517452508375732e-02 -4.479440820232100151e+01
6.680000000000000000e+02 1.695730941528458743e+03 3.474121365073222023e+01 7.474465034238707284e-02 -4.639073068269758693e+01
6.690000000000000000e+02 1.695226912598868694e+03 3.483760334305583939e+01 7.479457141387414743e-02 -4.798880378151293513e+01
6.700000000000000000e+02 1.694910913479723604e+03 3.492862142165840567e+01 7.484495941087457305e-02 -4.958788317132313495e+01
6.710000000000000000e+02 1.694775207032586195e+03 3.501420587591113787e+01 7.489583578465491831e-02 -5.118729931236139663e+01
6.720000000000000000e+02 1.694819487560158223e+03 3.509422032651482226e+01 7.494722175702965561e-02 -5.278645743926724521e+01
6.730000000000000000e+02 1.695043452493165660e+03 3.516875115679651032e+01 7.499913831013807486e-02 -5.438454041344481737e+01
6.740000000000000000e+02 1.695446802435412110e+03 3.523773609251703931e+01 7.505160617515865829e-02 -5.598102869359495060e+01
6.750000000000000000e+02 1.696036669566989076e+03 3.530111276623075156e+01 7.510464582019432678e-02 -5.757510605336297971e+01
6.760000000000000000e+02 1.696805332654289032e+03 3.535889299817920062e+01 7.515827743707417796e-02 -5.916610526768354106e+01
6.770000000000000000e+02 1.697752502169146737e+03 3.541108851021743220e+01 7.521252092749194929e-02 -6.075343381427821754e+01
6.780000000000000000e+02 1.698870463664100726e+03 3.545756235627716535e+01 7.526739588818379123e-02 -6.233620244082300843e+01
6.790000000000000000e+02 1.700173791256184131e+03 3.549832605388554185e+01 7.532292159530994125e-02 -6.391374513383608047e+01
6.800000000000000000e+02 1.701654777614836803e+03 3.553339101471090800e+01 7.537911698817552353e-02 -6.548539625224078975e+01
6.810000000000000000e+02 1.703305719108207995e+03 3.556261997515178308e+01 7.543600065226957474e-02 -6.705026766064061405e+01
6.820000000000000000e+02 1.705126344254545074e+03 3.558609841148795994e+01 7.549359080173798087e-02 -6.860776869734259265e+01
6.830000000000000000e+02 1.707123813828320635e+03 3.560368883654983563e+01 7.555190526137897655e-02 -7.015708617308118278e+01
6.840000000000000000e+02 1.709297864270157334e+03 3.561547649846479402e+01 7.561096144817922027e-02 -7.169770433852535518e+01
6.850000000000000000e+02 1.711633379450609482e+03 3.562154652792913367e+01 7.567077635257163370e-02 -7.322895916601443389e+01
6.860000000000000000e+02 1.714137532538266214e+03 3.562183536903173575e+01 7.573136651950328202e-02 -7.474981548157580846e+01
6.870000000000000000e+02 1.716810072717630192e+03 3.561650219464564060e+01 7.579274802931097732e-02 -7.626050118429336067e+01
6.880000000000000000e+02 1.719650753659443126e+03 3.560540891984091161e+01 7.585493647861453470e-02 -7.776035300685026641e+01
6.890000000000000000e+02 1.722659333641090825e+03 3.558871446788749893e+01 7.591794696131144715e-02 -7.924796506446547539e+01
6.900000000000000000e+02 1.725828147316214427e+03 3.556650335077886638e+01 7.598179404976243556e-02 -8.072267450670555888e+01
6.910000000000000000e+02 1.729156962533643082e+03 3.553863710031772172e+01 7.604649177620267930e-02 -8.218456149909104624e+01
6.920000000000000000e+02 1.732645552103251930e+03 3.550519996727679484e+01 7.611205361467068831e-02 -8.363296353451211473e+01
6.930000000000000000e+02 1.736293693908867226e+03 3.546620178559113867e+01 7.617849246329989887e-02 -8.506721824959258527e+01
6.940000000000000000e+02 1.740093742666839944e+03 3.542172653762241197e+01 7.624582062737092492e-02 -8.648592057089184948e+01
6.950000000000000000e+02 1.744052915080683078e+03 3.537170950196886565e+01 7.631404980288755691e-02 -8.788915120110884516e+01
6.960000000000000000e+02 1.748148719837701037e+03 3.531608581884677278e+01 7.638319106108122647e-02 -8.927550526002754339e+01
6.970000000000000000e+02 1.752403241203054677e+03 3.525508762253664941e+01 7.645325483367949870e-02 -9.064506360559236953e+01
6.980000000000000000e+02 1.756793998901013993e+03 3.518857548835776328e+01 7.652425089922200441e-02 -9.199642147472792431e+01
6.990000000000000000e+02 1.761335660043938333e+03 3.511663269924662245e+01 7.659618837040144124e-02 -9.332965980431585251e+01
7.000000000000000000e+02 1.766013184047565346e+03 3.503934239387053395e+01 7.666907568239089699e-02 -9.464411670696756573e+01
7.010000000000000000e+02 1.770826454152254883e+03 3.495671196235468869e+01 7.674292058249257420e-02 -9.593913302989417957e+01
7.020000000000000000e+02 1.775768176505111342e+03 3.486874337016904946e+01 7.681773012088573271e-02 -9.721406056477511015e+01
7.030000000000000000e+02 1.780845981164410887e+03 3.477558568231075498e+01 7.689351064272231806e-02 -9.846899663457642760e+01
7.040000000000000000e+02 1.786060075714781533e+03 3.467716496412564453e+01 7.697026778144874792e-02 -9.970180999129138399e+01
7.050000000000000000e+02 1.791388388583075994e+03 3.457362998126919962e+01 7.704800645346628063e-02 -1.009133406420008470e+02
7.060000000000000000e+02 1.796853424195691787e+03 3.446498078120755792e+01 7.712673085418288166e-02 -1.021021999846250594e+02
7.070000000000000000e+02 1.802433122769162765e+03 3.435136582630944702e+01 7.720644445541775813e-02 -1.032684849640271381e+02
7.080000000000000000e+02 1.808127715444413525e+03 3.423263629198234526e+01 7.728715000407836155e-02 -1.044122923830033614e+02
7.090000000000000000e+02 1.813944867556658210e+03 3.410908890091884160e+01 7.736884952228746670e-02 -1.055314903783188782e+02
7.100000000000000000e+02 1.819869965193251574e+03 3.398064880386130682e+01 7.745154430879748475e-02 -1.066269182470731778e+02
7.110000000000000000e+02 1.825903256892368290e+03 3.384738956348346051e+01 7.753523494174574537e-02 -1.076979294178280213e+02
7.120000000000000000e+02 1.832052425228980610e+03 3.370938458682208250e+01 7.761992128260732093e-02 -1.087431342670064822e+02
7.130000000000000000e+02 1.838295444988913232e+03 3.356663284128472213e+01 7.770560248145975957e-02 -1.097626286054440499e+02
7.140000000000000000e+02 1.844640009885592008e+03 3.341928170474156445e+01 7.779227698338078700e-02 -1.107557651549000184e+02
7.150000000000000000e+02 1.851086390713409401e+03 3.326732983117514664e+01 7.787994253600036276e-02 -1.117226391998093220e+02
7.160000000000000000e+02 1.857620006892449510e+03 3.311077571742070802e+01 7.796859619809692887e-02 -1.126626028990564947e+02
7.170000000000000000e+02 1.864241139755385802e+03 3.294969198648102804e+01 7.805823434916631109e-02 -1.135742652679267195e+02
7.180000000000000000e+02 1.870950075724405679e+03 3.278415110391343745e+01 7.814885269994766015e-02 -1.144577206652643753e+02
7.190000000000000000e+02 1.877739677830580831e+03 3.261429966130026514e+01 7.824044630372986586e-02 -1.153123202706186987e+02
7.200000000000000000e+02 1.884610242276890176e+03 3.244013552578795867e+01 7.833300956844142793e-02 -1.161389005716806508e+02
7.210000000000000000e+02 1.891554641593901351e+03 3.226187925772594411e+01 7.842653626938031475e-02 -1.169360691716655367e+02
7.220000000000000000e+02 1.898573181190886544e+03 3.207952840985817744e+01 7.852101956248641601e-02 -1.177039189470945502e+02
7.230000000000000000e+02 1.905666170851442985e+03 3.189330322862535638e+01 7.861645199814334961e-02 -1.184425423605544836e+02
7.240000000000000000e+02 1.912826496225192841e+03 3.170327523702123074e+01 7.871282553530985215e-02 -1.191512886086381542e+02
7.250000000000000000e+02 1.920054475367164969e+03 3.150951580204811364e+01 7.881013155595269215e-02 -1.198295064400942351e+02
7.260000000000000000e+02 1.927343001873960020e+03 3.131209613524985969e+01 7.890836087964790690e-02 -1.204780298091644113e+02
7.270000000000000000e+02 1.934692401419551743e+03 3.111116157683004957e+01 7.900750377827715776e-02 -1.210954636839105092e+02
7.280000000000000000e+02 1.942103003239822556e+03 3.090670874584322902e+01 7.910754999072870663e-02 -1.216826410399849010e+02
7.290000000000000000e+02 1.949552854916918022e+03 3.069895695848960315e+01 7.920848873752864283e-02 -1.222374229992463768e+02
7.300000000000000000e+02 1.957057149017483198e+03 3.048782824446327666e+01 7.931030873522568192e-02 -1.227613843289503990e+02
7.310000000000000000e+02 1.964608796128817403e+03 3.027354161592179338e+01 7.941299821058550590e-02 -1.232538707456902358e+02
7.320000000000000000e+02 1.972193281400200931e+03 3.005609308400195445e+01 7.951654491440865447e-02 -1.237134845697683403e+02
7.330000000000000000e+02 1.979818377788115413e+03 2.983570136095195480e+01 7.962093613493852196e-02 -1.241410560498002837e+02
7.340000000000000000e+02 1.987477004153269036e+03 2.961228787681476504e+01 7.972615871084953731e-02 -1.245351863372545154e+02
7.350000000000000000e+02 1.995154653463808245e+03 2.938614533223522685e+01 7.983219904357966024e-02 -1.248974473165069838e+02
7.360000000000000000e+02 2.002866534404778804e+03 2.915734343180775312e+01 7.993904310917145095e-02 -1.252264389097136643e+02
7.370000000000000000e+02 2.010590716089848911e+03 2.892587745253235454e+01 8.004667646942836834e-02 -1.255222460722303168e+02
7.380000000000000000e+02 2.018334983083739644e+03 2.869196537935797053e+01 8.015508428241435723e-02 -1.257849531080333918e+02
7.390000000000000000e+02 2.026092265177495619e+03 2.845567648928572169e+01 8.026425131221162634e-02 -1.260139008203717594e+02
7.400000000000000000e+02 2.033855493972662998e+03 2.821715420357349302e+01 8.037416193798735398e-02 -1.262084293326786479e+02
7.410000000000000000e+02 2.041617602772113287e+03 2.797654180601153584e+01 8.048480016226537692e-02 -1.263701065797494323e+02
7.420000000000000000e+02 2.049378954828446240e+03 2.773390816127806602e+01 8.059614961850870840e-02 -1.264982712839151446e+02
7.430000000000000000e+02 2.057139914899308678e+03 2.748939628388179202e+01 8.070819357786389314e-02 -1.265922614466675782e+02
7.440000000000000000e+02 2.064885992459916906e+03 2.724314905667529629e+01 8.082091495519691526e-02 -1.266521571704672624e+02
7.450000000000000000e+02 2.072617555024487956e+03 2.699530923294818052e+01 8.093429631443405103e-02 -1.266780378107405483e+02
7.460000000000000000e+02 2.080327543023204271e+03 2.674594515509413739e+01 8.104831987315772035e-02 -1.266707247981724294e+02
7.470000000000000000e+02 2.088016326437540556e+03 2.649519932386059295e+01 8.116296750651678937e-02 -1.266288102861273615e+02
7.480000000000000000e+02 2.095676848041430731e+03 2.624313983366228697e+01 8.127822075056273521e-02 -1.265531141485807183e+02
7.490000000000000000e+02 2.103309480049975718e+03 2.598990894197746471e+01 8.139406080491266848e-02 -1.264437126280681980e+02
7.500000000000000000e+02 2.110907167373290577e+03 2.573564878830776692e+01 8.151046853498628009e-02 -1.263006811590363441e+02
7.510000000000000000e+02 2.118462889168432412e+03 2.548042565093026823e+01 8.162742447366028165e-02 -1.261233446433882222e+02
7.520000000000000000e+02 2.125969758529519368e+03 2.522437412966984382e+01 8.174490882255618096e-02 -1.259117424753171406e+02
7.530000000000000000e+02 2.133435779433335028e+03 2.496755296839472038e+01 8.186290145298040499e-02 -1.256673919996567719e+02
7.540000000000000000e+02 2.140854100070750064e+03 2.471009508703168578e+01 8.198138190658191271e-02 -1.253888383692873560e+02
7.550000000000000000e+02 2.148217869524705748e+03 2.445220758436219199e+01 8.210032939583752909e-02 -1.250768543801478927e+02
7.560000000000000000e+02 2.155520237750499746e+03 2.419394889037283392e+01 8.221972280435428659e-02 -1.247314691213032773e+02
7.570000000000000000e+02 2.162776640608923117e+03 2.393552590318352102e+01 8.233954068714706420e-02 -1.243527108004759043e+02
7.580000000000000000e+02 2.169972801398288539e+03 2.367692257451153637e+01 8.245976127100099196e-02 -1.239420924049517510e+02
7.590000000000000000e+02 2.177109300940382582e+03 2.341841989722227169e+01 8.258036245493508010e-02 -1.234981546826456338e+02
7.600000000000000000e+02 2.184179292514095778e+03 2.316007592390000269e+01 8.270132181081267519e-02 -1.230216659788604119e+02
7.610000000000000000e+02 2.191183358539497476e+03 2.290202290399918184e+01 8.282261658424540374e-02 -1.225126508881504748e+02
7.620000000000000000e+02 2.198114653859368445e+03 2.264431872003207857e+01 8.294422369594546540e-02 -1.219711330816984400e+02
7.630000000000000000e+02 2.204973762419471768e+03 2.238709545781602017e+01 8.306611974337969884e-02 -1.213978781350912470e+02
7.640000000000000000e+02 2.211746412194599543e+03 2.213041084275835146e+01 8.318828100304534456e-02 -1.207914221813788771e+02
7.650000000000000000e+02 2.218433188562708892e+03 2.187447109369992759e+01 8.331068343323855263e-02 -1.201532717498265868e+02
7.660000000000000000e+02 2.225034677573252338e+03 2.161933379228529972e+01 8.343330267752660512e-02 -1.194827039147439649e+02
7.670000000000000000e+02 2.231536609210555071e+03 2.136498216988790588e+01 8.355611406889483506e-02 -1.187797376300257497e+02
7.680000000000000000e+02 2.237946999103439794e+03 2.111169652858602674e+01 8.367909263465403424e-02 -1.180443908890132008e+02
7.690000000000000000e+02 2.244244150025780982e+03 2.085960854365030670e+01 8.380221310216834363e-02 -1.172781663898843050e+02
7.700000000000000000e+02 2.250443506994515246e+03 2.060877555058619848e+01 8.392544990541099537e-02 -1.164810801913566820e+02
7.710000000000000000e+02 2.256530802056168795e+03 2.035932911571467230e+01 8.404877719246181544e-02 -1.156531473790110880e+02
7.720000000000000000e+02 2.262499195969519405e+03 2.011147503978208562e+01 8.417216883386420545e-02 -1.147943820620426862e+02
7.730000000000000000e+02 2.268356706479586137e+03 1.986527051109520770e+01 8.429559843197471924e-02 -1.139062830405481606e+02
7.740000000000000000e+02 2.274089066482177259e+03 1.962084695970229831e+01 8.441903933125063930e-02 -1.129888624631543621e+02
7.750000000000000000e+02 2.279696865682820317e+03 1.937833577759384340e+01 8.454246462948450391e-02 -1.120421314952961467e+02
7.760000000000000000e+02 2.285188122145945272e+03 1.913786832243393121e+01 8.466584719002294424e-02 -1.110675859879979583e+02
7.770000000000000000e+02 2.290555997135279540e+03 1.889950163781587378e+01 8.478915965499247975e-02 -1.100644923019900006e+02
7.780000000000000000e+02 2.295801080047450341e+03 1.866336702405076053e+01 8.491237445936974937e-02 -1.090343443176143268e+02
7.790000000000000000e+02 2.300923959936408664e+03 1.842952147497003423e+01 8.503546384607507669e-02 -1.079764064249488627e+02
7.800000000000000000e+02 2.305917797029810572e+03 1.819817053226337578e+01 8.515839988189517762e-02 -1.068929133697791656e+02
7.810000000000000000e+02 2.310790607638579786e+03 1.796929687181810564e+01 8.528115447429016061e-02 -1.057831275747203676e+02
7.820000000000000000e+02 2.315528122256952884e+03 1.774303172510379412e+01 8.540369938900917168e-02 -1.046477961512168235e+02
7.830000000000000000e+02 2.320138355508103359e+03 1.751950631605853559e+01 8.552600626849829468e-02 -1.034861795618215581e+02
7.840000000000000000e+02 2.324607035880005697e+03 1.729877758149560307e+01 8.564804665093189717e-02 -1.022997657982317747e+02
7.850000000000000000e+02 2.328934747307775524e+03 1.708090245853176370e+01 8.576979199003439969e-02 -1.010878133745804348e+02
7.860000000000000000e+02 2.333107215598000494e+03 1.686601217203130787e+01 8.589121367534069407e-02 -9.985032267151001406e+01
7.870000000000000000e+02 2.337132450000154222e+03 1.665416367155697230e+01 8.601228305305626265e-02 -9.858877877570174064e+01
7.880000000000000000e+02 2.341003601270963372e+03 1.644548820234422237e+01 8.613297144732151578e-02 -9.730169447475979894e+01
7.890000000000000000e+02 2.344706389836394465e+03 1.624011702578020433e+01 8.625325018184779036e-02 -9.599129577799827473e+01
7.900000000000000000e+02 2.348256247351469028e+03 1.603810713989380687e+01 8.637309060184925058e-02 -9.465683640730354398e+01
7.910000000000000000e+02 2.351638889704394387e+03 1.583966413386564653e+01 8.649246409612068587e-02 -9.330128331896899851e+01
7.920000000000000000e+02 2.354862315272766409e+03 1.564491934153184438e+01 8.661134211925464177e-02 -9.192388836057341450e+01
7.930000000000000000e+02 2.357919662975881693e+03 1.545400412890532138e+01 8.672969621389603478e-02 -9.052613095882372818e+01
7.940000000000000000e+02 2.360811497128951032e+03 1.526697561469849873e+01 8.684749803292859949e-02 -8.910874678760747258e+01
7.950000000000000000e+02 2.363530950546774420e+03 1.508403952486112232e+01 8.696471936151313475e-02 -8.767321344669937844e+01
7.960000000000000000e+02 2.366086009400174134e+03 1.490517877910194322e+01 8.708133213886543045e-02 -8.621877913081640088e+01
7.970000000000000000e+02 2.368477227973249228e+03 1.473045062893531565e+01 8.719730847978125754e-02 -8.474691964941462174e+01
7.980000000000000000e+02 2.370697728474483483e+03 1.455991237821642947e+01 8.731262069577802598e-02 -8.325762426169622188e+01
7.990000000000000000e+02 2.372755485902491273e+03 1.439362138717876149e+01 8.742724131565930701e-02 -8.175162419229400257e+01
8.000000000000000000e+02 2.374643614464651819e+03 1.423163507646960468e+01 8.754114310567069623e-02 -8.022816413727571216e+01
8.010000000000000000e+02 2.376362635541707732e+03 1.407393656929551184e+01 8.765429908898114686e-02 -7.868944971208367178e+01
8.020000000000000000e+02 2.377920426785385189e+03 1.392050874379939529e+01 8.776668256447461847e-02 -7.713467606207473182e+01
8.030000000000000000e+02 2.379302559288616067e+03 1.377163160624328597e+01 8.787826712486206115e-02 -7.556451360636137338e+01
8.040000000000000000e+02 2.380516884443293748e+03 1.362721382188175134e+01 8.798902667396908683e-02 -7.398037478940979383e+01
8.050000000000000000e+02 2.381548963691785048e+03 1.348753555398813830e+01 8.809893544320140935e-02 -7.238144275423613294e+01
8.060000000000000000e+02 2.382391781789362994e+03 1.335257991632095731e+01 8.820796800710570262e-02 -7.076987120129255970e+01
8.070000000000000000e+02 2.383045746674519251e+03 1.322247867811326572e+01 8.831609929809207393e-02 -6.914409888735720244e+01
8.080000000000000000e+02 2.383511260998310263e+03 1.309736370102553771e+01 8.842330462012740200e-02 -6.750702082531806525e+01
8.090000000000000000e+02 2.383781293663343604e+03 1.297729265958225753e+01 8.852955966151616896e-02 -6.585781711378962200e+01
8.100000000000000000e+02 2.383856236423424434e+03 1.286232332859243677e+01 8.863484050668789249e-02 -6.419715279755118331e+01
8.110000000000000000e+02 2.383736475442588471e+03 1.275251358704423232e+01 8.873912364702807309e-02 -6.252658361515131702e+01
8.120000000000000000e+02 2.383437247915176613e+03 1.264777285496867876e+01 8.884238599069040065e-02 -6.084669892731871244e+01
8.130000000000000000e+02 2.382951500244533236e+03 1.254823351479256566e+01 8.894460487142759331e-02 -5.915838455281644315e+01
8.140000000000000000e+02 2.382287029734606676e+03 1.245387949763529356e+01 8.904575805648588804e-02 -5.746245136756758143e+01
8.150000000000000000e+02 2.381451627840155652e+03 1.236469485408963287e+01 8.914582375352690657e-02 -5.575970960511081387e+01
8.160000000000000000e+02 2.380445651777451076e+03 1.228081232496603725e+01 8.924478061666421547e-02 -5.405096887385706594e+01
8.170000000000000000e+02 2.379262024495303649e+03 1.220221621098292708e+01 8.934260775153665679e-02 -5.233666675712515115e+01
8.180000000000000000e+02 2.377901091356435700e+03 1.212896522693237777e+01 8.943928471962943327e-02 -5.061694311447312344e+01
8.190000000000000000e+02 2.376355763427401598e+03 1.206104393828854882e+01 8.953479154168542120e-02 -4.889216008431291272e+01
8.200000000000000000e+02 2.374618945828455708e+03 1.199865989878325401e+01 8.962910870045000256e-02 -4.716267925175753817e+01
8.210000000000000000e+02 2.372683537741971122e+03 1.194172366940342300e+01 8.972221714263994841e-02 -4.542878738371911851e+01
8.220000000000000000e+02 2.370549860779451592e+03 1.189036880636980342e+01 8.981409828032023424e-02 -4.369069644774404537e+01
8.230000000000000000e+02 2.368210802305643483e+03 1.184458044702911650e+01 8.990473399161758028e-02 -4.194884076508160575e+01
8.240000000000000000e+02 2.365674100521200216e+03 1.180441816370656305e+01 8.999410662095853886e-02 -4.020417416396522725e+01
8.250000000000000000e+02 2.362947487800835461e+03 1.176986739998323550e+01 9.008219897888022909e-02 -3.845779858157294484e+01
8.260000000000000000e+02 2.360031262387843981e+03 1.174098804091809889e+01 9.016899434134875713e-02 -3.671081551668638099e+01
8.270000000000000000e+02 2.356933145144862010e+03 1.171769156568897330e+01 9.025447644882676757e-02 -3.496432604953553636e+01
8.280000000000000000e+02 2.353653422908462744e+03 1.170003818467978007e+01 9.033862950506632572e-02 -3.321928229480891304e+01
8.290000000000000000e+02 2.350207233599150186e+03 1.168801399197609037e+01 9.042143817572133313e-02 -3.147685883934173390e+01
8.300000000000000000e+02 2.346594852883088606e+03 1.168167953529630942e+01 9.050288758685831603e-02 -2.973800706142737127e+01
8.310000000000000000e+02 2.342816550938106957e+03 1.168094696833083823e+01 9.058296332334676848e-02 -2.800300945027006350e+01
8.320000000000000000e+02 2.338865164171050765e+03 1.168587718751641447e+01 9.066165142734797233e-02 -2.627229674511224289e+01
8.330000000000000000e+02 2.334733523637045892e+03 1.169653126771076579e+01 9.073893839686358875e-02 -2.454600225494243304e+01
8.340000000000000000e+02 2.330429311809750288e+03 1.171289618128262511e+01 9.081481118438380906e-02 -2.282440758034760009e+01
8.350000000000000000e+02 2.325937920899937581e+03 1.173495908411721800e+01 9.088925719577831130e-02 -2.110786835095409941e+01
8.360000000000000000e+02 2.321252166325775761e+03 1.176278160153005281e+01 9.096226428942294495e-02 -1.939651711245909738e+01
8.370000000000000000e+02 2.316379715131194189e+03 1.179635126357943342e+01 9.103382077567442887e-02 -1.769085761578209315e+01
8.380000000000000000e+02 2.311328229351765458e+03 1.183565579079078667e+01 9.110391541658807713e-02 -1.599154198777165448e+01
8.390000000000000000e+02 2.306083081028044944e+03 1.188060881277840330e+01 9.117253742613146139e-02 -1.429959360300243887e+01
8.400000000000000000e+02 2.300674207419132927e+03 1.193119843727552798e+01 9.123967647073916165e-02 -1.261581283711325341e+01
8.410000000000000000e+02 2.295094399207986953e+03 1.198733868505368427e+01 9.130532267037649863e-02 -1.094122278924175262e+01
8.420000000000000000e+02 2.289351299007571470e+03 1.204901805874992071e+01 9.136946660007602694e-02 -9.276623602484553643e+00
8.430000000000000000e+02 2.283445116360489465e+03 1.211615097758084048e+01 9.143209929190261598e-02 -7.622963902933990177e+00
8.440000000000000000e+02 2.277398341186015386e+03 1.218865206245972566e+01 9.149321223750195298e-02 -5.981117970738162981e+00
8.450000000000000000e+02 2.271188888669290918e+03 1.226658470451105920e+01 9.155279739108258819e-02 -4.351514344193567752e+00
8.460000000000000000e+02 2.264831811150714202e+03 1.234993821596649965e+01 9.161084717300312097e-02 -2.734782107854234479e+00
8.470000000000000000e+02 2.258312443005383557e+03 1.243877639846702543e+01 9.166735447375960744e-02 -1.131297784830693987e+00
8.480000000000000000e+02 2.251638399121507064e+03 1.253301469374567212e+01 9.172231265850054605e-02 4.584209389605377605e-01
8.490000000000000000e+02 2.244802433170738823e+03 1.263271731872070092e+01 9.177571557201462393e-02 2.033906844530203539e+00
8.500000000000000000e+02 2.237797294325227540e+03 1.273787441596409487e+01 9.182755754417940008e-02 3.594676302948490498e+00
8.510000000000000000e+02 2.230637955166577285e+03 1.284855209734261727e+01 9.187783339577945685e-02 5.140269712490941778e+00
8.520000000000000000e+02 2.223316870130981897e+03 1.296452545456864414e+01 9.192653844470716207e-02 6.670276284966299762e+00
8.530000000000000000e+02 2.215841288722745503e+03 1.308579411707219009e+01 9.197366851254809572e-02 8.184294359236091054e+00
8.540000000000000000e+02 2.208211027614665909e+03 1.321220935927120799e+01 9.201921993139280942e-02 9.681922119696444895e+00
8.550000000000000000e+02 2.200448184042703360e+03 1.334369695152362212e+01 9.206318955092597511e-02 1.116275757456778805e+01
8.560000000000000000e+02 2.192537708993897468e+03 1.348018287696489814e+01 9.210557474571230696e-02 1.262643567594984262e+01
8.570000000000000000e+02 2.184501690695428351e+03 1.362144476473953070e+01 9.214637342257023245e-02 1.407254658629094912e+01
8.580000000000000000e+02 2.176339927796238953e+03 1.376755759114991129e+01 9.218558402804731544e-02 1.550060594333191055e+01
8.590000000000000000e+02 2.168052214398934666e+03 1.391837369517114631e+01 9.222320555592196378e-02 1.690990627147294845e+01
8.600000000000000000e+02 2.159638340038959541e+03 1.407396847939809525e+01 9.225923755462299425e-02 1.829973981068492961e+01
8.610000000000000000e+02 2.151105518012557241e+03 1.423426899236573995e+01 9.229368013451860753e-02 1.966932421144705501e+01
8.620000000000000000e+02 2.142446100302838659e+03 1.439920249528931251e+01 9.232653397506417059e-02 2.101787679673080333e+01
8.630000000000000000e+02 2.133674719307498890e+03 1.456891931221042213e+01 9.235780033168745906e-02 2.234468882403035650e+01
8.640000000000000000e+02 2.124783717714024988e+03 1.474327284502320268e+01 9.238748104231672698e-02 2.364890261343471423e+01
8.650000000000000000e+02 2.115772861878240747e+03 1.492226527393927604e+01 9.241557853359273766e-02 2.492995722727955155e+01
8.660000000000000000e+02 2.106656770153516391e+03 1.510582470633806373e+01 9.244209582659702884e-02 2.618758844884727210e+01
8.670000000000000000e+02 2.097420342770258685e+03 1.529387945953634009e+01 9.246703654209108281e-02 2.742190304463887429e+01
8.680000000000000000e+02 2.088070760271250037e+03 1.548628377646343068e+01 9.249040490520001045e-02 2.863263590819415683e+01
8.690000000000000000e+02 2.078615198447683724e+03 1.568296639175609286e+01 9.251220574943237740e-02 2.981989287404464406e+01
8.700000000000000000e+02 2.069045971629198448e+03 1.588393053076169537e+01 9.253244452013821564e-02 3.098348214520896349e+01
8.710000000000000000e+02 2.059370246079712615e+03 1.608895677444639105e+01 9.255112727712269671e-02 3.212343425682602316e+01
8.720000000000000000e+02 2.049595183296578398e+03 1.629797447574172153e+01 9.256826069657252132e-02 3.323963063786378314e+01
8.730000000000000000e+02 2.039713083315050881e+03 1.651083890778860663e+01 9.258385207217210977e-02 3.433158073994750481e+01
8.740000000000000000e+02 2.029738526470280704e+03 1.672755411311475626e+01 9.259790931537460745e-02 3.539894200133636559e+01
8.750000000000000000e+02 2.019671231663013941e+03 1.694797576821414253e+01 9.261044095477490024e-02 3.644114840900277130e+01
8.760000000000000000e+02 2.009518341433880551e+03 1.717195974906196554e+01 9.262145613464638216e-02 3.745785617938210521e+01
8.770000000000000000e+02 1.999279565293366431e+03 1.739936212954596328e+01 9.263096461256503655e-02 3.844842375374312837e+01
8.780000000000000000e+02 1.988976893160529698e+03 1.763011346332254448e+01 9.263897675605309301e-02 3.941258032976266890e+01
8.790000000000000000e+02 1.978595168606208063e+03 1.786414449859075049e+01 9.264550353834941077e-02 4.034975729023083346e+01
8.800000000000000000e+02 1.968148944058171764e+03 1.810131189278968478e+01 9.265055653321903339e-02 4.125960816798382069e+01
8.810000000000000000e+02 1.957630482410138711e+03 1.834154677772742303e+01 9.265414790886046525e-02 4.214171149250910986e+01
8.820000000000000000e+02 1.947054327191995526e+03 1.858485475762928019e+01 9.265629042087741851e-02 4.299571933777844635e+01
8.830000000000000000e+02 1.936412732545027666e+03 1.883101877310062378e+01 9.265699740434146792e-02 4.382113445279445330e+01
8.840000000000000000e+02 1.925705376707671803e+03 1.908011908354198027e+01 9.265628276500463556e-02 4.461768166039704653e+01
8.850000000000000000e+02 1.914939362108219484e+03 1.933201328045388934e+01 9.265416096964100567e-02 4.538486213779630418e+01
8.860000000000000000e+02 1.904114358764880308e+03 1.958655913569151963e+01 9.265064703557479575e-02 4.612239909940399940e+01
8.870000000000000000e+02 1.893230032744301297e+03 1.984376316614138602e+01 9.264575651939931100e-02 4.683023777893341588e+01
8.880000000000000000e+02 1.882300902977831811e+03 2.010348349730731243e+01 9.263950550500169023e-02 4.750839684479309710e+01
8.890000000000000000e+02 1.871311771283033977e+03 2.036550414433299849e+01 9.263191059087781676e-02 4.815704266630200436e+01
8.900000000000000000e+02 1.860284577645898253e+03 2.062983214345560157e+01 9.262298887675321502e-02 4.877604359571749626e+01
8.910000000000000000e+02 1.849211545205163702e+03 2.089632613185994714e+01 9.261275794968601427e-02 4.936556421964404251e+01
8.920000000000000000e+02 1.838099750496624893e+03 2.116484491197277507e+01 9.260123586958037001e-02 4.992554535826675277e+01
8.930000000000000000e+02 1.826948838550986920e+03 2.143532173217646175e+01 9.258844115424247345e-02 5.045607546699325496e+01
8.940000000000000000e+02 1.815773308098600182e+03 2.170746714993157767e+01 9.257439276403676975e-02 5.095709348696784247e+01
8.950000000000000000e+02 1.804557941626799447e+03 2.198136329685006274e+01 9.255911008616435343e-02 5.142846311350935906e+01
8.960000000000000000e+02 1.793324660695377361e+03 2.225672104064349810e+01 9.254261291865700789e-02 5.187026991548397348e+01
8.970000000000000000e+02 1.782065670951388029e+03 2.253347425003558158e+01 9.252492145415061597e-02 5.228237562009645956e+01
8.980000000000000000e+02 1.770788032400982274e+03 2.281148265756330318e+01 9.250605626352310928e-02 5.266471523316663905e+01
8.990000000000000000e+02 1.759498802881970960e+03 2.309053185630614990e+01 9.248603827940982125e-02 5.301729702587086734e+01
9.000000000000000000e+02 1.748197609888776697e+03 2.337063043054267197e+01 9.246488877970084064e-02 5.333997967146773078e+01
9.010000000000000000e+02 1.736884044822321357e+03 2.365149158395911044e+01 9.244262937103822630e-02 5.363276345339373563e+01
9.020000000000000000e+02 1.725572417036870547e+03 2.393313225263684529e+01 9.241928197251524091e-02 5.389562394555844094e+01
9.030000000000000000e+02 1.714262143448600227e+03 2.421542255194564319e+01 9.239486879939606823e-02 5.412838117509605240e+01
9.040000000000000000e+02 1.702952639691214017e+03 2.449823272369755145e+01 9.236941234712710280e-02 5.433107694287705414e+01
9.050000000000000000e+02 1.691650748643460020e+03 2.478143313237400847e+01 9.234293537556935438e-02 5.450360339590393011e+01
9.060000000000000000e+02 1.680355883904615894e+03 2.506504282827333441e+01 9.231546089358795559e-02 5.464585158479986404e+01
9.070000000000000000e+02 1.669082315019430553e+03 2.534878384255376815e+01 9.228701214397212749e-02 5.475778573838213248e+01
9.080000000000000000e+02 1.657822025898765332e+03 2.563260116772474717e+01 9.225761258875377069e-02 5.483951753883393110e+01
9.090000000000000000e+02 1.646581856739961495e+03 2.591651418653184891e+01 9.222728589497306007e-02 5.489108326347506761e+01
9.100000000000000000e+02 1.635361219141984066e+03 2.620031953375335476e+01 9.219605592092813828e-02 5.491259234466334505e+01
9.110000000000000000e+02 1.624166952968186251e+03 2.648388822593429737e+01 9.216394670290432856e-02 5.490415307981555770e+01
9.120000000000000000e+02 1.613005898154311808e+03 2.676716565702879436e+01 9.213098244242982904e-02 5.486587262556530931e+01
9.130000000000000000e+02 1.601877466512150477e+03 2.705009731045939247e+01 9.209718749411673067e-02 5.479785699256235887e+01
9.140000000000000000e+02 1.590781070229046236e+03 2.733248018759470099e+01 9.206258635396562251e-02 5.470013675741623160e+01
9.150000000000000000e+02 1.579716122012248888e+03 2.761425993716436977e+01 9.202720364833572031e-02 5.457288990930134531e+01
9.160000000000000000e+02 1.568696891928651667e+03 2.789538228358305005e+01 9.199106412342326899e-02 5.441629327970472474e+01
9.170000000000000000e+02 1.557715365787488281e+03 2.817557017169813349e+01 9.195419263529505671e-02 5.423037397283133032e+01
9.180000000000000000e+02 1.546770958669867923e+03 2.845484374649052839e+01 9.191661414052000600e-02 5.401545506468796276e+01
9.190000000000000000e+02 1.535877943402071423e+03 2.873300036367112753e+01 9.187835368731421537e-02 5.377156133379131120e+01
9.200000000000000000e+02 1.525035737272064580e+03 2.900998600224066593e+01 9.183943640722014301e-02 5.349886496156913296e+01
9.210000000000000000e+02 1.514236330491750550e+03 2.928559812546310326e+01 9.179988750728329538e-02 5.319753696539736865e+01
9.220000000000000000e+02 1.503493999704504859e+03 2.955978280979820383e+01 9.175973226271157135e-02 5.286797004980256531e+01
9.230000000000000000e+02 1.492815594685344422e+03 2.983248617276155557e+01 9.171899600998581481e-02 5.251040719029305137e+01
9.240000000000000000e+02 1.482185681736365041e+03 3.010358008423296639e+01 9.167770414038911575e-02 5.212523876935561162e+01
9.250000000000000000e+02 1.471625970579624664e+03 3.037286216121702864e+01 9.163588209386901162e-02 5.171277972857151184e+01
9.260000000000000000e+02 1.461128459290933279e+03 3.064035289656687056e+01 9.159355535331470399e-02 5.127349242237670524e+01
9.270000000000000000e+02 1.450700004482802797e+03 3.090584995264047663e+01 9.155074943904445428e-02 5.080761520442310086e+01
9.280000000000000000e+02 1.440347464681077554e+03 3.116937385694852836e+01 9.150748990358283097e-02 5.031553384957584285e+01
9.290000000000000000e+02 1.430070272047810931e+03 3.143072229573808585e+01 9.146380232663559040e-02 4.979755870849189137e+01
9.300000000000000000e+02 1.419867860800970220e+03 3.168976724257170829e+01 9.141971231019066502e-02 4.925392471329579536e+01
9.310000000000000000e+02 1.409739667280574167e+03 3.194645495287137749e+01 9.137524547376325856e-02 4.868493995083829873e+01
9.320000000000000000e+02 1.399699986712390228e+03 3.220065739143711170e+01 9.133042744962543980e-02 4.809083710250993704e+01
9.330000000000000000e+02 1.389740831517334982e+03 3.245232079395989899e+01 9.128528387811234157e-02 4.747199630211872545e+01
9.340000000000000000e+02 1.379869073121221618e+03 3.270116852750883396e+01 9.123984040283070196e-02 4.682857372628540560e+01
9.350000000000000000e+02 1.370084156960774635e+03 3.294722106953980756e+01 9.119412266576412684e-02 4.616094730388904566e+01
9.360000000000000000e+02 1.360385530889316442e+03 3.319027601786837778e+01 9.114815630223550846e-02 4.546941959099548569e+01
9.370000000000000000e+02 1.350780073581546276e+03 3.343035378617885556e+01 9.110196693572392146e-02 4.475444063079562085e+01
9.380000000000000000e+02 1.341267237887065676e+03 3.366732618101501373e+01 9.105558017237778967e-02 4.401631082950282803e+01
9.390000000000000000e+02 1.331853907584806848e+03 3.390106496330202646e+01 9.100902159528227731e-02 4.325547810073089039e+01
9.400000000000000000e+02 1.322532112386504195e+03 3.413136755937968303e+01 9.096231675839250297e-02 4.247231502579882090e+01
9.410000000000000000e+02 1.313316169742830198e+03 3.435832847307411697e+01 9.091549118014778663e-02 4.166711886497138551e+01
9.420000000000000000e+02 1.304198114797812423e+03 3.458174501226533692e+01 9.086857033667165850e-02 4.084033441961900479e+01
9.430000000000000000e+02 1.295184842197359330e+03 3.480148870102035374e+01 9.082157965454311366e-02 3.999240547726088124e+01
9.440000000000000000e+02 1.286275821097462085e+03 3.501757955775367037e+01 9.077454450317042067e-02 3.912384910749566558e+01
9.450000000000000000e+02 1.277477951925604430e+03 3.522988895591738867e+01 9.072749018668532783e-02 3.823503282428604422e+01
9.460000000000000000e+02 1.268783281393135212e+03 3.543836246925500433e+01 9.068044193534688380e-02 3.732647173310959943e+01
9.470000000000000000e+02 1.260206144312078322e+03 3.564279701609060425e+01 9.063342489651468603e-02 3.639867997742852168e+01
9.480000000000000000e+02 1.251738593561811740e+03 3.584328655519500018e+01 9.058646412505425016e-02 3.545209646898098299e+01
9.490000000000000000e+02 1.243380113561028111e+03 3.603970209617741460e+01 9.053958457329333576e-02 3.448708490188034403e+01
9.500000000000000000e+02 1.235145048691830198e+03 3.623191454496401320e+01 9.049281108052496803e-02 3.350430518451879891e+01
9.510000000000000000e+02 1.227025471061323742e+03 3.641979493243153598e+01 9.044616836194466214e-02 3.250403527446242435e+01
9.520000000000000000e+02 1.219020922290518456e+03 3.660336367730956653e+01 9.039968099716035044e-02 3.148681086015321995e+01
9.530000000000000000e+02 1.211138385289062171e+03 3.678249274655344436e+01 9.035337341826135682e-02 3.045293427634317140e+01
9.540000000000000000e+02 1.203369989854238156e+03 3.695712826750389723e+01 9.030726989746024058e-02 2.940292984880117544e+01
9.550000000000000000e+02 1.195730154510867806e+03 3.712714195620829116e+01 9.026139453428964898e-02 2.833717249247547798e+01
9.560000000000000000e+02 1.188211016501218865e+03 3.729247967983061329e+01 9.021577124242344259e-02 2.725611057790361969e+01
9.570000000000000000e+02 1.180819573630258446e+03 3.745308716863470266e+01 9.017042373621693419e-02 2.616019166383166450e+01
9.580000000000000000e+02 1.173547970961059491e+03 3.760898429505515850e+01 9.012537551689063509e-02 2.505008536405592068e+01
9.590000000000000000e+02 1.166403214314375646e+03 3.776004221884231526e+01 9.008064985846304940e-02 2.392638622995376352e+01
9.600000000000000000e+02 1.159392313668621682e+03 3.790635480031275506e+01 9.003626979345380477e-02 2.278961376722574883e+01
9.610000000000000000e+02 1.152507426561464399e+03 3.804771861165629332e+01 8.999225809843826307e-02 2.164028673633750088e+01
9.620000000000000000e+02 1.145755571594198045e+03 3.818422720086800837e+01 8.994863727944439613e-02 2.047907173665808855e+01
9.630000000000000000e+02 1.139136343485303541e+03 3.831582538673328742e+01 8.990542955731446739e-02 1.930656037327742425e+01
9.640000000000000000e+02 1.132649341525566797e+03 3.844238353841896583e+01 8.986265685299857364e-02 1.812312070751622528e+01
9.650000000000000000e+02 1.126294169683111249e+03 3.856399470566070420e+01 8.982034077292752605e-02 1.692926869214275953e+01
9.660000000000000000e+02 1.120070436708181433e+03 3.868045463051185351e+01 8.977850259443570513e-02 1.572551962226156519e+01
9.670000000000000000e+02 1.113985184587497315e+03 3.879178172821592341e+01 8.973716325135103200e-02 1.451238815339731225e+01
9.680000000000000000e+02 1.108030603596498850e+03 3.889791994964022592e+01 8.969634331975546992e-02 1.329031403626787800e+01
9.690000000000000000e+02 1.102213745801777577e+03 3.899881306130993863e+01 8.965606300399965589e-02 1.205981070225879570e+01
9.700000000000000000e+02 1.096534240109753682e+03 3.909433035852479321e+01 8.961634212304603331e-02 1.082131671508421178e+01
9.710000000000000000e+02 1.090984292363642453e+03 3.918463807957764544e+01 8.957720009711545028e-02 9.575418640160055617e+00
9.720000000000000000e+02 1.085570970488272906e+03 3.926953085102408636e+01 8.953865593479060081e-02 8.322702496668076932e+00
9.730000000000000000e+02 1.080293919530061885e+03 3.934902595257992175e+01 8.950072822053040111e-02 7.063605209827131581e+00
9.740000000000000000e+02 1.075160218444472548e+03 3.942321474707785711e+01 8.946343510271131949e-02 5.798711764391052625e+00
9.750000000000000000e+02 1.070154666777787497e+03 3.949189126000023009e+01 8.942679428217904791e-02 4.528680940849977077e+00
9.760000000000000000e+02 1.065284354846805172e+03 3.955522072812907908e+01 8.939082300139523929e-02 3.253873917842109886e+00
9.770000000000000000e+02 1.060556378761326869e+03 3.961299676173008066e+01 8.935553803420971664e-02 1.975022843825536611e+00
9.780000000000000000e+02 1.055962983791586112e+03 3.966538417686692952e+01 8.932095567624029342e-02 6.924880224320074662e-01
9.790000000000000000e+02 1.051503849481289762e+03 3.971232472475011832e+01 8.928709173597197679e-02 -5.931180854995392604e-01
9.800000000000000000e+02 1.047186089703971902e+03 3.975368565618914118e+01 8.925396152655849791e-02 -1.881317115285603192e+00
9.810000000000000000e+02 1.043001967662394463e+03 3.978970542013239964e+01 8.922157985828726989e-02 -3.171601353600755235e+00
9.820000000000000000e+02 1.038951180983005543e+03 3.982017654274123686e+01 8.918996103186244140e-02 -4.463456002191716898e+00
9.830000000000000000e+02 1.035033433402761148e+03 3.984526274359500775e+01 8.915911883237574720e-02 -5.756366584643365591e+00
9.840000000000000000e+02 1.031255863149637662e+03 3.986483038192168493e+01 8.912906652406413222e-02 -7.049841952430544900e+00
9.850000000000000000e+02 1.027610757915216254e+03 3.987889415544062643e+01 8.909981684581461114e-02 -8.343417977007966613e+00
9.860000000000000000e+02 1.024097839921741979e+03 3.988746853125991976e+01 8.907138200741819556e-02 -9.636642670772523900e+00
9.870000000000000000e+02 1.020724265931370041e+03 3.989056774385282012e+01 8.904377368659574521e-02 -1.092907616447411456e+01
9.880000000000000000e+02 1.017482342197575235e+03 3.988805722610334215e+01 8.901700302676153476e-02 -1.222027211349992903e+01
9.890000000000000000e+02 1.014371809511011406e+03 3.988009930844579998e+01 8.899108063549585057e-02 -1.350978436030042396e+01
9.900000000000000000e+02 1.011392414837390561e+03 3.986648466554117931e+01 8.896601658373078092e-02 -1.479710748425191547e+01
9.910000000000000000e+02 1.008543911298730336e+03 3.984730086607306987e+01 8.894182040561754432e-02 -1.608189962858636690e+01
9.920000000000000000e+02 1.005833486498117168e+03 3.982263523708622444e+01 8.891850109905116706e-02 -1.736350706216046191e+01
9.930000000000000000e+02 1.003246049086667313e+03 3.979235201190335403e+01 8.889606712682812661e-02 -1.864142471312505833e+01
9.940000000000000000e+02 1.000796227176893922e+03 3.975661231314354183e+01 8.887452641839843626e-02 -1.991499901064536004e+01
9.950000000000000000e+02 9.984689414962307410e+02 3.971542845028590563e+01 8.885388637213180452e-02 -2.118379927792827644e+01
9.960000000000000000e+02 9.962714037884886693e+02 3.966881248533194082e+01 8.883415385817279575e-02 -2.244717200651659539e+01
9.970000000000000000e+02 9.942034033570497513e+02 3.961670194804069922e+01 8.881533522169278438e-02 -2.370461224891582930e+01
9.980000000000000000e+02 9.922647353541333359e+02 3.955918268525554282e+01 8.879743628665894006e-02 -2.495554074301828962e+01
9.990000000000000000e+02 9.904477723647343055e+02 3.949634029280185388e+01 8.878046235990527668e-02 -2.619922960336256423e+01
1.000000000000000000e+03 9.887597493871147663e+02 3.942811154746981117e+01 8.876441823559910738e-02 -2.743517371325273402e+01
1.001000000000000000e+03 9.871856679174032934e+02 3.935450572003942682e+01 8.874930819997717268e-02 -2.866272313042038533e+01
1.002000000000000000e+03 9.857404320538821594e+02 3.927552568126974819e+01 8.873513603635690972e-02 -2.988124317449602785e+01
1.003000000000000000e+03 9.844092838832807502e+02 3.919117251082671061e+01 8.872190503032537090e-02 -3.109010285512473715e+01
1.004000000000000000e+03 9.831997559383418093e+02 3.910144703318981385e+01 8.870961797507048718e-02 -3.228874528091250085e+01
1.005000000000000000e+03 9.820971010099350451e+02 3.900634981709722382e+01 8.869827717682442214e-02 -3.347661335000771743e+01
1.006000000000000000e+03 9.811162905104621359e+02 3.890602974209445364e+01 8.868788446040518081e-02 -3.465337257464575771e+01
1.007000000000000000e+03 9.802425875819957355e+02 3.880063543117390878e+01 8.867844117472001297e-02 -3.581883677165806290e+01
1.008000000000000000e+03 9.794835454570618367e+02 3.869031525052297837e+01 8.866994819827105079e-02 -3.697289375297741998e+01
1.009000000000000000e+03 9.788392939659872809e+02 3.857521730937823179e+01 8.866240594459283419e-02 -3.811520816565500525e+01
1.010000000000000000e+03 9.782951110947032021e+02 3.845556374349067852e+01 8.865581436758517009e-02 -3.924559288344202912e+01
1.011000000000000000e+03 9.778659929943980842e+02 3.833135358118981628e+01 8.865017296671147407e-02 -4.036378613041755870e+01
1.012000000000000000e+03 9.775372270881250643e+02 3.820280844458635983e+01 8.864548079201542419e-02 -4.146967430572144053e+01
1.013000000000000000e+03 9.773089620817193008e+02 3.806985256535868700e+01 8.864173644893549864e-02 -4.256292054038170392e+01
1.014000000000000000e+03 9.771962078743380289e+02 3.793248420268797361e+01 8.863893810293785314e-02 -4.364303895529623389e+01
1.015000000000000000e+03 9.771768370186709944e+02 3.779055279329425332e+01 8.863708348382920432e-02 -4.470976605338835697e+01
1.016000000000000000e+03 9.772658681370895692e+02 3.764413036961576609e+01 8.863616988986572354e-02 -4.576276356042840376e+01
1.017000000000000000e+03 9.774634673854667426e+02 3.749299157608358968e+01 8.863619419154966650e-02 -4.680169268358107360e+01
1.018000000000000000e+03 9.777549483708754678e+02 3.733713365455862743e+01 8.863715283515780086e-02 -4.782613980318555491e+01
1.019000000000000000e+03 9.781479138228362444e+02 3.717662787837532079e+01 8.863904184594462166e-02 -4.883576501530468050e+01
1.020000000000000000e+03 9.786425421147488350e+02 3.701139670301365214e+01 8.864185683108680158e-02 -4.982993069004222519e+01
1.021000000000000000e+03 9.792315871888633865e+02 3.684180803543107885e+01 8.864559298227739359e-02 -5.080807286519386423e+01
1.022000000000000000e+03 9.799152351843538327e+02 3.666785811698059661e+01 8.865024507808594301e-02 -5.176962693921445435e+01
1.023000000000000000e+03 9.806788193167764121e+02 3.648976579301106682e+01 8.865580748599816152e-02 -5.271387908103612574e+01
1.024000000000000000e+03 9.815373899124067520e+02 3.630767538057330768e+01 8.866227416418781537e-02 -5.364033762477844647e+01
1.025000000000000000e+03 9.824688591914145945e+02 3.612180523727750625e+01 8.866963866304743147e-02 -5.454828734632592813e+01
1.026000000000000000e+03 9.834882847083034676e+02 3.593222491277482789e+01 8.867789412649899894e-02 -5.543723514234984862e+01
1.027000000000000000e+03 9.845810141400019120e+02 3.573900371788867147e+01 8.868703329305453742e-02 -5.630735570976307258e+01
1.028000000000000000e+03 9.857472553299685387e+02 3.554221072687784044e+01 8.869704849673926139e-02 -5.715867440608239747e+01
1.029000000000000000e+03 9.870020762328861110e+02 3.534191477983632268e+01 8.870793166781684724e-02 -5.799136436279516005e+01
1.030000000000000000e+03 9.883234064094942823e+02 3.513811020172673949e+01 8.871967433345021026e-02 -5.880559789819260885e+01
1.031000000000000000e+03 9.897263204773305461e+02 3.493093965555918601e+01 8.873226761821131903e-02 -5.960162078120654172e+01
1.032000000000000000e+03 9.911961829081267297e+02 3.472039701118677613e+01 8.874570224458963597e-02 -6.037945507824194635e+01
1.033000000000000000e+03 9.927480747805840338e+02 3.450655019875173934e+01 8.875996853345444193e-02 -6.113927055205236627e+01
1.034000000000000000e+03 9.943673669299794255e+02 3.428946692825301312e+01 8.877505640457696023e-02 -6.188056752510534864e+01
1.035000000000000000e+03 9.960617183520405433e+02 3.406936325975085111e+01 8.879095537718104114e-02 -6.260277113003507310e+01
1.036000000000000000e+03 9.978165060537579620e+02 3.384630647268434700e+01 8.880765457061759460e-02 -6.330537985962656933e+01
1.037000000000000000e+03 9.996245384065531425e+02 3.362043791983164454e+01 8.882514270518764021e-02 -6.398781698334374113e+01
1.038000000000000000e+03 1.001500911798442758e+03 3.339189874738313790e+01 8.884340810313955117e-02 -6.464957909842551942e+01
1.039000000000000000e+03 1.003431012133106833e+03 3.316082989863753028e+01 8.886243868989289474e-02 -6.529016183103753690e+01
1.040000000000000000e+03 1.005407656530750955e+03 3.292722355081007635e+01 8.888222199556124192e-02 -6.590898553798845683e+01
1.041000000000000000e+03 1.007438521626410193e+03 3.269129453647279604e+01 8.890274515674867484e-02 -6.650606384403836557e+01
1.042000000000000000e+03 1.009516430115099411e+03 3.245288607957316884e+01 8.892399491867081229e-02 -6.708140936023150402e+01
1.043000000000000000e+03 1.011634207396210627e+03 3.221213835110292933e+01 8.894595763771610819e-02 -6.763481082030800451e+01
1.044000000000000000e+03 1.013806966565588482e+03 3.196904277233353397e+01 8.896861928434722511e-02 -6.816694732072525653e+01
1.045000000000000000e+03 1.016020109902210493e+03 3.172351630266956590e+01 8.899196544647418328e-02 -6.867715980362858375e+01
1.046000000000000000e+03 1.018273898904922248e+03 3.147577286160860055e+01 8.901598133329320650e-02 -6.916627381855037981e+01
1.047000000000000000e+03 1.020568597523701442e+03 3.122565478175890519e+01 8.904065177963053912e-02 -6.963362817146794725e+01
1.048000000000000000e+03 1.022904472087690237e+03 3.097337564849331315e+01 8.906596125077294313e-02 -7.007930341958534370e+01
1.049000000000000000e+03 1.025274362879014234e+03 3.071922317065278918e+01 8.909189384783790244e-02 -7.050263619153251682e+01
1.050000000000000000e+03 1.027678540753176549e+03 3.046333633483301639e+01 8.911843331373694999e-02 -7.090519051825125985e+01
1.051000000000000000e+03 1.030109883761931314e+03 3.020592659195947505e+01 8.914556303959934869e-02 -7.128629627026387539e+01
1.052000000000000000e+03 1.032568833988312463e+03 2.994705000531375205e+01 8.917326607189089704e-02 -7.164526402289612861e+01
1.053000000000000000e+03 1.035055868879334867e+03 2.968705796296854516e+01 8.920152512000323330e-02 -7.198214151534253347e+01
1.054000000000000000e+03 1.037571467739906893e+03 2.942607886714817766e+01 8.923032256444819732e-02 -7.229697535239507999e+01
1.055000000000000000e+03 1.040101254929316610e+03 2.916416670636845510e+01 8.925964046564134613e-02 -7.259055383282361618e+01
1.056000000000000000e+03 1.042653141504712266e+03 2.890137534412992792e+01 8.928946057321311691e-02 -7.286217843814611683e+01
1.057000000000000000e+03 1.045220183357340829e+03 2.863783280766303818e+01 8.931976433590935183e-02 -7.311114949700531440e+01
1.058000000000000000e+03 1.047802866146102588e+03 2.837359272621359807e+01 8.935053291196717873e-02 -7.333899468504398556e+01
1.059000000000000000e+03 1.050394248475260838e+03 2.810870861988001934e+01 8.938174718006881847e-02 -7.354426917499536387e+01
1.060000000000000000e+03 1.053002246818940421e+03 2.784330818849080913e+01 8.941338775076516920e-02 -7.372701264255660192e+01
1.061000000000000000e+03 1.055619921989558861e+03 2.757744475001134532e+01 8.944543497836296431e-02 -7.388874926256229969e+01
1.062000000000000000e+03 1.058247764053902984e+03 2.731124581299390996e+01 8.947786897327748845e-02 -7.402728786042636955e+01
1.063000000000000000e+03 1.060878835494055693e+03 2.704469023154511476e+01 8.951066961474860029e-02 -7.414489309447085930e+01
1.064000000000000000e+03 1.063513627765692263e+03 2.677797962833990653e+01 8.954381656397532308e-02 -7.424011426813497394e+01
1.065000000000000000e+03 1.066145204452019016e+03 2.651116698263410143e+01 8.957728927757693804e-02 -7.431298517305978635e+01
1.066000000000000000e+03 1.068781486165918977e+03 2.624430520281496015e+01 8.961106702136414914e-02 -7.436502408741790759e+01
1.067000000000000000e+03 1.071408108647385234e+03 2.597752141546706639e+01 8.964512888434994498e-02 -7.439477676450930232e+01
1.068000000000000000e+03 1.074040421061598636e+03 2.571094268744819189e+01 8.967945379300595876e-02 -7.440301627709457932e+01
1.069000000000000000e+03 1.076656630691022883e+03 2.544462174797784115e+01 8.971402052565717600e-02 -7.438977167686299197e+01
1.070000000000000000e+03 1.079272086280657959e+03 2.517868556124338042e+01 8.974880772705437493e-02 -7.435507082943276203e+01
1.071000000000000000e+03 1.081872422727359435e+03 2.491318676500431195e+01 8.978379392299017103e-02 -7.429894041473258426e+01
1.072000000000000000e+03 1.084465559372385087e+03 2.464832652671479352e+01 8.981895753499885560e-02 -7.422214876281361740e+01
1.073000000000000000e+03 1.087037129740346018e+03 2.438415741513285795e+01 8.985427689500545545e-02 -7.412397734996685017e+01
1.074000000000000000e+03 1.089595051481236624e+03 2.412080625644921383e+01 8.988973025996856159e-02 -7.400519214042185467e+01
1.075000000000000000e+03 1.092132384460228877e+03 2.385839985640661709e+01 8.992529582639977037e-02 -7.386581508327827805e+01
1.076000000000000000e+03 1.094657044000652149e+03 2.359699072241834727e+01 8.996095174477855561e-02 -7.370512411492248361e+01
1.077000000000000000e+03 1.097154658976088967e+03 2.333663135268921351e+01 8.999667613374803810e-02 -7.352462450195677945e+01
1.078000000000000000e+03 1.099633141756999066e+03 2.307752280883538987e+01 9.003244709414764957e-02 -7.332433466932022270e+01
1.079000000000000000e+03 1.102078117956530605e+03 2.281971758748428059e+01 9.006824272275057441e-02 -7.310352903897943122e+01
1.080000000000000000e+03 1.104504924732155132e+03 2.256326819288342023e+01 9.010404112569905810e-02 -7.286370937411970772e+01
1.081000000000000000e+03 1.106899183836511838e+03 2.230837570950217597e+01 9.013982043166385294e-02 -7.260340493849062682e+01
1.082000000000000000e+03 1.109261371575060366e+03 2.205501839010787180e+01 9.017555880461637641e-02 -7.232411518156224872e+01
1.083000000000000000e+03 1.111591961965380733e+03 2.180332307885791465e+01 9.021123445621391512e-02 -7.202585273377233932e+01
1.084000000000000000e+03 1.113891426600937393e+03 2.155341664986438843e+01 9.024682565779433563e-02 -7.170862908242072820e+01
1.085000000000000000e+03 1.116152806168835696e+03 2.130535172925043952e+01 9.028231075191385513e-02 -7.137319741299214115e+01
1.086000000000000000e+03 1.118376567022840163e+03 2.105918098419989448e+01 9.031766816344607984e-02 -7.101808127581389840e+01
1.087000000000000000e+03 1.120563172710379376e+03 2.081495712849186575e+01 9.035287641025417649e-02 -7.064551727347971166e+01
1.088000000000000000e+03 1.122705655504483502e+03 2.057288149502697649e+01 9.038791411332235126e-02 -7.025476955332142381e+01
1.089000000000000000e+03 1.124804472991585271e+03 2.033300690732427540e+01 9.042276000645591005e-02 -6.984584399070958227e+01
1.090000000000000000e+03 1.126860079613803919e+03 2.009531196851543555e+01 9.045739294545716846e-02 -6.941948819771435808e+01
1.091000000000000000e+03 1.128872926566826436e+03 1.985999820083032219e+01 9.049179191682099610e-02 -6.897644869723244199e+01
1.092000000000000000e+03 1.130836033352950835e+03 1.962711863354275721e+01 9.052593604595839116e-02 -6.851598526258575816e+01
1.093000000000000000e+03 1.132749844390320732e+03 1.939680065891808169e+01 9.055980460492639439e-02 -6.803958510279693428e+01
1.094000000000000000e+03 1.134614800576861626e+03 1.916909747062875624e+01 9.059337701968181444e-02 -6.754650586309631421e+01
1.095000000000000000e+03 1.136431339209878615e+03 1.894413663615917898e+01 9.062663287688560443e-02 -6.703823264623967759e+01
1.096000000000000000e+03 1.138192465560756773e+03 1.872197153517858581e+01 9.065955193024656522e-02 -6.651402101404013933e+01
1.097000000000000000e+03 1.139906037855914064e+03 1.850272993190036530e+01 9.069211410647468052e-02 -6.597461117469200076e+01
1.098000000000000000e+03 1.141565053811130156e+03 1.828639112990394011e+01 9.072429951078569976e-02 -6.542074232543869527e+01
1.099000000000000000e+03 1.143162507272351149e+03 1.807315739494994844e+01 9.075608843203908371e-02 -6.485240983078637100e+01
1.100000000000000000e+03 1.144713673211529112e+03 1.786300825923949631e+01 9.078746134754533958e-02 -6.427035090631275693e+01
1.101000000000000000e+03 1.146196677811994732e+03 1.765592304289485170e+01 9.081839892753687526e-02 -6.367380768143578962e+01
1.102000000000000000e+03 1.147626772738079126e+03 1.745210270686649068e+01 9.084888203929880612e-02 -6.306421605002803688e+01
1.103000000000000000e+03 1.148989489127882734e+03 1.725159944340990492e+01 9.087889175111388274e-02 -6.244077401489083456e+01
1.104000000000000000e+03 1.150300067419526385e+03 1.705446558250199729e+01 9.090840933589371120e-02 -6.180475859316403131e+01
1.105000000000000000e+03 1.151544030514632141e+03 1.686067931344009097e+01 9.093741627469757727e-02 -6.115625735855320499e+01
1.106000000000000000e+03 1.152721753848550406e+03 1.667036754040957902e+01 9.096589425999336564e-02 -6.049550556121570821e+01
1.107000000000000000e+03 1.153841037011758317e+03 1.648358303699245653e+01 9.099382519885657050e-02 -5.982288614509852209e+01
1.108000000000000000e+03 1.154887390323120144e+03 1.630037873463918885e+01 9.102119121605095620e-02 -5.913878119876095951e+01
1.109000000000000000e+03 1.155876033258177131e+03 1.612088201109100538e+01 9.104797465703164117e-02 -5.844349769018089802e+01
1.110000000000000000e+03 1.156792467625647078e+03 1.594507184473984829e+01 9.107415809096387760e-02 -5.773741605254037523e+01
1.111000000000000000e+03 1.157644475999303268e+03 1.577307595345045499e+01 9.109972431371410329e-02 -5.702091591996470754e+01
1.112000000000000000e+03 1.158424979948161536e+03 1.560479938180158932e+01 9.112465635085488513e-02 -5.629422758020896111e+01
1.113000000000000000e+03 1.159141753419909719e+03 1.544044449029567367e+01 9.114893746080496295e-02 -5.555795197930434171e+01
1.114000000000000000e+03 1.159787709323025183e+03 1.528006525897132128e+01 9.117255113802140432e-02 -5.481224362358350533e+01
1.115000000000000000e+03 1.160363184561030948e+03 1.512356729196294758e+01 9.119548111630187970e-02 -5.405755343566854521e+01
1.116000000000000000e+03 1.160868511665860069e+03 1.497115352300421520e+01 9.121771137225410941e-02 -5.329433164181893545e+01
1.117000000000000000e+03 1.161304018781320110e+03 1.482272995182200859e+01 9.123922612894370954e-02 -5.252280494316121917e+01
1.118000000000000000e+03 1.161670029646155172e+03 1.467842563299014280e+01 9.126000985972500257e-02 -5.174334795530194242e+01
1.119000000000000000e+03 1.161959435226235200e+03 1.453829554617456132e+01 9.128004729223261615e-02 -5.095648323077389108e+01
1.120000000000000000e+03 1.162172550396671340e+03 1.440224631680157685e+01 9.129932341266398799e-02 -5.016236129729335147e+01
1.121000000000000000e+03 1.162317113922429144e+03 1.427048192115598013e+01 9.131782347026504154e-02 -4.936150351587040319e+01
1.122000000000000000e+03 1.162386003387041001e+03 1.414290942235325943e+01 9.133553298202835846e-02 -4.855420783616594349e+01
1.123000000000000000e+03 1.162379520221542862e+03 1.401958467525265561e+01 9.135243773766725528e-02 -4.774084595415211396e+01
1.124000000000000000e+03 1.162305389681290762e+03 1.390063804675547665e+01 9.136852380481076674e-02 -4.692178905251412147e+01
1.125000000000000000e+03 1.162149047420341276e+03 1.378597728549552137e+01 9.138377753446688678e-02 -4.609740782478947096e+01
1.126000000000000000e+03 1.161910781216610758e+03 1.367565894294864037e+01 9.139818556670048499e-02 -4.526822106672757684e+01
1.127000000000000000e+03 1.161605730944302422e+03 1.356973980991849871e+01 9.141173483657066834e-02 -4.443459856683046638e+01
1.128000000000000000e+03 1.161226746793631037e+03 1.346827691991821574e+01 9.142441258025947592e-02 -4.359705826508986348e+01
1.129000000000000000e+03 1.160766674291141726e+03 1.337125326893773902e+01 9.143620634140112169e-02 -4.275589486035926967e+01
1.130000000000000000e+03 1.160240639318709782e+03 1.327865210210165969e+01 9.144710397768283927e-02 -4.191162553639164656e+01
1.131000000000000000e+03 1.159634049628825096e+03 1.319053120021033010e+01 9.145709366747999114e-02 -4.106469285297139749e+01
1.132000000000000000e+03 1.158954593262307753e+03 1.310694859915662747e+01 9.146616391674768087e-02 -4.021539048765455249e+01
1.133000000000000000e+03 1.158202525112359353e+03 1.302788830922135332e+01 9.147430356599510481e-02 -3.936416039510414322e+01
1.134000000000000000e+03 1.157370666888891947e+03 1.295333460125020153e+01 9.148150179735023424e-02 -3.851136998197272732e+01
1.135000000000000000e+03 1.156466692133098604e+03 1.288327200920284277e+01 9.148774814172278003e-02 -3.765738641584254509e+01
1.136000000000000000e+03 1.155490841130241279e+03 1.281775961607745096e+01 9.149303248599212346e-02 -3.680250236719143686e+01
1.137000000000000000e+03 1.154435920873166197e+03 1.275678248919913038e+01 9.149734508014119305e-02 -3.594723316888592279e+01
1.138000000000000000e+03 1.153309590076803261e+03 1.270032596588567841e+01 9.150067654447975596e-02 -3.509187114064854995e+01
1.139000000000000000e+03 1.152112074091700606e+03 1.264837565547958675e+01 9.150301787673222054e-02 -3.423678274853428860e+01
1.140000000000000000e+03 1.150828736518865981e+03 1.260099172475017859e+01 9.150436045902704540e-02 -3.338240863036721606e+01
1.141000000000000000e+03 1.149482077627747458e+03 1.255808604915237758e+01 9.150469606477074080e-02 -3.252918933763127285e+01
1.142000000000000000e+03 1.148057450821390375e+03 1.251971934846893397e+01 9.150401686536410728e-02 -3.167749107730488234e+01
1.143000000000000000e+03 1.146562489407859402e+03 1.248587833780048406e+01 9.150231543668067846e-02 -3.082768002063248858e+01
1.144000000000000000e+03 1.144989964820478463e+03 1.245655001243047622e+01 9.149958476535841045e-02 -2.998019661181666606e+01
1.145000000000000000e+03 1.143347499992714575e+03 1.243172164905222665e+01 9.149581825477842711e-02 -2.913540702611289035e+01
1.146000000000000000e+03 1.141635284284020827e+03 1.241138080686044098e+01 9.149100973076550181e-02 -2.829375176183454954e+01
1.147000000000000000e+03 1.139853501809692261e+03 1.239551532850721216e+01 9.148515344694423124e-02 -2.745552281473677425e+01
1.148000000000000000e+03 1.137994903073537671e+03 1.238411334092267957e+01 9.147824408969512655e-02 -2.662108655329807760e+01
1.149000000000000000e+03 1.136067090005154114e+03 1.237708897249804707e+01 9.147027678277266927e-02 -2.579088374336980394e+01
1.150000000000000000e+03 1.134070230899578974e+03 1.237443092064145844e+01 9.146124709144881626e-02 -2.496520672218620618e+01
1.151000000000000000e+03 1.132004455313098788e+03 1.237620375427976427e+01 9.145115102622994319e-02 -2.414441801139999200e+01
1.152000000000000000e+03 1.129869753715223396e+03 1.238232896988943033e+01 9.143998504611661193e-02 -2.332893755576366956e+01
1.153000000000000000e+03 1.127673506189385535e+03 1.239280393589911000e+01 9.142774606134371207e-02 -2.251903268226215005e+01
1.154000000000000000e+03 1.125400802489218904e+03 1.240762630712044512e+01 9.141443143562306972e-02 -2.171504523640360418e+01
1.155000000000000000e+03 1.123066440503581589e+03 1.242664545763033956e+01 9.140003898785419023e-02 -2.091731732249057885e+01
1.156000000000000000e+03 1.120662927823186010e+03 1.245000818154312228e+01 9.138456699333809274e-02 -2.012626561073377474e+01
1.157000000000000000e+03 1.118197623515473424e+03 1.247756442461872517e+01 9.136801418438902922e-02 -1.934208422668741179e+01
1.158000000000000000e+03 1.115670453102815145e+03 1.250938726828034220e+01 9.135037975044096870e-02 -1.856526475904294315e+01
1.159000000000000000e+03 1.113081336947112277e+03 1.254532722797284272e+01 9.133166333759595856e-02 -1.779607629821541437e+01
1.160000000000000000e+03 1.110430190289579286e+03 1.258545795342561746e+01 9.131186504757425604e-02 -1.703478830977975278e+01
1.161000000000000000e+03 1.107716923295969082e+03 1.262970481026345482e+01 9.129098543620293993e-02 -1.628174494072409217e+01
1.162000000000000000e+03 1.104948869457465207e+03 1.267799344601189837e+01 9.126902551127508145e-02 -1.553714219151247633e+01
1.163000000000000000e+03 1.102118500595942351e+03 1.273032407247819009e+01 9.124598672992946524e-02 -1.480132507248173823e+01
1.164000000000000000e+03 1.099233140326263992e+03 1.278669718100664987e+01 9.122187099549462774e-02 -1.407463905903730783e+01
1.165000000000000000e+03 1.096292679072005058e+03 1.284696497411222893e+01 9.119668065383557121e-02 -1.335728154665996925e+01
1.166000000000000000e+03 1.093289574136966394e+03 1.291120278151357681e+01 9.117041848918688851e-02 -1.264959900673578019e+01
1.167000000000000000e+03 1.090231134832316684e+03 1.297926335752178950e+01 9.114308771955714761e-02 -1.195178987417061656e+01
1.168000000000000000e+03 1.087117237506921583e+03 1.305114829684118050e+01 9.111469199167458732e-02 -1.126420170282610833e+01
1.169000000000000000e+03 1.083955182333397715e+03 1.312685946573823337e+01 9.108523537550604343e-02 -1.058703405273303666e+01
1.170000000000000000e+03 1.080737408347160226e+03 1.320617614959504849e+01 9.105472235837455686e-02 -9.920561361615593654e+00
1.171000000000000000e+03 1.077471206941199625e+03 1.328924931887831740e+01 9.102315783875904176e-02 -9.265132965696990297e+00
1.172000000000000000e+03 1.074156436912827303e+03 1.337593307545515486e+01 9.099054711971006626e-02 -8.620875986279006753e+00
1.173000000000000000e+03 1.070792952914835269e+03 1.346615606783430330e+01 9.095689590198736962e-02 -7.988141051125175807e+00
1.174000000000000000e+03 1.067380605559524156e+03 1.355992148878632797e+01 9.092221027694231961e-02 -7.367168038840432587e+00
1.175000000000000000e+03 1.063919241525533380e+03 1.365715850585145041e+01 9.088649671914975081e-02 -6.758123240529811504e+00
1.176000000000000000e+03 1.060416132017391419e+03 1.375772225874601062e+01 9.084976207880461618e-02 -6.161247946470596482e+00
1.177000000000000000e+03 1.056871116176458827e+03 1.386161670717104855e+01 9.081201357402499119e-02 -5.576739611927981954e+00
1.178000000000000000e+03 1.053276601194175100e+03 1.396884606100406678e+01 9.077325878296173267e-02 -5.004833588172165726e+00
1.179000000000000000e+03 1.049647275827771182e+03 1.407926621038742532e+01 9.073350563583523765e-02 -4.445736286226881440e+00
1.180000000000000000e+03 1.045975540414605348e+03 1.419280757322677111e+01 9.069276240691515056e-02 -3.899669765599446780e+00
1.181000000000000000e+03 1.042261220389791561e+03 1.430940080857806507e+01 9.065103770641975978e-02 -3.366827182526285878e+00
1.182000000000000000e+03 1.038511566403290317e+03 1.442905109693896648e+01 9.060834047249248513e-02 -2.847380236379037033e+00
1.183000000000000000e+03 1.034726397736634908e+03 1.455161528643066760e+01 9.056467996312396462e-02 -2.341531928705975041e+00
1.184000000000000000e+03 1.030905530770239466e+03 1.467709902339846728e+01 9.052006574819052021e-02 -1.849460125212967654e+00
1.185000000000000000e+03 1.027048779099984813e+03 1.480528533139206893e+01 9.047450770157089428e-02 -1.371358428810123042e+00
1.186000000000000000e+03 1.023155953653050233e+03 1.493625459207903106e+01 9.042801599334707174e-02 -9.074139113474486429e-01
1.187000000000000000e+03 1.019234291152973583e+03 1.506986455702731220e+01 9.038060108216879052e-02 -4.578034158808914067e-01
1.188000000000000000e+03 1.015283597532692511e+03 1.520604747792038758e+01 9.033227370778108833e-02 -2.265197399494809152e-02
1.189000000000000000e+03 1.011303676396836863e+03 1.534473581916596885e+01 9.028304488367945579e-02 3.979070088452386633e-01
1.190000000000000000e+03 1.007286900781816030e+03 1.548586225391424342e+01 9.023292589001065400e-02 8.037614513610155109e-01
1.191000000000000000e+03 1.003255355015520536e+03 1.562928537648185312e+01 9.018192826668255946e-02 1.194790868118618565e+00
1.192000000000000000e+03 9.991939796714742670e+02 1.577501254869517133e+01 9.013006380663975137e-02 1.570866354994239211e+00
1.193000000000000000e+03 9.951099984750576368e+02 1.592297704512904488e+01 9.007734454940069524e-02 1.931880288457924921e+00
1.194000000000000000e+03 9.910106333546897304e+02 1.607296376526216264e+01 9.002378277486601521e-02 2.277701741785037370e+00
1.195000000000000000e+03 9.868882478408908128e+02 1.622498064656052108e+01 8.996939099729389655e-02 2.608250755313855862e+00
1.196000000000000000e+03 9.827426322141652690e+02 1.637896152595268617e+01 8.991418195954833936e-02 2.923453753553233891e+00
1.197000000000000000e+03 9.785810035996815941e+02 1.653484041873332444e+01 8.985816862759074541e-02 3.223228676156939976e+00
1.198000000000000000e+03 9.744105777092399876e+02 1.669240294687658732e+01 8.980136418520019703e-02 3.507514679476658515e+00
1.199000000000000000e+03 9.702237122305564299e+02 1.685173203528831465e+01 8.974378202890123668e-02 3.776145843247826317e+00
1.200000000000000000e+03 9.660201919654076619e+02 1.701261363894385426e+01 8.968543576314309818e-02 4.029192863840057370e+00
1.201000000000000000e+03 9.618072006343622888e+02 1.717505839314982552e+01 8.962633919564232110e-02 4.266424818197787516e+00
1.202000000000000000e+03 9.575843794180929081e+02 1.733893520302834901e+01 8.956650633292442820e-02 4.487967552061492782e+00
1.203000000000000000e+03 9.533513402294344132e+02 1.750411479346006516e+01 8.950595137606456864e-02 4.693645272607606778e+00
1.204000000000000000e+03 9.491151224227838838e+02 1.767069088378614694e+01 8.944468871657229592e-02 4.883503908686323669e+00
1.205000000000000000e+03 9.448679078203408608e+02 1.783838591457720568e+01 8.938273293237970762e-02 5.057439685084508696e+00
1.206000000000000000e+03 9.406167341884754478e+02 1.800729387737968068e+01 8.932009878400086478e-02 5.215496248862877771e+00
1.207000000000000000e+03 9.363612102609030217e+02 1.817713747434713412e+01 8.925680121072220030e-02 5.357641811734010773e+00
1.208000000000000000e+03 9.321083725118764960e+02 1.834808523136116420e+01 8.919285532692408647e-02 5.483769143512168043e+00
1.209000000000000000e+03 9.278578285273623578e+02 1.851986009053462112e+01 8.912827641838240444e-02 5.593992700142470298e+00
1.210000000000000000e+03 9.236017570759183855e+02 1.869248223971205647e+01 8.906307993864841233e-02 5.688202917278921689e+00
1.211000000000000000e+03 9.193471932297661624e+02 1.886582340587516171e+01 8.899728150536645455e-02 5.766586189972374932e+00
1.212000000000000000e+03 9.151011717342836391e+02 1.903982970001831987e+01 8.893089689658792429e-02 5.829104883903776013e+00
1.213000000000000000e+03 9.108558703774119749e+02 1.921444732796469879e+01 8.886394204703360056e-02 5.875720182224726251e+00
1.214000000000000000e+03 9.066183234607187842e+02 1.938962258463811494e+01 8.879643304424814088e-02 5.906466365976657862e+00
1.215000000000000000e+03 9.023955651693452182e+02 1.956515328128627473e+01 8.872838612465251684e-02 5.921450811591616237e+00
1.216000000000000000e+03 8.981723445923274767e+02 1.974106015718072982e+01 8.865981766946622045e-02 5.920631138469302890e+00
1.217000000000000000e+03 8.939631242462616001e+02 1.991721545625411594e+01 8.859074420047576004e-02 5.904112341654400353e+00
1.218000000000000000e+03 8.897675100467807852e+02 2.009356577172290415e+01 8.852118237559629399e-02 5.871923940577345569e+00
1.219000000000000000e+03 8.855851080832990192e+02 2.026998347316605376e+01 8.845114898427451633e-02 5.824019978881027626e+00
1.220000000000000000e+03 8.814080963444596364e+02 2.044641526758541161e+01 8.838066094262680972e-02 5.760650442335286670e+00
1.221000000000000000e+03 8.772583665467182072e+02 2.062273362643096064e+01 8.830973528836270903e-02 5.681618424785257915e+00
1.222000000000000000e+03 8.731132407109688529e+02 2.079895963011656690e+01 8.823838917546208971e-02 5.587171531721594420e+00
1.223000000000000000e+03 8.689946114466032441e+02 2.097489154449698034e+01 8.816663986856368429e-02 5.477407614362547861e+00
1.224000000000000000e+03 8.648872301818717006e+02 2.115055051585682477e+01 8.809450473706638418e-02 5.352349055814651813e+00
1.225000000000000000e+03 8.608055624014016303e+02 2.132580914735964583e+01 8.802200124897746614e-02 5.212314191793507412e+00
1.226000000000000000e+03 8.567417892819448753e+02 2.150061434350780942e+01 8.794914696443845159e-02 5.057323046355332252e+00
1.227000000000000000e+03 8.527029495334116973e+02 2.167483873708387776e+01 8.787595952894251827e-02 4.887468753697498336e+00
1.228000000000000000e+03 8.486886544402207164e+02 2.184850353360157982e+01 8.780245666625108303e-02 4.703066129980456367e+00
1.229000000000000000e+03 8.447059446562205949e+02 2.202148137123945659e+01 8.772865617105167491e-02 4.504131694148319376e+00
1.230000000000000000e+03 8.407470052506653246e+02 2.219371916529536648e+01 8.765457590121855658e-02 4.290829374795236184e+00
1.231000000000000000e+03 8.368114508579490121e+02 2.236508953513463638e+01 8.758023376988484376e-02 4.063247666014088821e+00
1.232000000000000000e+03 8.329063257787834118e+02 2.253561364866007111e+01 8.750564773714507305e-02 3.821696768259231103e+00
1.233000000000000000e+03 8.290386757332247498e+02 2.270501551527157602e+01 8.743083580151657375e-02 3.566114327667167405e+00
1.234000000000000000e+03 8.251932629151831406e+02 2.287339053137825573e+01 8.735581599114258800e-02 3.296808278901502298e+00
1.235000000000000000e+03 8.213845645512770943e+02 2.304061120638586502e+01 8.728060635470635820e-02 3.013788301920986790e+00
1.236000000000000000e+03 8.176047745578707691e+02 2.320662429073477639e+01 8.720522495213074710e-02 2.717285815249440795e+00
1.237000000000000000e+03 8.138609454026108097e+02 2.337122791944353750e+01 8.712968984509301962e-02 2.407456851171453582e+00
1.238000000000000000e+03 8.101527031652624373e+02 2.353451730720080803e+01 8.705401908726966009e-02 2.084530632387745719e+00
1.239000000000000000e+03 8.064796760006228169e+02 2.369629047445045344e+01 8.697823071447492727e-02 1.748661015096736548e+00
1.240000000000000000e+03 8.028414942520239492e+02 2.385649394254241429e+01 8.690234273462643655e-02 1.400075066514131494e+00
1.241000000000000000e+03 7.992452189156749682e+02 2.401514844439913787e+01 8.682637311757321341e-02 1.038998792304758778e+00
1.242000000000000000e+03 7.956904850545759018e+02 2.417212606821233578e+01 8.675033978482836472e-02 6.656571479288767579e-01
1.243000000000000000e+03 7.921695019129778075e+02 2.432729881868988286e+01 8.667426059926718052e-02 2.801997668902541094e-01
1.244000000000000000e+03 7.886893380813505701e+02 2.448068717834241426e+01 8.659815335472964559e-02 -1.172247436139590704e-01
1.245000000000000000e+03 7.852496365593204928e+02 2.463208868429430254e+01 8.652203576563843868e-02 -5.262607963490926188e-01
1.246000000000000000e+03 7.818574715690224366e+02 2.478159790716841115e+01 8.644592545662345418e-02 -9.467395136862627458e-01
1.247000000000000000e+03 7.785050636160707427e+02 2.492901217747921194e+01 8.636983995221249322e-02 -1.378433578747966681e+00
1.248000000000000000e+03 7.751994930008462461e+02 2.507435156461107795e+01 8.629379666655120906e-02 -1.821124076894093502e+00
1.249000000000000000e+03 7.719329865260489214e+02 2.521741317031363039e+01 8.621781289327612452e-02 -2.274593053341569249e+00
1.250000000000000000e+03 7.687200593544689582e+02 2.535821682427841495e+01 8.614190579549618754e-02 -2.738593785374903611e+00
1.251000000000000000e+03 7.655455164916717195e+02 2.549678267552508615e+01 8.606609239591282712e-02 -3.212857906519693163e+00
1.252000000000000000e+03 7.624164508300461875e+02 2.563290967839999013e+01 8.599038956719079474e-02 -3.697116808198071425e+00
1.253000000000000000e+03 7.593399587060818021e+02 2.576661994648074483e+01 8.591481402245913779e-02 -4.191109920953493884e+00
1.254000000000000000e+03 7.563082834652294650e+02 2.589793544957402460e+01 8.583938230612329912e-02 -4.694592416466556450e+00
1.255000000000000000e+03 7.533285289551140522e+02 2.602672944155452939e+01 8.576411078488702100e-02 -5.207290621349851101e+00
1.256000000000000000e+03 7.504003745633891640e+02 2.615294930577775290e+01 8.568901563908695729e-02 -5.728961427517003990e+00
1.257000000000000000e+03 7.475235036527699322e+02 2.627654226654567893e+01 8.561411285433052909e-02 -6.259352905167988368e+00
1.258000000000000000e+03 7.446976036418005833e+02 2.639760395114452862e+01 8.553941821345231733e-02 -6.798208594152594486e+00
1.259000000000000000e+03 7.419149377311821354e+02 2.651585840042605824e+01 8.546494728877283842e-02 -7.345277886263617440e+00
1.260000000000000000e+03 7.391974867272584788e+02 2.663147518250156409e+01 8.539071543478657378e-02 -7.900307093505686495e+00
1.261000000000000000e+03 7.365226656072813967e+02 2.674425226945011502e+01 8.531673778113384177e-02 -8.463052058269930455e+00
1.262000000000000000e+03 7.339050354353438479e+02 2.685413601714263621e+01 8.524302922600418553e-02 -9.033261049801517117e+00
1.263000000000000000e+03 7.313443049691518354e+02 2.696114687711850522e+01 8.516960442989350566e-02 -9.610689008002827549e+00
1.264000000000000000e+03 7.288327590640734570e+02 2.706530510853616533e+01 8.509647780977605547e-02 -1.019506929677488216e+01
1.265000000000000000e+03 7.263775437729269697e+02 2.716640792319465092e+01 8.502366353360442386e-02 -1.078613596984593670e+01
1.266000000000000000e+03 7.239709529892528508e+02 2.726447518215492494e+01 8.495117551531307376e-02 -1.138358660950784440e+01
1.267000000000000000e+03 7.216275702380762596e+02 2.735952654091794400e+01 8.487902741008650220e-02 -1.198714916196999525e+01
1.268000000000000000e+03 7.193396986092014913e+02 2.745150716168863525e+01 8.480723261009807945e-02 -1.259652991882786921e+01
1.269000000000000000e+03 7.171070741883461324e+02 2.754036199272756491e+01 8.473580424063038852e-02 -1.321143578175762912e+01
1.270000000000000000e+03 7.149294377324472407e+02 2.762611004778712243e+01 8.466475515650372097e-02 -1.383161881199000121e+01
1.271000000000000000e+03 7.128065346907468438e+02 2.770862155162404150e+01 8.459409793892776197e-02 -1.445671278571127338e+01
1.272000000000000000e+03 7.107455435717770342e+02 2.778791507011765205e+01 8.452384489268582879e-02 -1.508656002032057764e+01
1.273000000000000000e+03 7.087387909051434463e+02 2.786393465596083274e+01 8.445400804364538994e-02 -1.572070622520527650e+01
1.274000000000000000e+03 7.067852934657428250e+02 2.793669841195550418e+01 8.438459913662670064e-02 -1.635899474810589282e+01
1.275000000000000000e+03 7.048922439484423421e+02 2.800622420389468559e+01 8.431562963352934315e-02 -1.700104656870320596e+01
1.276000000000000000e+03 7.030571829284432397e+02 2.807238109003814941e+01 8.424711071176817223e-02 -1.764663169400230558e+01
1.277000000000000000e+03 7.012798842191818949e+02 2.813526073520372606e+01 8.417905326297703272e-02 -1.829544628547171925e+01
1.278000000000000000e+03 6.995601263615174048e+02 2.819473170643106030e+01 8.411146789198992169e-02 -1.894711263647317523e+01
1.279000000000000000e+03 6.978976926149790643e+02 2.825073660377276497e+01 8.404436491599111270e-02 -1.960147628349365334e+01
1.280000000000000000e+03 6.962931137812631732e+02 2.830344062418468809e+01 8.397775436388971171e-02 -2.025816028215372100e+01
1.281000000000000000e+03 6.947461825201208967e+02 2.835256300699507293e+01 8.391164597590562713e-02 -2.091693660155467782e+01
1.282000000000000000e+03 6.932566961680324766e+02 2.839826843303457693e+01 8.384604920328110611e-02 -2.157742896692460022e+01
1.283000000000000000e+03 6.918244567198123605e+02 2.844049847032421496e+01 8.378097320814484328e-02 -2.223940997011661480e+01
1.284000000000000000e+03 6.904492708084236483e+02 2.847912013840337764e+01 8.371642686347341433e-02 -2.290250391193047363e+01
1.285000000000000000e+03 6.891316925182645718e+02 2.851422303977727779e+01 8.365241875316353770e-02 -2.356648391230910988e+01
1.286000000000000000e+03 6.878707948570462349e+02 2.854574793995839954e+01 8.358895717217106058e-02 -2.423104903588471970e+01
1.287000000000000000e+03 6.866671410717701747e+02 2.857378389914895322e+01 8.352605012667183026e-02 -2.489589855141421992e+01
1.288000000000000000e+03 6.855198132836546847e+02 2.859819685252116983e+01 8.346370533427655003e-02 -2.556065762410201714e+01
1.289000000000000000e+03 6.844286409676046787e+02 2.861907530914727715e+01 8.340193022423848801e-02 -2.622502585833561284e+01
1.290000000000000000e+03 6.833949437611997837e+02 2.863643321602849667e+01 8.334073193768140597e-02 -2.688877727333521150e+01
1.291000000000000000e+03 6.824170744282724854e+02 2.865020995625985734e+01 8.328011732773119014e-02 -2.755153742822841778e+01
1.292000000000000000e+03 6.814948758427232178e+02 2.866049319782975147e+01 8.322009295966921461e-02 -2.821308053158919193e+01
1.293000000000000000e+03 6.806281952922380469e+02 2.866729604153357869e+01 8.316066511099369507e-02 -2.887295799941527719e+01
1.294000000000000000e+03 6.798176272873246262e+02 2.867048273602269504e+01 8.310183977141363809e-02 -2.953109269861346675e+01
1.295000000000000000e+03 6.790607993605693764e+02 2.867014009400028840e+01 8.304362264277015404e-02 -3.018703608742991307e+01
1.296000000000000000e+03 6.783590575567237693e+02 2.866628035702769495e+01 8.298601913883893455e-02 -3.084056245893006576e+01
1.297000000000000000e+03 6.777107808929041539e+02 2.865884119447506251e+01 8.292903438507319425e-02 -3.149137178246798641e+01
1.298000000000000000e+03 6.771165811798292680e+02 2.864790855311468931e+01 8.287267321820188104e-02 -3.213916396270231246e+01
1.299000000000000000e+03 6.765748459884090380e+02 2.863334523883064264e+01 8.281694018574360661e-02 -3.278371309866110295e+01
1.300000000000000000e+03 6.760854528023193097e+02 2.861531090049529169e+01 8.276183954539065302e-02 -3.342464460886026956e+01
1.301000000000000000e+03 6.756483080890311612e+02 2.859366670645611208e+01 8.270737526429490505e-02 -3.406181071844646624e+01
1.302000000000000000e+03 6.752626787323990811e+02 2.856864073072317822e+01 8.265355101824520268e-02 -3.469478273225536924e+01
1.303000000000000000e+03 6.749278605584597699e+02 2.854008828268743514e+01 8.260037019074065179e-02 -3.532350728045835098e+01
1.304000000000000000e+03 6.746431535526515972e+02 2.850801294654031892e+01 8.254783587193882666e-02 -3.594755936563516485e+01
1.305000000000000000e+03 6.744100903455630487e+02 2.847256658132479146e+01 8.249595085754495016e-02 -3.656681089045517297e+01
1.306000000000000000e+03 6.742257506788271257e+02 2.843367790361276803e+01 8.244471764761986121e-02 -3.718091064946655422e+01
1.307000000000000000e+03 6.740909325718545233e+02 2.839134962184360944e+01 8.239413844527412878e-02 -3.778965572307672005e+01
1.308000000000000000e+03 6.740049524583288303e+02 2.834565843679101249e+01 8.234421515535600422e-02 -3.839284288718908300e+01
1.309000000000000000e+03 6.739671308380007986e+02 2.829653219166001676e+01 8.229494938305749463e-02 -3.899019430652883500e+01
1.310000000000000000e+03 6.739760494233285044e+02 2.824404700683888692e+01 8.224634243250797394e-02 -3.958135751166948069e+01
1.311000000000000000e+03 6.740325224609991892e+02 2.818820443026972100e+01 8.219839530533773475e-02 -4.016627679378193960e+01
1.312000000000000000e+03 6.741351397027806343e+02 2.812900572196465987e+01 8.215110869926839365e-02 -4.074459891407210677e+01
1.313000000000000000e+03 6.742832377260203884e+02 2.806645185515393237e+01 8.210448300671285837e-02 -4.131604449898291165e+01
1.314000000000000000e+03 6.744761570782229683e+02 2.800061780106977594e+01 8.205851831340148228e-02 -4.188055658513066248e+01
1.315000000000000000e+03 6.747132422556628626e+02 2.793157824685721025e+01 8.201321439708704475e-02 -4.243770632946826993e+01
1.316000000000000000e+03 6.749938416808030297e+02 2.785925903011288796e+01 8.196857072632435237e-02 -4.298743582275442066e+01
1.317000000000000000e+03 6.753173076783198212e+02 2.778388284157300347e+01 8.192458645933879680e-02 -4.352953808375005451e+01
1.318000000000000000e+03 6.756829964495306058e+02 2.770530067539090524e+01 8.188126044303627171e-02 -4.406373132171282947e+01
1.319000000000000000e+03 6.760902680450249136e+02 2.762373466608796946e+01 8.183859121214179244e-02 -4.458980748268008654e+01
1.320000000000000000e+03 6.765377435002748143e+02 2.753910953908065551e+01 8.179657698847417335e-02 -4.510763222903985081e+01
1.321000000000000000e+03 6.770255333091604371e+02 2.745149831386692085e+01 8.175521568044441523e-02 -4.561692206889462398e+01
1.322000000000000000e+03 6.775530088849749291e+02 2.736097373931243837e+01 8.171450488272671842e-02 -4.611754147024909400e+01
1.323000000000000000e+03 6.781180596889336130e+02 2.726753401255718146e+01 8.167444187612049600e-02 -4.660927999099291696e+01
1.324000000000000000e+03 6.787208073661199705e+02 2.717125134854497048e+01 8.163502362769427256e-02 -4.709192654321172000e+01
1.325000000000000000e+03 6.793598915283184851e+02 2.707204913215411324e+01 8.159624679114847734e-02 -4.756526937431885926e+01
1.326000000000000000e+03 6.800346982140390537e+02 2.697007333845910182e+01 8.155810770743740501e-02 -4.802917033201796215e+01
1.327000000000000000e+03 6.807446170053102605e+02 2.686532111807636269e+01 8.152060240567725324e-02 -4.848349056259323220e+01
1.328000000000000000e+03 6.814882981412298477e+02 2.675778936713401990e+01 8.148372660436592474e-02 -4.892794192603403047e+01
1.329000000000000000e+03 6.822643952982266455e+02 2.664762329734605117e+01 8.144747571283535159e-02 -4.936238411251542146e+01
1.330000000000000000e+03 6.830730512019349590e+02 2.653481930517335741e+01 8.141184483310727471e-02 -4.978675034171065761e+01
1.331000000000000000e+03 6.839129262254468813e+02 2.641944782560197424e+01 8.137682876198511217e-02 -5.020082449544655390e+01
1.332000000000000000e+03 6.847819411591763128e+02 2.630150476850615959e+01 8.134242199349912827e-02 -5.060446395172495926e+01
1.333000000000000000e+03 6.856809913172922961e+02 2.618106008911635385e+01 8.130861872169314886e-02 -5.099752528508855676e+01
1.334000000000000000e+03 6.866080037852944997e+02 2.605825779157487077e+01 8.127541284371730956e-02 -5.137978996734373283e+01
1.335000000000000000e+03 6.875616515193993337e+02 2.593301879857198955e+01 8.124279796325328817e-02 -5.175111291915084166e+01
1.336000000000000000e+03 6.885420961023513655e+02 2.580548665609514813e+01 8.121076739428582936e-02 -5.211149677847487993e+01
1.337000000000000000e+03 6.895472734856681427e+02 2.567565611973662243e+01 8.117931416516724341e-02 -5.246072046838636282e+01
1.338000000000000000e+03 6.905773509138207373e+02 2.554367029260730249e+01 8.114843102305813183e-02 -5.279871060025555352e+01
1.339000000000000000e+03 6.916302698248706520e+02 2.540944921180978611e+01 8.111811043861855142e-02 -5.312524432579481015e+01
1.340000000000000000e+03 6.927047170982299349e+02 2.527320983702078649e+01 8.108834461103642255e-02 -5.344032074099705909e+01
1.341000000000000000e+03 6.938008677943483917e+02 2.513479750311113392e+01 8.105912547336434348e-02 -5.374378945542571273e+01
1.342000000000000000e+03 6.949166708814026379e+02 2.499450304289123181e+01 8.103044469810105621e-02 -5.403542486289843794e+01
1.343000000000000000e+03 6.960515633095523071e+02 2.485217138937254333e+01 8.100229370309242061e-02 -5.431529754656346398e+01
1.344000000000000000e+03 6.972034985674641803e+02 2.470801869865826461e+01 8.097466365765815244e-02 -5.458317999882830662e+01
1.345000000000000000e+03 6.983726607517477305e+02 2.456196380285387804e+01 8.094754548896856972e-02 -5.483899231071193014e+01
1.346000000000000000e+03 6.995570074490065053e+02 2.441414819908570522e+01 8.092092988864087177e-02 -5.508265359356868629e+01
1.347000000000000000e+03 7.007559838012649607e+02 2.426456463655588180e+01 8.089480731955314696e-02 -5.531408196821226397e+01
1.348000000000000000e+03 7.019675510545005181e+02 2.411327997168197257e+01 8.086916802285890049e-02 -5.553312027093593173e+01
1.349000000000000000e+03 7.031919006209558347e+02 2.396043517279219870e+01 8.084400202511771161e-02 -5.573968461044279366e+01
1.350000000000000000e+03 7.044269969549701500e+02 2.380609675787707857e+01 8.081929914565957884e-02 -5.593391292518242608e+01
1.351000000000000000e+03 7.056723151304483963e+02 2.365025526710764225e+01 8.079504900396271283e-02 -5.611571697179414286e+01
1.352000000000000000e+03 7.069266827720628044e+02 2.349304352132228857e+01 8.077124102726904176e-02 -5.628499826291969299e+01
1.353000000000000000e+03 7.081911807271883390e+02 2.333444408984469121e+01 8.074786445816331537e-02 -5.644180352963531533e+01
1.354000000000000000e+03 7.094572340717598991e+02 2.317473652878505064e+01 8.072490836230725164e-02 -5.658610416422668976e+01
1.355000000000000000e+03 7.107355825598403953e+02 2.301375455105703338e+01 8.070236163617110214e-02 -5.671779621261579507e+01
1.356000000000000000e+03 7.120191387562113050e+02 2.285170315000002716e+01 8.068021301478744967e-02 -5.683692321772743128e+01
1.357000000000000000e+03 7.133082443115408751e+02 2.268863862000776521e+01 8.065845107952809845e-02 -5.694345336227805632e+01
1.358000000000000000e+03 7.146032414971605249e+02 2.252446856172459633e+01 8.063706426582392672e-02 -5.703727946251389369e+01
1.359000000000000000e+03 7.158970447407606343e+02 2.235939758830538793e+01 8.061604087089961623e-02 -5.711851609640567062e+01
1.360000000000000000e+03 7.171899972139696047e+02 2.219348162969280480e+01 8.059536906137906853e-02 -5.718697961376690841e+01
1.361000000000000000e+03 7.184824423705090339e+02 2.202670222145800949e+01 8.057503688088202276e-02 -5.724270811586381313e+01
1.362000000000000000e+03 7.197821521863610315e+02 2.185911507718843438e+01 8.055503225747662199e-02 -5.728573860046012811e+01
1.363000000000000000e+03 7.210746136503711341e+02 2.169085009391362107e+01 8.053534301105995385e-02 -5.731595839083024657e+01
1.364000000000000000e+03 7.223675987591904004e+02 2.152188850706530587e+01 8.051595686059308254e-02 -5.733347654975924002e+01
1.365000000000000000e+03 7.236614510117034342e+02 2.135236002999508997e+01 8.049686143119623438e-02 -5.733832674249448758e+01
1.366000000000000000e+03 7.249416569563171606e+02 2.118232000901330281e+01 8.047804426108166875e-02 -5.733046723418519264e+01
1.367000000000000000e+03 7.262234161922187923e+02 2.101182371247486103e+01 8.045949280836614537e-02 -5.730992945480928569e+01
1.368000000000000000e+03 7.274996428197013074e+02 2.084085205289554210e+01 8.044119445767429488e-02 -5.727674371407805154e+01
1.369000000000000000e+03 7.287632503953799414e+02 2.066960872661447013e+01 8.042313652657724632e-02 -5.723093920033267779e+01
1.370000000000000000e+03 7.300294368898579478e+02 2.049814880196598921e+01 8.040530627184848400e-02 -5.717261826343541031e+01
1.371000000000000000e+03 7.312762577951365301e+02 2.032637872499416432e+01 8.038769089553039759e-02 -5.710180784764818895e+01
1.372000000000000000e+03 7.325189095390426246e+02 2.015457630971300773e+01 8.037027755077870428e-02 -5.701853377551610436e+01
1.373000000000000000e+03 7.337503025976792514e+02 1.998264790885034969e+01 8.035305334755581119e-02 -5.692289503225053693e+01
1.374000000000000000e+03 7.349707748133936320e+02 1.981072268766087774e+01 8.033600535811651067e-02 -5.681498948360832202e+01
1.375000000000000000e+03 7.361732346137334844e+02 1.963885549573125644e+01 8.031912062228027671e-02 -5.669483959427320485e+01
1.376000000000000000e+03 7.373654459841023936e+02 1.946717543981997878e+01 8.030238615252878465e-02 -5.656246671374562851e+01
1.377000000000000000e+03 7.385477433413084327e+02 1.929558875569975740e+01 8.028578893891719082e-02 -5.641803964623837686e+01
1.378000000000000000e+03 7.397130314601820373e+02 1.912429879854251880e+01 8.026931595381295304e-02 -5.626157752006057677e+01
1.379000000000000000e+03 7.408616421029335015e+02 1.895328606428211415e+01 8.025295415642974550e-02 -5.609317264202196185e+01
1.380000000000000000e+03 7.419864772496518981e+02 1.878267961301709121e+01 8.023669049723014535e-02 -5.591276765132364801e+01
1.381000000000000000e+03 7.431027224323368046e+02 1.861238565739600048e+01 8.022051192216676785e-02 -5.572060122547135563e+01
1.382000000000000000e+03 7.441958482180988312e+02 1.844260755303752575e+01 8.020440537676558346e-02 -5.551661381765138259e+01
1.383000000000000000e+03 7.452661802473985517e+02 1.827332581991764116e+01 8.018835781008086527e-02 -5.530089336363679564e+01
1.384000000000000000e+03 7.463140424719452994e+02 1.810459528228350479e+01 8.017235617854079344e-02 -5.507360100466778619e+01
1.385000000000000000e+03 7.473471854448598606e+02 1.793654507455361369e+01 8.015638744966180340e-02 -5.483489681082063072e+01
1.386000000000000000e+03 7.483585012112124559e+02 1.776923008020638406e+01 8.014043860568169364e-02 -5.458501407186525256e+01
1.387000000000000000e+03 7.493408799510333438e+02 1.760270522116645964e+01 8.012449664712344155e-02 -5.432396217109006642e+01
1.388000000000000000e+03 7.503020666233995826e+02 1.743702546367586947e+01 8.010854859626971580e-02 -5.405204657812816293e+01
1.389000000000000000e+03 7.512349475099443907e+02 1.727224582414928733e+01 8.009258150060222237e-02 -5.376934887321714740e+01
1.390000000000000000e+03 7.521472635611424948e+02 1.710849565851281895e+01 8.007658243620129068e-02 -5.347602389044902083e+01
1.391000000000000000e+03 7.530318969412209071e+02 1.694575581751056959e+01 8.006053851111426256e-02 -5.317229972746567768e+01
1.392000000000000000e+03 7.538891560253042599e+02 1.678415578650338702e+01 8.004443686872449171e-02 -5.285818062159372488e+01
1.393000000000000000e+03 7.547267753461542270e+02 1.662367655721892845e+01 8.002826469114257546e-02 -5.253389266144556302e+01
1.394000000000000000e+03 7.555302021401190586e+02 1.646437348398745826e+01 8.001200920257893479e-02 -5.219951238042717279e+01
1.395000000000000000e+03 7.562997380454215772e+02 1.630637628943503259e+01 7.999565767279238904e-02 -5.185526390219402515e+01
1.396000000000000000e+03 7.570431106989146883e+02 1.614959193612837751e+01 7.997919742057742198e-02 -5.150114753500229625e+01
1.397000000000000000e+03 7.577606169824499602e+02 1.599422461670581974e+01 7.996261581727259760e-02 -5.113745976849861563e+01
1.398000000000000000e+03 7.584376946192612650e+02 1.584025577492845471e+01 7.994590029040234136e-02 -5.076419901837260795e+01
1.399000000000000000e+03 7.590894922217779595e+02 1.568774124521096702e+01 7.992903832735608061e-02 -5.038173419094249539e+01
1.400000000000000000e+03 7.597014424355467099e+02 1.553673697458898317e+01 7.991201747915750719e-02 -4.999021042858001351e+01
1.401000000000000000e+03 7.602886908266456203e+02 1.538729849092820068e+01 7.989482536435861537e-02 -4.958984035169734739e+01
1.402000000000000000e+03 7.608366754444994058e+02 1.523947929666313250e+01 7.987744967304163946e-02 -4.918066350489927174e+01
1.403000000000000000e+03 7.613531187982167694e+02 1.509325820221310011e+01 7.985987817088248397e-02 -4.876300979004984271e+01
1.404000000000000000e+03 7.618383122595231498e+02 1.494876271893186725e+01 7.984209870340314152e-02 -4.833698540246948028e+01
1.405000000000000000e+03 7.622851160060881739e+02 1.480604621376993890e+01 7.982409920027236372e-02 -4.790269569665063187e+01
1.406000000000000000e+03 7.626938156648070617e+02 1.466516219787814457e+01 7.980586767979062912e-02 -4.746031948529140720e+01
1.407000000000000000e+03 7.630646939038110759e+02 1.452601576463248279e+01 7.978739225345606034e-02 -4.701010905514034022e+01
1.408000000000000000e+03 7.634054587244993400e+02 1.438880929560512101e+01 7.976866113067077046e-02 -4.655209304913452684e+01
1.409000000000000000e+03 7.637015300018916832e+02 1.425344819742389646e+01 7.974966262356435187e-02 -4.608652218385689991e+01
1.410000000000000000e+03 7.639680378773731491e+02 1.412006089109063822e+01 7.973038515191765985e-02 -4.561357213225246454e+01
1.411000000000000000e+03 7.641903958974110083e+02 1.398862739918826215e+01 7.971081724822629000e-02 -4.513334354062942566e+01
1.412000000000000000e+03 7.643762994058358800e+02 1.385927648452708993e+01 7.969094756283777448e-02 -4.464615917993540251e+01
1.413000000000000000e+03 7.645185837330458298e+02 1.373198852068567355e+01 7.967076486921387257e-02 -4.415204397876218678e+01
1.414000000000000000e+03 7.646249375375002728e+02 1.360681834698170611e+01 7.965025806927121532e-02 -4.365146787613991819e+01
1.415000000000000000e+03 7.646881893453810335e+02 1.348374670584104251e+01 7.962941619877926536e-02 -4.314445443751398557e+01
1.416000000000000000e+03 7.647160208925590723e+02 1.336290309758805606e+01 7.960822843286813333e-02 -4.263132370800617110e+01
1.417000000000000000e+03 7.647012536650137235e+02 1.324426865062569547e+01 7.958668409154330547e-02 -4.211224652985628580e+01
1.418000000000000000e+03 7.646515622418579596e+02 1.312789897603852296e+01 7.956477264530263660e-02 -4.158754169510098109e+01
1.419000000000000000e+03 7.645597608371325578e+02 1.301384988808993626e+01 7.954248372070349404e-02 -4.105723026343132886e+01
1.420000000000000000e+03 7.644260882942801345e+02 1.290210312462201792e+01 7.951980710603319402e-02 -4.052170413278402350e+01
1.421000000000000000e+03 7.642507796807274190e+02 1.279271491786437487e+01 7.949673275689285445e-02 -3.998113179057795463e+01
1.422000000000000000e+03 7.640340662339893925e+02 1.268574171463569300e+01 7.947325080182583712e-02 -3.943560690015645065e+01
1.423000000000000000e+03 7.637836036594799225e+02 1.258109161294195744e+01 7.944935154789370402e-02 -3.888544545440735334e+01
1.424000000000000000e+03 7.634847586786947886e+02 1.247897006649287377e+01 7.942502548618599056e-02 -3.833074009452397490e+01
1.425000000000000000e+03 7.631451790816993253e+02 1.237928562008055344e+01 7.940026329727629950e-02 -3.777180583095456967e+01
1.426000000000000000e+03 7.627650802790874422e+02 1.228209561388962001e+01 7.937505585660090124e-02 -3.720888292947852705e+01
1.427000000000000000e+03 7.623372452570846463e+02 1.218738333618052039e+01 7.934939423973561001e-02 -3.664206264793497780e+01
1.428000000000000000e+03 7.618693095857067874e+02 1.209520659338043380e+01 7.932326972752555549e-02 -3.607158439060191313e+01
1.429000000000000000e+03 7.613614763278841338e+02 1.200554914605855217e+01 7.929667381110654112e-02 -3.549783572869699100e+01
1.430000000000000000e+03 7.608139443522034071e+02 1.191846927880524909e+01 7.926959819680728936e-02 -3.492083243648578161e+01
1.431000000000000000e+03 7.602194799479110543e+02 1.183402551949725279e+01 7.924203481080516198e-02 -3.434096134705126957e+01
1.432000000000000000e+03 7.595857018438102841e+02 1.175220235845576866e+01 7.921397580366321134e-02 -3.375831182162795585e+01
1.433000000000000000e+03 7.589053677784321508e+02 1.167298453450223406e+01 7.918541355464257803e-02 -3.317319575508184926e+01
1.434000000000000000e+03 7.581860878753387851e+02 1.159635703740386958e+01 7.915634067585107514e-02 -3.258577617946009042e+01
1.435000000000000000e+03 7.574206112196654885e+02 1.152245367721629066e+01 7.912675001606862824e-02 -3.199636441915607321e+01
1.436000000000000000e+03 7.566165392399914253e+02 1.145118566900030288e+01 7.909663466444639968e-02 -3.140512297814141718e+01
1.437000000000000000e+03 7.557666122916135691e+02 1.138253876895272221e+01 7.906598795391571455e-02 -3.081236269529825478e+01
1.438000000000000000e+03 7.548709946950426684e+02 1.131664755992105853e+01 7.903480346430588610e-02 -3.021817134830278206e+01
1.439000000000000000e+03 7.539372747272660717e+02 1.125349831929673705e+01 7.900307502526485171e-02 -2.962293365960597669e+01
1.440000000000000000e+03 7.529656079160680520e+02 1.119300330431182644e+01 7.897079671886247931e-02 -2.902673704993726389e+01
1.441000000000000000e+03 7.519487170384260253e+02 1.113522360423148072e+01 7.893796288193177801e-02 -2.842989164439926597e+01
1.442000000000000000e+03 7.508867488229907394e+02 1.108014629142205187e+01 7.890456810811918853e-02 -2.783255887657913874e+01
1.443000000000000000e+03 7.497798456053933478e+02 1.102775870631960409e+01 7.887060724967090430e-02 -2.723497436071934175e+01
1.444000000000000000e+03 7.486355736876072342e+02 1.097812274228875040e+01 7.883607541891352044e-02 -2.663744791341295937e+01
1.445000000000000000e+03 7.474466382998273275e+02 1.093122627986413953e+01 7.880096798942901049e-02 -2.604006644131357717e+01
1.446000000000000000e+03 7.462131686673175182e+02 1.088705747138939550e+01 7.876528059698807704e-02 -2.544306538038452103e+01
1.447000000000000000e+03 7.449427180299134079e+02 1.084560474204337588e+01 7.872900914016148222e-02 -2.484682871764452727e+01
1.448000000000000000e+03 7.436279786141008117e+02 1.080685679075601335e+01 7.869214978067559652e-02 -2.425136902839664899e+01
1.449000000000000000e+03 7.422690667098330550e+02 1.077087687451617626e+01 7.865469894345784863e-02 -2.365714461649463018e+01
1.450000000000000000e+03 7.408735226997341670e+02 1.073757995855870817e+01 7.861665331644317189e-02 -2.306424241753816418e+01
1.451000000000000000e+03 7.394414361379515412e+02 1.070703067034861355e+01 7.857800985011557937e-02 -2.247296842733834765e+01
1.452000000000000000e+03 7.379653910266627008e+02 1.067914862421530842e+01 7.853876575677481986e-02 -2.188353900581463307e+01
1.453000000000000000e+03 7.364453773130925356e+02 1.065400309755187713e+01 7.849891850957702033e-02 -2.129616676587515656e+01
1.454000000000000000e+03 7.348888091829118139e+02 1.063158936116642472e+01 7.845846584131764556e-02 -2.071106445623736647e+01
1.455000000000000000e+03 7.332956684027388974e+02 1.061182867941968944e+01 7.841740574303257549e-02 -2.012837069943167734e+01
1.456000000000000000e+03 7.316659327157165080e+02 1.059479116075809912e+01 7.837573646236746516e-02 -1.954822429673827600e+01
1.457000000000000000e+03 7.299995758890019033e+02 1.058047290711957444e+01 7.833345650172759966e-02 -1.897091281654444117e+01
1.458000000000000000e+03 7.282891394130055005e+02 1.056872173023181638e+01 7.829056461629718688e-02 -1.839657548159494738e+01
1.459000000000000000e+03 7.265420176034596125e+02 1.055968285231536541e+01 7.824705981184591763e-02 -1.782535175715515052e+01
1.460000000000000000e+03 7.247581726036488590e+02 1.055335320464380544e+01 7.820294134242565531e-02 -1.725752993906141342e+01
1.461000000000000000e+03 7.229375627891294016e+02 1.054958142700584034e+01 7.815820870789447206e-02 -1.669317575713086299e+01
1.462000000000000000e+03 7.210801428235170079e+02 1.054843928456665481e+01 7.811286165134571913e-02 -1.613257809696488820e+01
1.463000000000000000e+03 7.191858637154257394e+02 1.054992453309337286e+01 7.806690015642260561e-02 -1.557587760308076952e+01
1.464000000000000000e+03 7.172546728763884403e+02 1.055396091807701353e+01 7.802032444455207771e-02 -1.502321526640560378e+01
1.465000000000000000e+03 7.152865141795969066e+02 1.056062102424845683e+01 7.797313497209339139e-02 -1.447473244459952291e+01
1.466000000000000000e+03 7.132887563695536528e+02 1.056982914046317923e+01 7.792533242748207745e-02 -1.393079373270980525e+01
1.467000000000000000e+03 7.112539080712316490e+02 1.058150982548753838e+01 7.787691772825373893e-02 -1.339139271511031026e+01
1.468000000000000000e+03 7.091893312513457204e+02 1.059581075717392906e+01 7.782789201811450563e-02 -1.285682053678554482e+01
1.469000000000000000e+03 7.070875278778473785e+02 1.061250846299506811e+01 7.777825666397211735e-02 -1.232722022186884381e+01
1.470000000000000000e+03 7.049484250312630138e+02 1.063175115351000066e+01 7.772801325297346020e-02 -1.180266097647924006e+01
1.471000000000000000e+03 7.027868033155034482e+02 1.065339016916956894e+01 7.767716358956912315e-02 -1.128343534183661312e+01
1.472000000000000000e+03 7.005877268167841976e+02 1.067749996304917737e+01 7.762570969259714737e-02 -1.076961351211258666e+01
1.473000000000000000e+03 6.983511132653073901e+02 1.070393239793664897e+01 7.757365379244123005e-02 -1.026141477055955953e+01
1.474000000000000000e+03 6.960917340951115193e+02 1.073283672884068274e+01 7.752099832819939196e-02 -9.758984657360668891e+00
1.475000000000000000e+03 6.937946444020161607e+02 1.076399104934788475e+01 7.746774594495639543e-02 -9.262543554723563943e+00
1.476000000000000000e+03 6.914746098045916369e+02 1.079754512441648728e+01 7.741389949109730995e-02 -8.772089570681185222e+00
1.477000000000000000e+03 6.891241080508517598e+02 1.083335183651241707e+01 7.735946201572760361e-02 -8.287918541132960115e+00
1.478000000000000000e+03 6.867430424771275739e+02 1.087133860067102553e+01 7.730443676616698123e-02 -7.810104062555201843e+00
1.479000000000000000e+03 6.843387420653415347e+02 1.091165592894279257e+01 7.724882718552494865e-02 -7.338779786234108649e+00
1.480000000000000000e+03 6.819036764489192137e+02 1.095408315970644608e+01 7.719263691041032549e-02 -6.874132006526529892e+00
1.481000000000000000e+03 6.794451693698297277e+02 1.099877128992060094e+01 7.713586976869198086e-02 -6.416288251896881789e+00
1.482000000000000000e+03 6.769556853330163904e+02 1.104550013721998880e+01 7.707852977738266498e-02 -5.965384156032135010e+00
1.483000000000000000e+03 6.744425430622353588e+02 1.109434688845499295e+01 7.702062114063684684e-02 -5.521526331718274783e+00
1.484000000000000000e+03 6.719130588538357642e+02 1.114524039559092294e+01 7.696214824779210040e-02 -5.084851812928183890e+00
1.485000000000000000e+03 6.693522615797699018e+02 1.119818402302825611e+01 7.690311567157163963e-02 -4.655483499657685265e+00
1.486000000000000000e+03 6.667748911926424853e+02 1.125303279380803190e+01 7.684352816633548133e-02 -4.233530172508672251e+00
1.487000000000000000e+03 6.641659719766053058e+02 1.130986480373886138e+01 7.678339066643985467e-02 -3.819138505363953495e+00
1.488000000000000000e+03 6.615402394019258736e+02 1.136860980040237479e+01 7.672270828464022863e-02 -3.412411367392087502e+00
1.489000000000000000e+03 6.588975700758049925e+02 1.142919774658121490e+01 7.666148631061454888e-02 -3.013467263336579993e+00
1.490000000000000000e+03 6.562266959696612503e+02 1.149163310009159922e+01 7.659973020950365530e-02 -2.622405433381795881e+00
1.491000000000000000e+03 6.535386320473495516e+02 1.155577195951477520e+01 7.653744562054493050e-02 -2.239327408101558170e+00
1.492000000000000000e+03 6.508317630711162565e+02 1.162169347785949469e+01 7.647463835568565904e-02 -1.864337020808779055e+00
1.493000000000000000e+03 6.481067003543720375e+02 1.168932844111246361e+01 7.641131439832325734e-02 -1.497547847868603510e+00
1.494000000000000000e+03 6.453633104741155648e+02 1.175853354771909487e+01 7.634747990197679468e-02 -1.139057221045416846e+00
1.495000000000000000e+03 6.426029438288975371e+02 1.182938853848920147e+01 7.628314118899690022e-02 -7.889662952286036202e-01
1.496000000000000000e+03 6.398262061871134847e+02 1.190182477489996238e+01 7.621830474927485111e-02 -4.473622311764657300e-01
1.497000000000000000e+03 6.370344444110156701e+02 1.197569951833597734e+01 7.615297723892687498e-02 -1.142959208523338793e-01
1.498000000000000000e+03 6.342275180063096514e+02 1.205109305976142586e+01 7.608716547893265569e-02 2.101511474361058007e-01
1.499000000000000000e+03 6.314067705177467360e+02 1.212786301429415303e+01 7.602087645372923586e-02 5.259114495527499322e-01
1.500000000000000000e+03 6.285728010804764381e+02 1.220601573423680364e+01 7.595411730974722941e-02 8.329091312997465302e-01
1.501000000000000000e+03 6.257261875926184302e+02 1.228548477188392241e+01 7.588689535387131702e-02 1.131066140911509921e+00
1.502000000000000000e+03 6.228689132841653873e+02 1.236620911200168393e+01 7.581921805178400142e-02 1.420320644498942464e+00
1.503000000000000000e+03 6.199999689264410563e+02 1.244820349706089679e+01 7.575109302623639351e-02 1.700593737564633612e+00
1.504000000000000000e+03 6.171205724583775236e+02 1.253133425412782209e+01 7.568252805518776993e-02 1.971850151322385170e+00
1.505000000000000000e+03 6.142319405440359787e+02 1.261569070758144839e+01 7.561353106979518124e-02 2.234023962041697509e+00
1.506000000000000000e+03 6.113338029666429065e+02 1.270106518974584198e+01 7.554411015228343351e-02 2.487055726053530424e+00
1.507000000000000000e+03 6.084266311993053478e+02 1.278754730400779138e+01 7.547427353364594138e-02 2.730885045062353189e+00
1.508000000000000000e+03 6.055116384722659859e+02 1.287507821884984160e+01 7.540402959118555626e-02 2.965435703515737487e+00
1.509000000000000000e+03 6.025892941717618214e+02 1.296352494635390684e+01 7.533338684587967404e-02 3.190756801737091752e+00
1.510000000000000000e+03 5.996600667456527844e+02 1.305290318766557078e+01 7.526235395954725127e-02 3.406666189999340677e+00
1.511000000000000000e+03 5.967244237757412293e+02 1.314315447740172083e+01 7.519093973183800517e-02 3.613277876685913714e+00
1.512000000000000000e+03 5.937850605568917217e+02 1.323429474553160468e+01 7.511915309702747734e-02 3.810556322976307975e+00
1.513000000000000000e+03 5.908409574926048435e+02 1.332619146170889834e+01 7.504700312058482092e-02 3.998539289461162660e+00
1.514000000000000000e+03 5.878940656877273341e+02 1.341878648058486689e+01 7.497449899556089814e-02 4.177114982149093159e+00
1.515000000000000000e+03 5.849455928525020454e+02 1.351217032008511509e+01 7.490165003874070526e-02 4.346393466899850289e+00
1.516000000000000000e+03 5.819952605483648540e+02 1.360621073864242980e+01 7.482846568661181974e-02 4.506260965736000657e+00
1.517000000000000000e+03 5.790442756104675937e+02 1.370084986392576099e+01 7.475495549107731563e-02 4.656751272087725546e+00
1.518000000000000000e+03 5.760938445615843193e+02 1.379602990403259710e+01 7.468112911502147733e-02 4.797897181925282695e+00
1.519000000000000000e+03 5.731436880274776513e+02 1.389176742566482226e+01 7.460699632761098876e-02 4.929730492301368727e+00
1.520000000000000000e+03 5.701950121637870552e+02 1.398793049827526858e+01 7.453256699943808239e-02 5.052133433292826048e+00
1.521000000000000000e+03 5.672482802390155712e+02 1.408453582271484983e+01 7.445785109743621732e-02 5.165210084863895545e+00
1.522000000000000000e+03 5.643039555587799896e+02 1.418160015884999403e+01 7.438285867963319309e-02 5.268989242610508938e+00
1.523000000000000000e+03 5.613625015560788825e+02 1.427891746966517239e+01 7.430759988970421503e-02 5.363350134415301618e+00
1.524000000000000000e+03 5.584251247174970558e+02 1.437650461687761272e+01 7.423208495137864626e-02 5.448393838520274812e+00
1.525000000000000000e+03 5.554922890051120703e+02 1.447430422151897922e+01 7.415632416264153481e-02 5.524146150479351647e+00
1.526000000000000000e+03 5.525652016191237408e+02 1.457233322552599120e+01 7.408032788985734196e-02 5.590631868025108808e+00
1.527000000000000000e+03 5.496435845858341054e+02 1.467053431931710961e+01 7.400410656171818591e-02 5.647949076336876040e+00
1.528000000000000000e+03 5.467286461911110109e+02 1.476877593637237851e+01 7.392767066306479840e-02 5.696046299699548676e+00
1.529000000000000000e+03 5.438215954038469135e+02 1.486707509832078244e+01 7.385103072865074891e-02 5.735093921582595122e+00
1.530000000000000000e+03 5.409221562993928956e+02 1.496537455901471247e+01 7.377419733677370584e-02 5.764964203088477568e+00
1.531000000000000000e+03 5.380315394929402828e+02 1.506361708261838750e+01 7.369718110287756807e-02 5.785751270834896154e+00
1.532000000000000000e+03 5.351494708923266899e+02 1.516181972170216774e+01 7.361999267306859607e-02 5.797548270209952115e+00
1.533000000000000000e+03 5.322779059655115361e+02 1.525977667783214287e+01 7.354264271762336880e-02 5.800373086029273040e+00
1.534000000000000000e+03 5.294165728220452820e+02 1.535757928069679323e+01 7.346514192447076153e-02 5.794316914096788729e+00
1.535000000000000000e+03 5.265659436438778584e+02 1.545517028171260243e+01 7.338750099267997429e-02 5.779395699150164489e+00
1.536000000000000000e+03 5.237272347749863002e+02 1.555241813216044378e+01 7.330973062598136747e-02 5.755624423707428328e+00
1.537000000000000000e+03 5.208994354696438904e+02 1.564926554483946042e+01 7.323184152631145860e-02 5.723091397305656081e+00
1.538000000000000000e+03 5.180852506595709883e+02 1.574580377223530547e+01 7.315384438743820217e-02 5.681883979125133877e+00
1.539000000000000000e+03 5.152844155240758255e+02 1.584182690018948669e+01 7.307574988864512511e-02 5.632088584504838735e+00
1.540000000000000000e+03 5.124974097488075131e+02 1.593742611062409686e+01 7.299756868852894098e-02 5.573864975346985773e+00
1.541000000000000000e+03 5.097247147724737033e+02 1.603246969175113534e+01 7.291931141888409462e-02 5.507149133393792084e+00
1.542000000000000000e+03 5.069682995366082423e+02 1.612697445033580124e+01 7.284098867877222827e-02 5.432173252413771358e+00
1.543000000000000000e+03 5.042271635529838250e+02 1.622080857246293206e+01 7.276261102865462516e-02 5.348945761732533555e+00
1.544000000000000000e+03 5.015032796591006559e+02 1.631406303585339757e+01 7.268418898478240520e-02 5.257622752170318492e+00
1.545000000000000000e+03 4.987956514108907982e+02 1.640653162017975220e+01 7.260573301368883348e-02 5.158285134332896149e+00
1.546000000000000000e+03 4.961062558333412653e+02 1.649823088644791724e+01 7.252725352688138560e-02 5.051012931282763851e+00
1.547000000000000000e+03 4.934355864782002641e+02 1.658917732138668910e+01 7.244876087577231671e-02 4.935885288074197241e+00
1.548000000000000000e+03 4.907826534891941606e+02 1.667931304887696342e+01 7.237026534676772871e-02 4.813054765153449210e+00
1.549000000000000000e+03 4.881494406746928121e+02 1.676850582491985975e+01 7.229177715661729009e-02 4.682598781609868865e+00
1.550000000000000000e+03 4.855357057223047264e+02 1.685677188315085928e+01 7.221330644794447806e-02 4.544593909288350275e+00
1.551000000000000000e+03 4.829419474561777292e+02 1.694405367975181775e+01 7.213486328508073031e-02 4.399185509287252493e+00
1.552000000000000000e+03 4.803686506367972129e+02 1.703029597316097465e+01 7.205645765004028980e-02 4.246425202365065488e+00
1.553000000000000000e+03 4.778170412667607820e+02 1.711551830158978760e+01 7.197809943882892136e-02 4.086507704981715783e+00
1.554000000000000000e+03 4.752861194390504238e+02 1.719966581082394441e+01 7.189979845790799018e-02 3.919404081725499367e+00
1.555000000000000000e+03 4.727771163929899672e+02 1.728260924945006138e+01 7.182156442098187876e-02 3.745307458630897202e+00
1.556000000000000000e+03 4.702905232172082606e+02 1.736444209814235506e+01 7.174340694595417178e-02 3.564261618290195610e+00
1.557000000000000000e+03 4.678268337250298146e+02 1.744510914747854358e+01 7.166533555215381934e-02 3.376458146802547855e+00
1.558000000000000000e+03 4.653865444922023471e+02 1.752448077682460337e+01 7.158735965779094990e-02 3.181939313011132420e+00
1.559000000000000000e+03 4.629701548920579057e+02 1.760265008378286566e+01 7.150948857764083400e-02 2.980895216061759001e+00
1.560000000000000000e+03 4.605774242931615277e+02 1.767948717867298214e+01 7.143173152089432598e-02 2.773292381733041712e+00
1.561000000000000000e+03 4.582088577596430241e+02 1.775501059760020794e+01 7.135409758931500479e-02 2.559468044585972990e+00
1.562000000000000000e+03 4.558657060791855997e+02 1.782916444756563479e+01 7.127659577548255132e-02 2.339387327347631995e+00
1.563000000000000000e+03 4.535469944487339262e+02 1.790196696915285202e+01 7.119923496129354490e-02 2.113237523611432689e+00
1.564000000000000000e+03 4.512547223434135617e+02 1.797336196527059116e+01 7.112202391662184042e-02 1.881130978770791939e+00
1.565000000000000000e+03 4.489879208581372154e+02 1.804329308047084623e+01 7.104497129811084000e-02 1.643253672223154549e+00
1.566000000000000000e+03 4.467478525727777878e+02 1.811170379683456133e+01 7.096808564814291453e-02 1.399642382308532218e+00
1.567000000000000000e+03 4.445335545603451806e+02 1.817868599693434817e+01 7.089137539389901710e-02 1.150481836004171754e+00
1.568000000000000000e+03 4.423462954139278622e+02 1.824410854235370749e+01 7.081484884658918733e-02 8.958075908291771583e-01
1.569000000000000000e+03 4.401866039219939353e+02 1.830791440380485469e+01 7.073851420071339269e-02 6.358774684930348364e-01
1.570000000000000000e+03 4.380535262475158333e+02 1.837019494081692628e+01 7.066237953342931200e-02 3.708001537317131002e-01
1.571000000000000000e+03 4.359490829511624952e+02 1.843074419698667654e+01 7.058645280399702959e-02 1.006392077634386539e-01
1.572000000000000000e+03 4.338715834881510887e+02 1.848972744784838795e+01 7.051074185325818811e-02 -1.744457763093846536e-01
1.573000000000000000e+03 4.318223117347199604e+02 1.854701264578254083e+01 7.043525440310742514e-02 -4.542957251203882940e-01
1.574000000000000000e+03 4.298018118235610245e+02 1.860254183404484962e+01 7.035999805605004653e-02 -7.387372112288337345e-01
1.575000000000000000e+03 4.278098881538143701e+02 1.865640542687267001e+01 7.028498029466037633e-02 -1.027619577592906230e+00
1.576000000000000000e+03 4.258463482356533518e+02 1.870854507216780149e+01 7.021020848109341128e-02 -1.320762921681136737e+00
1.577000000000000000e+03 4.239124883695765789e+02 1.875890221528497293e+01 7.013568985650731058e-02 -1.618024933037732760e+00
1.578000000000000000e+03 4.220081223153425753e+02 1.880756666291260970e+01 7.006143154046388932e-02 -1.919219163701831210e+00
1.579000000000000000e+03 4.201338098059759432e+02 1.885440516252985432e+01 6.998744053025317269e-02 -2.224204150550251669e+00
1.580000000000000000e+03 4.182886280516106012e+02 1.889943281698398891e+01 6.991372370011847415e-02 -2.532823970511768774e+00
1.581000000000000000e+03 4.164738859236036319e+02 1.894266451464698875e+01 6.984028780042035589e-02 -2.844930507519415119e+00
1.582000000000000000e+03 4.146894097885405586e+02 1.898411492667519340e+01 6.976713945666992989e-02 -3.160376005955732204e+00
1.583000000000000000e+03 4.129350291876172037e+02 1.902364993736334853e+01 6.969428516845949106e-02 -3.479020480700940610e+00
1.584000000000000000e+03 4.112105768462199649e+02 1.906135805911659631e+01 6.962173130828160084e-02 -3.800709413691083061e+00
1.585000000000000000e+03 4.095158886837903083e+02 1.909710472899671174e+01 6.954948412020231507e-02 -4.125296020496851845e+00
1.586000000000000000e+03 4.078522894940451238e+02 1.913097800740096588e+01 6.947754971842438898e-02 -4.452648660129427505e+00
1.587000000000000000e+03 4.062188787803365813e+02 1.916291715831711784e+01 6.940593408568523914e-02 -4.782591389629590850e+00
1.588000000000000000e+03 4.046155021065479218e+02 1.919286121420046243e+01 6.933464307155455530e-02 -5.114967086379567540e+00
1.589000000000000000e+03 4.030427511081820171e+02 1.922089754095605940e+01 6.926368239054800369e-02 -5.449621087018537757e+00
1.590000000000000000e+03 4.015004778336625009e+02 1.924696470201197229e+01 6.919305762016174366e-02 -5.786390026162436584e+00
1.591000000000000000e+03 3.999885375909277627e+02 1.927107530701659144e+01 6.912277419870495321e-02 -6.125116674316335441e+00
1.592000000000000000e+03 3.985075317941879689e+02 1.929316744313043586e+01 6.905283742307728734e-02 -6.465631348184876614e+00
1.593000000000000000e+03 3.970565794706744214e+02 1.931325324043552882e+01 6.898325244635612752e-02 -6.807789033591083339e+00
1.594000000000000000e+03 3.956362886125786531e+02 1.933134458694508595e+01 6.891402427534336350e-02 -7.151415139675799004e+00
1.595000000000000000e+03 3.942465276837363035e+02 1.934737884372124483e+01 6.884515776791386155e-02 -7.496350050151253441e+00
1.596000000000000000e+03 3.928864256312076577e+02 1.936144169411113225e+01 6.877665763035420432e-02 -7.842426819405210026e+00
1.597000000000000000e+03 3.915573432366646216e+02 1.937347000857361579e+01 6.870852841458979787e-02 -8.189486010366017865e+00
1.598000000000000000e+03 3.902584161171172923e+02 1.938347469413206525e+01 6.864077451532263341e-02 -8.537360818983112054e+00
1.599000000000000000e+03 3.889887832403241532e+02 1.939146640992522563e+01 6.857340016713921182e-02 -8.885884483781389065e+00
1.600000000000000000e+03 3.877505582745528727e+02 1.939738128286625241e+01 6.850640944159427925e-02 -9.234897695445326349e+00
1.601000000000000000e+03 3.865414136522561535e+02 1.940130317586369557e+01 6.843980624423112724e-02 -9.584252089681109865e+00
1.602000000000000000e+03 3.853620461434448998e+02 1.940316480852069603e+01 6.837359431163890500e-02 -9.933813334955516439e+00
1.603000000000000000e+03 3.842124254721012448e+02 1.940289806829195030e+01 6.830777720849572077e-02 -1.028344315073116100e+01
1.604000000000000000e+03 3.830925247516402692e+02 1.940065744213809751e+01 6.824235832466933604e-02 -1.063301063399215884e+01
1.605000000000000000e+03 3.820023204890164834e+02 1.939630003170543660e+01 6.817734087235637064e-02 -1.098241452577385502e+01
1.606000000000000000e+03 3.809410497522436003e+02 1.938990553764648084e+01 6.811272788328606720e-02 -1.133147919580619600e+01
1.607000000000000000e+03 3.799094386763033526e+02 1.938140484201554159e+01 6.804852220604878932e-02 -1.168002890763735380e+01
1.608000000000000000e+03 3.789067311220211991e+02 1.937080285878893804e+01 6.798472650346921997e-02 -1.202805865239097471e+01
1.609000000000000000e+03 3.779329171781184300e+02 1.935810425047889538e+01 6.792134325018842067e-02 -1.237526614448860229e+01
1.610000000000000000e+03 3.769879903210269845e+02 1.934338771185558414e+01 6.785837473035326306e-02 -1.272164607155067806e+01
1.611000000000000000e+03 3.760719474074622894e+02 1.932673168676648245e+01 6.779582303545680921e-02 -1.306689580835661957e+01
1.612000000000000000e+03 3.751847886646069696e+02 1.930799151805221925e+01 6.773369006237885126e-02 -1.341100966695024788e+01
1.613000000000000000e+03 3.743257748427665206e+02 1.928724514908556031e+01 6.767197751165428266e-02 -1.375375889431928123e+01
1.614000000000000000e+03 3.734949128704926125e+02 1.926457027388782706e+01 6.761068688590805842e-02 -1.409498878872022409e+01
1.615000000000000000e+03 3.726922130019315205e+02 1.923997005434917540e+01 6.754981948854978102e-02 -1.443461868211745980e+01
1.616000000000000000e+03 3.719176887964169396e+02 1.921337312104952488e+01 6.748937642268743042e-02 -1.477256763925043970e+01
1.617000000000000000e+03 3.711706142601867668e+02 1.918478214118157510e+01 6.742935859034772383e-02 -1.510860587333537453e+01
1.618000000000000000e+03 3.704510094902702804e+02 1.915427381956514807e+01 6.736976669189188860e-02 -1.544265186292533620e+01
1.619000000000000000e+03 3.697581549753279546e+02 1.912177604924934116e+01 6.731060122576797145e-02 -1.577462376790534648e+01
1.620000000000000000e+03 3.690920772336167488e+02 1.908743933022912387e+01 6.725186248849243653e-02 -1.610429084564388447e+01
1.621000000000000000e+03 3.684528059428940878e+02 1.905104250272291111e+01 6.719355057495489392e-02 -1.643171913532749073e+01
1.622000000000000000e+03 3.678396310673368816e+02 1.901280986709024390e+01 6.713566537899108566e-02 -1.675660288992758495e+01
1.623000000000000000e+03 3.672525884865692660e+02 1.897266835028860754e+01 6.707820659427178589e-02 -1.707893311138859715e+01
1.624000000000000000e+03 3.666909742816568496e+02 1.893061892495853726e+01 6.702117371545575353e-02 -1.739847754995919260e+01
1.625000000000000000e+03 3.661548303583153938e+02 1.888673661108607860e+01 6.696456603965193766e-02 -1.771522638924573556e+01
1.626000000000000000e+03 3.656442015622228041e+02 1.884109619425170834e+01 6.690838266815989088e-02 -1.802902081293484216e+01
1.627000000000000000e+03 3.651576499565614995e+02 1.879354937696231431e+01 6.685262250849959009e-02 -1.833970155623676135e+01
1.628000000000000000e+03 3.646959689420841073e+02 1.874424476509543780e+01 6.679728427670544866e-02 -1.864710889053383625e+01
1.629000000000000000e+03 3.642584690243832597e+02 1.869318216889731232e+01 6.674236649988496417e-02 -1.895130545875337091e+01
1.630000000000000000e+03 3.638444634239098718e+02 1.864028688858393323e+01 6.668786751903579835e-02 -1.925198199243665087e+01
1.631000000000000000e+03 3.634540108486706913e+02 1.858570685053425819e+01 6.663378549211439184e-02 -1.954920013208346319e+01
1.632000000000000000e+03 3.630864297596994561e+02 1.852936690854225787e+01 6.658011839731245440e-02 -1.984272386118625420e+01
1.633000000000000000e+03 3.627410411396037944e+02 1.847134026367942994e+01 6.652686403656779546e-02 -2.013253947654813558e+01
1.634000000000000000e+03 3.624186540943026102e+02 1.841162561621953486e+01 6.647402003926058955e-02 -2.041848415682146722e+01
1.635000000000000000e+03 3.621178516079243082e+02 1.835014716815219415e+01 6.642158386607326104e-02 -2.070054308282602307e+01
1.636000000000000000e+03 3.618379618114463483e+02 1.828705175978702258e+01 6.636955281304035559e-02 -2.097847800660825257e+01
1.637000000000000000e+03 3.615798007449593001e+02 1.822241173841759121e+01 6.631792401572272899e-02 -2.125234722280064759e+01
1.638000000000000000e+03 3.613419581086723724e+02 1.815607639406930574e+01 6.626669445349535337e-02 -2.152191128771985973e+01
1.639000000000000000e+03 3.611245113632521111e+02 1.808819194684792109e+01 6.621586095394457749e-02 -2.178715299128500149e+01
1.640000000000000000e+03 3.609267971492405991e+02 1.801883013233540254e+01 6.616542019735725810e-02 -2.204805449419949426e+01
1.641000000000000000e+03 3.607481540460489100e+02 1.794798820457486244e+01 6.611536872121272224e-02 -2.230437446542758195e+01
1.642000000000000000e+03 3.605886653306208700e+02 1.787566322263354479e+01 6.606570292478997075e-02 -2.255609377149368555e+01
1.643000000000000000e+03 3.604476732308874602e+02 1.780192633724076146e+01 6.601641907370352225e-02 -2.280319261456521218e+01
1.644000000000000000e+03 3.603252645193735475e+02 1.772684851049471888e+01 6.596751330448168138e-02 -2.304550195434942594e+01
1.645000000000000000e+03 3.602200419319212301e+02 1.765035195213991770e+01 6.591898162911012660e-02 -2.328292634781939086e+01
1.646000000000000000e+03 3.601320954320052579e+02 1.757243297342921551e+01 6.587081993949951697e-02 -2.351551822225676602e+01
1.647000000000000000e+03 3.600607736304648370e+02 1.749331055755458308e+01 6.582302401191421348e-02 -2.374310644760616285e+01
1.648000000000000000e+03 3.600054265460889269e+02 1.741283209512308616e+01 6.577558951127351894e-02 -2.396559346068328011e+01
1.649000000000000000e+03 3.599661483671096107e+02 1.733106765574208552e+01 6.572851199539254952e-02 -2.418295525570857407e+01
1.650000000000000000e+03 3.599415488736445923e+02 1.724801285764256775e+01 6.568178691906001454e-02 -2.439509280817585690e+01
1.651000000000000000e+03 3.599317403227408931e+02 1.716381063901806314e+01 6.563540963799176231e-02 -2.460198016753138006e+01
1.652000000000000000e+03 3.599368985570538939e+02 1.707845087917397819e+01 6.558937541262707671e-02 -2.480358876860652373e+01
1.653000000000000000e+03 3.599549875824462788e+02 1.699192221797063596e+01 6.554367941176794665e-02 -2.499981453666007880e+01
1.654000000000000000e+03 3.599876865648449780e+02 1.690421314258680852e+01 6.549831671603184580e-02 -2.519055262869307299e+01
1.655000000000000000e+03 3.600329614144622496e+02 1.681546055848145116e+01 6.545328232112397615e-02 -2.537584599307980682e+01
1.656000000000000000e+03 3.600902645670761331e+02 1.672565265940125911e+01 6.540857114090448121e-02 -2.555566251204570349e+01
1.657000000000000000e+03 3.601605349218133370e+02 1.663485178196510716e+01 6.536417801027435970e-02 -2.572982071151188421e+01
1.658000000000000000e+03 3.602424836055168953e+02 1.654297155929149454e+01 6.532009768785554393e-02 -2.589836117231851986e+01
1.659000000000000000e+03 3.603363080890852643e+02 1.645014834270233450e+01 6.527632485846579513e-02 -2.606124939029109555e+01
1.660000000000000000e+03 3.604407207903085464e+02 1.635644407195909267e+01 6.523285413537935340e-02 -2.621845005418620289e+01
1.661000000000000000e+03 3.605559203586085459e+02 1.626177199605954016e+01 6.518968006239715673e-02 -2.636992704050320313e+01
1.662000000000000000e+03 3.606806202812508104e+02 1.616626809510090368e+01 6.514679711571974563e-02 -2.651556912516236864e+01
1.663000000000000000e+03 3.608157630064060868e+02 1.606991966716762121e+01 6.510419970564200465e-02 -2.665548711306560037e+01
1.664000000000000000e+03 3.609600628825005515e+02 1.597278818328685190e+01 6.506188217801796292e-02 -2.678956813300229811e+01
1.665000000000000000e+03 3.611129774493044806e+02 1.587486072491727285e+01 6.501983881560839673e-02 -2.691769848444835489e+01
1.666000000000000000e+03 3.612739645552966294e+02 1.577612427198914524e+01 6.497806383924731310e-02 -2.703998648473543653e+01
1.667000000000000000e+03 3.614432251463799730e+02 1.567678855799120008e+01 6.493655140882548249e-02 -2.715639104857036656e+01
1.668000000000000000e+03 3.616202175507125389e+02 1.557669180656955454e+01 6.489529562418809572e-02 -2.726679596893907842e+01
1.669000000000000000e+03 3.618036574346593284e+02 1.547589500420408548e+01 6.485429052586887122e-02 -2.737123276538419248e+01
1.670000000000000000e+03 3.619937462647597499e+02 1.537453333789496668e+01 6.481353009576869273e-02 -2.746965783163537012e+01
1.671000000000000000e+03 3.621899427603496520e+02 1.527251906587707175e+01 6.477300825768264603e-02 -2.756210100111853833e+01
1.672000000000000000e+03 3.623917056869456701e+02 1.516998722338990113e+01 6.473271887782007517e-02 -2.764851697882024695e+01
1.673000000000000000e+03 3.625984938151186725e+02 1.506692420994802539e+01 6.469265576523255956e-02 -2.772900819102792980e+01
1.674000000000000000e+03 3.628105087147557128e+02 1.496339064465722579e+01 6.465281267224355644e-02 -2.780345336741164530e+01
1.675000000000000000e+03 3.630264662094330674e+02 1.485944708754369437e+01 6.461318329485520040e-02 -2.787195324199309709e+01
1.676000000000000000e+03 3.632465676760213000e+02 1.475515404440632317e+01 6.457376127316051539e-02 -2.793453341944697499e+01
1.677000000000000000e+03 3.634702714990199297e+02 1.465057197168694891e+01 6.453454019179695467e-02 -2.799114437576750447e+01
1.678000000000000000e+03 3.636977786997723570e+02 1.454561271435098035e+01 6.449551358044516847e-02 -2.804181002629276165e+01
1.679000000000000000e+03 3.639270615551382662e+02 1.444041092829815298e+01 6.445667491441577079e-02 -2.808655344357148209e+01
1.680000000000000000e+03 3.641583205658844804e+02 1.433502695126091631e+01 6.441801761529125647e-02 -2.812532257557741389e+01
1.681000000000000000e+03 3.643924987442073302e+02 1.422937252421754550e+01 6.437953505173231450e-02 -2.815821309827818197e+01
1.682000000000000000e+03 3.646268245603621381e+02 1.412358221382497447e+01 6.434122054033736271e-02 -2.818524556753081001e+01
1.683000000000000000e+03 3.648622402487800400e+02 1.401764199982843806e+01 6.430306734673876812e-02 -2.820629113832097090e+01
1.684000000000000000e+03 3.650982019177418465e+02 1.391153784698788520e+01 6.426506868677836493e-02 -2.822151726885520517e+01
1.685000000000000000e+03 3.653341651731619777e+02 1.380540427700081807e+01 6.422721772789981298e-02 -2.823086773945300010e+01
1.686000000000000000e+03 3.655695850711236403e+02 1.369922723940386966e+01 6.418950759071394285e-02 -2.823435979029538601e+01
1.687000000000000000e+03 3.658039160691464531e+02 1.359299268348048173e+01 6.415193135076195652e-02 -2.823215840899195328e+01
1.688000000000000000e+03 3.660373548111535911e+02 1.348683513015689783e+01 6.411448204050144983e-02 -2.822420491745503313e+01
1.689000000000000000e+03 3.662693544059983424e+02 1.338066625936636989e+01 6.407715265149517558e-02 -2.821051411061552727e+01
1.690000000000000000e+03 3.664986243746481591e+02 1.327469489942641090e+01 6.403993613684046127e-02 -2.819117426144408611e+01
1.691000000000000000e+03 3.667253591010415334e+02 1.316883276385907742e+01 6.400282541377808054e-02 -2.816619855927923410e+01
1.692000000000000000e+03 3.669497521064217835e+02 1.306314015722404598e+01 6.396581336660067674e-02 -2.813559939897146833e+01
1.693000000000000000e+03 3.671697674872718267e+02 1.295760312940460679e+01 6.392889284972927411e-02 -2.809953695383457628e+01
1.694000000000000000e+03 3.673870825371852789e+02 1.285235633088150742e+01 6.389205669106060026e-02 -2.805787348087831390e+01
1.695000000000000000e+03 3.675989165019800566e+02 1.274738588345976176e+01 6.385529769550353507e-02 -2.801076759537339811e+01
1.696000000000000000e+03 3.678069445391720933e+02 1.264260366847602768e+01 6.381860864875472938e-02 -2.795822857667565486e+01
1.697000000000000000e+03 3.680098693057721562e+02 1.253821874898167188e+01 6.378198232130427581e-02 -2.790033922586271586e+01
1.698000000000000000e+03 3.682063922354033139e+02 1.243414310635689368e+01 6.374541147258455664e-02 -2.783703302264229862e+01
1.699000000000000000e+03 3.683974419794798791e+02 1.233043734592105523e+01 6.370888885537893953e-02 -2.776853983406565618e+01
1.700000000000000000e+03 3.685824601674007113e+02 1.222723641798471839e+01 6.367240722034908651e-02 -2.769479165448523261e+01
1.701000000000000000e+03 3.687608919810408565e+02 1.212437758921438480e+01 6.363595932075689909e-02 -2.761593915244311859e+01
1.702000000000000000e+03 3.689322009982369650e+02 1.202206715171863038e+01 6.359953791732785022e-02 -2.753196992403781707e+01
1.703000000000000000e+03 3.690965970523575379e+02 1.192036228985350022e+01 6.356313578324891689e-02 -2.744309025687354975e+01
1.704000000000000000e+03 3.692535455261765378e+02 1.181909741672555469e+01 6.352674570924536634e-02 -2.734928288398254281e+01
1.705000000000000000e+03 3.694032529556391751e+02 1.171855273003509268e+01 6.349036050878567594e-02 -2.725060412715039249e+01
1.706000000000000000e+03 3.695444384587113973e+02 1.161856281431473725e+01 6.345397302333509459e-02 -2.714718390648737767e+01
1.707000000000000000e+03 3.696773050098078102e+02 1.151918519666677376e+01 6.341757612766078800e-02 -2.703892861624180100e+01
1.708000000000000000e+03 3.698013108696424638e+02 1.142055178391768067e+01 6.338116273515524701e-02 -2.692604111938855382e+01
1.709000000000000000e+03 3.699173980260276267e+02 1.132257173271087503e+01 6.334472580316899415e-02 -2.680850077342678617e+01
1.710000000000000000e+03 3.700235351204457288e+02 1.122537715456631702e+01 6.330825833831914273e-02 -2.668636057494462932e+01
1.711000000000000000e+03 3.701206600661669199e+02 1.112887741885062987e+01 6.327175340174706619e-02 -2.655974717040968613e+01
1.712000000000000000e+03 3.702074801423864869e+02 1.103313057421396870e+01 6.323520411432889676e-02 -2.642871230018567985e+01
1.713000000000000000e+03 3.702841861102487542e+02 1.093819478544755341e+01 6.319860366175311661e-02 -2.629330709328381488e+01
1.714000000000000000e+03 3.703509664854717585e+02 1.084405405378064913e+01 6.316194529952193215e-02 -2.615350779533176606e+01
1.715000000000000000e+03 3.704072646479542641e+02 1.075076678762100535e+01 6.312522235781681257e-02 -2.600958719777590034e+01
1.716000000000000000e+03 3.704532644585875687e+02 1.065839152272284274e+01 6.308842824618092482e-02 -2.586152038176473766e+01
1.717000000000000000e+03 3.704876617032385866e+02 1.056691264228886773e+01 6.305155645804043363e-02 -2.570935614777406641e+01
1.718000000000000000e+03 3.705106353843548277e+02 1.047631466401054290e+01 6.301460057503117940e-02 -2.555329131142650922e+01
1.719000000000000000e+03 3.705231048400358418e+02 1.038665652704077758e+01 6.297755427112058935e-02 -2.539322501499318463e+01
1.720000000000000000e+03 3.705230155257228262e+02 1.029792302839082652e+01 6.294041131648532572e-02 -2.522942729162776843e+01
1.721000000000000000e+03 3.705120244890716776e+02 1.021024767677069711e+01 6.290316558114240897e-02 -2.506187052674525617e+01
1.722000000000000000e+03 3.704888148173104696e+02 1.012354127833987150e+01 6.286581103835646445e-02 -2.489067517212313518e+01
1.723000000000000000e+03 3.704528097779639211e+02 1.003793764091531671e+01 6.282834176774176882e-02 -2.471603547566449066e+01
1.724000000000000000e+03 3.704056584575892543e+02 9.953347876078684209e+00 6.279075195809530330e-02 -2.453784807732558093e+01
1.725000000000000000e+03 3.703452930533989047e+02 9.869831819739603773e+00 6.275303590997441394e-02 -2.435638057424720060e+01
1.726000000000000000e+03 3.702718715284543691e+02 9.787375184607185474e+00 6.271518803794694230e-02 -2.417160298300463239e+01
1.727000000000000000e+03 3.701862919197985207e+02 9.706112413604165212e+00 6.267720287257520784e-02 -2.398363345455284090e+01
1.728000000000000000e+03 3.700872209797236678e+02 9.625880981685774884e+00 6.263907506210915355e-02 -2.379258972130391214e+01
1.729000000000000000e+03 3.699748083354344317e+02 9.546889950122920965e+00 6.260079937386962834e-02 -2.359858911135581039e+01
1.730000000000000000e+03 3.698492008066679091e+02 9.469051417666715764e+00 6.256237069535970641e-02 -2.340159999585650041e+01
1.731000000000000000e+03 3.697097995614194588e+02 9.392351940674039668e+00 6.252378403506742011e-02 -2.320181322102007115e+01
1.732000000000000000e+03 3.695567457797545785e+02 9.316852535646122035e+00 6.248503452302910099e-02 -2.299927070524605099e+01
1.733000000000000000e+03 3.693894349804468220e+02 9.242614398189846980e+00 6.244611741110191183e-02 -2.279408830438080003e+01
1.734000000000000000e+03 3.692080026905424575e+02 9.169550338401412759e+00 6.240702807297723170e-02 -2.258630725958212082e+01
1.735000000000000000e+03 3.690118387775346491e+02 9.097721917189359075e+00 6.236776200396698666e-02 -2.237611706280561208e+01
1.736000000000000000e+03 3.688025587942730681e+02 9.027190881506720999e+00 6.232831482053679401e-02 -2.216363262137879175e+01
1.737000000000000000e+03 3.685788041410398250e+02 8.957944883009284709e+00 6.228868225966023575e-02 -2.194889427317889030e+01
1.738000000000000000e+03 3.683406990852427043e+02 8.889971763642144253e+00 6.224886017794553639e-02 -2.173216493590999931e+01
1.739000000000000000e+03 3.680883651030382566e+02 8.823333841149146650e+00 6.220884455059513818e-02 -2.151341013793549806e+01
1.740000000000000000e+03 3.678219208929648403e+02 8.758019343997272443e+00 6.216863147021713110e-02 -2.129281801822112286e+01
1.741000000000000000e+03 3.675414823913591817e+02 8.694016696730560767e+00 6.212821714548567853e-02 -2.107042792431712996e+01
1.742000000000000000e+03 3.672464199543484256e+02 8.631388805245689966e+00 6.208759789968188586e-02 -2.084650184542706697e+01
1.743000000000000000e+03 3.669368440463297816e+02 8.570050207978656687e+00 6.204677016915896570e-02 -2.062093015999908729e+01
1.744000000000000000e+03 3.666121195895755704e+02 8.510138495032217421e+00 6.200573050172896589e-02 -2.039390020290741390e+01
1.745000000000000000e+03 3.662738373250203381e+02 8.451568608696085505e+00 6.196447555497295451e-02 -2.016552486363934094e+01
1.746000000000000000e+03 3.659198711535922826e+02 8.394404262414353113e+00 6.192300209457651805e-02 -1.993591688553064500e+01
1.747000000000000000e+03 3.655510636736248102e+02 8.338560808149736658e+00 6.188130699261355089e-02 -1.970504031451964977e+01
1.748000000000000000e+03 3.651682548634137220e+02 8.284176655189089189e+00 6.183938722586178327e-02 -1.947323049944268902e+01
1.749000000000000000e+03 3.647693107640671997e+02 8.231167570339714246e+00 6.179723987415836062e-02 -1.924037698929624440e+01
1.750000000000000000e+03 3.643565518528234861e+02 8.179523813068374949e+00 6.175486211883356863e-02 -1.900674066755841096e+01
1.751000000000000000e+03 3.639285740592468414e+02 8.129310484667659154e+00 6.171225124117902389e-02 -1.877235653059547715e+01
1.752000000000000000e+03 3.634861680035902509e+02 8.080520006574047898e+00 6.166940462105727216e-02 -1.853739621286186789e+01
1.753000000000000000e+03 3.630293711438309288e+02 8.033145360389594813e+00 6.162631973557155390e-02 -1.830187977674700406e+01
1.754000000000000000e+03 3.625574756192214068e+02 7.987179740556801022e+00 6.158299415795496362e-02 -1.806590154818593774e+01
1.755000000000000000e+03 3.620705139417382270e+02 7.942690838571218492e+00 6.153942555650338680e-02 -1.782963013236618366e+01
1.756000000000000000e+03 3.615692590167763569e+02 7.899597993098668169e+00 6.149561169374143099e-02 -1.759301129538535591e+01
1.757000000000000000e+03 3.610529956579698023e+02 7.857969324524162857e+00 6.145155042570873277e-02 -1.735628796439008781e+01
1.758000000000000000e+03 3.605217491112902053e+02 7.817724601394494321e+00 6.140723970146199501e-02 -1.711948025862661638e+01
1.759000000000000000e+03 3.599755422381093695e+02 7.778976944895513057e+00 6.136267756273767332e-02 -1.688268263895841059e+01
1.760000000000000000e+03 3.594151383673338387e+02 7.741653983268004247e+00 6.131786214380218619e-02 -1.664591535630147945e+01
1.761000000000000000e+03 3.588398128064317234e+02 7.705765272607577820e+00 6.127279167153843603e-02 -1.640934731749782571e+01
1.762000000000000000e+03 3.582495813615927318e+02 7.671320585114862922e+00 6.122746446565392742e-02 -1.617299896659030978e+01
1.763000000000000000e+03 3.576452003517994740e+02 7.638315052409494932e+00 6.118187893916592068e-02 -1.593711371753205874e+01
1.764000000000000000e+03 3.570259381168352206e+02 7.606744022156427754e+00 6.113603359901551015e-02 -1.570163798477133987e+01
1.765000000000000000e+03 3.563932892045392578e+02 7.576617914603231085e+00 6.108992704691211528e-02 -1.546666689926772875e+01
1.766000000000000000e+03 3.557465173718911728e+02 7.547932508926669115e+00 6.104355798032036484e-02 -1.523244432338561971e+01
1.767000000000000000e+03 3.550856269355184622e+02 7.520676371241070690e+00 6.099692519365679938e-02 -1.499891716465869962e+01
1.768000000000000000e+03 3.544113627813619587e+02 7.494860567567911858e+00 6.095002757962143108e-02 -1.476625537496651930e+01
1.769000000000000000e+03 3.537237247036480881e+02 7.470474093213196554e+00 6.090286413069305460e-02 -1.453448054755462593e+01
1.770000000000000000e+03 3.530227102484041666e+02 7.447513585557684834e+00 6.085543394074675178e-02 -1.430376306544448717e+01
1.771000000000000000e+03 3.523083147215409099e+02 7.425975895006141414e+00 6.080773620679930103e-02 -1.407419926518750053e+01
1.772000000000000000e+03 3.515805311966606155e+02 7.405843227496789360e+00 6.075977023087290180e-02 -1.384573716747946825e+01
1.773000000000000000e+03 3.508400933577606793e+02 7.387112857022788859e+00 6.071153542191473629e-02 -1.361854790864011733e+01
1.774000000000000000e+03 3.500862470018588510e+02 7.369782267963031153e+00 6.066303129780493270e-02 -1.339272862041432965e+01
1.775000000000000000e+03 3.493204642219994867e+02 7.353841725674228336e+00 6.061425748739662778e-02 -1.316830244362225244e+01
1.776000000000000000e+03 3.485412435703051983e+02 7.339289132045169417e+00 6.056521373258096086e-02 -1.294544139215044076e+01
1.777000000000000000e+03 3.477500527469168219e+02 7.326107739211566106e+00 6.051589989038459738e-02 -1.272409494875125091e+01
1.778000000000000000e+03 3.469468715992674674e+02 7.314288433284773738e+00 6.046631593500526730e-02 -1.250443577919298122e+01
1.779000000000000000e+03 3.461309349673870770e+02 7.303822304592412884e+00 6.041646195983417511e-02 -1.228648832770078769e+01
1.780000000000000000e+03 3.453037040353074190e+02 7.294700646182812775e+00 6.036633817941551572e-02 -1.207042596373351806e+01
1.781000000000000000e+03 3.444644093334118224e+02 7.286907523893491501e+00 6.031594493132775431e-02 -1.185619957704683536e+01
1.782000000000000000e+03 3.436137649274185719e+02 7.280442059735795723e+00 6.026528267791398524e-02 -1.164405757459046775e+01
1.783000000000000000e+03 3.427517399286808768e+02 7.275288716743630424e+00 6.021435200796800002e-02 -1.143387734116533139e+01
1.784000000000000000e+03 3.418790441812836889e+02 7.271424725490494012e+00 6.016315363818223322e-02 -1.122583380292101651e+01
1.785000000000000000e+03 3.409948997758272640e+02 7.268849795575090589e+00 6.011168841450907629e-02 -1.102002802160962069e+01
1.786000000000000000e+03 3.401007552453605172e+02 7.267541543523516445e+00 6.005995731328844095e-02 -1.081641292263678267e+01
1.787000000000000000e+03 3.391965714131351319e+02 7.267485204114110253e+00 6.000796144219843614e-02 -1.061523900741358517e+01
1.788000000000000000e+03 3.382815642526937836e+02 7.268673628222741101e+00 5.995570204097300238e-02 -1.041638581295046073e+01
1.789000000000000000e+03 3.373571762553147551e+02 7.271084995540035401e+00 5.990318048189003514e-02 -1.022010475777443261e+01
1.790000000000000000e+03 3.364233622845977720e+02 7.274705097314148716e+00 5.985039827005804447e-02 -1.002627631756867821e+01
1.791000000000000000e+03 3.354793324436358830e+02 7.279527333968323077e+00 5.979735704337794250e-02 -9.835078587128430527e+00
1.792000000000000000e+03 3.345265234497517213e+02 7.285515570894129489e+00 5.974405857228036465e-02 -9.646541589544916917e+00
1.793000000000000000e+03 3.335648844965368198e+02 7.292663562726418469e+00 5.969050475921962307e-02 -9.460770136674204522e+00
1.794000000000000000e+03 3.325936201285890093e+02 7.300942952294664501e+00 5.963669763782667582e-02 -9.277795271852710357e+00
1.795000000000000000e+03 3.316141616238778624e+02 7.310355266409444219e+00 5.958263937185001580e-02 -9.097648562876525347e+00
1.796000000000000000e+03 3.306257100284003627e+02 7.320865057978342527e+00 5.952833225378104803e-02 -8.920362111231636248e+00
1.797000000000000000e+03 3.296296932136457940e+02 7.332459330011184662e+00 5.947377870319537491e-02 -8.746117128079770708e+00
1.798000000000000000e+03 3.286253089162237870e+02 7.345110391008856432e+00 5.941898126485004039e-02 -8.574946808977225388e+00
1.799000000000000000e+03 3.276139818001908566e+02 7.358812993793259594e+00 5.936394260648807791e-02 -8.406736342349123703e+00
1.800000000000000000e+03 3.265949065013957693e+02 7.373532334074726968e+00 5.930866551637552914e-02 -8.241742902224121536e+00
1.801000000000000000e+03 3.255694932038519482e+02 7.389256906173704564e+00 5.925315290060740453e-02 -8.079919620848942330e+00
1.802000000000000000e+03 3.245376190519562556e+02 7.405971367450880471e+00 5.919740778016776422e-02 -7.921331417587070156e+00
1.803000000000000000e+03 3.234991483528381764e+02 7.423653954233191854e+00 5.914143328773844438e-02 -7.766043747508836859e+00
1.804000000000000000e+03 3.224546869645402012e+02 7.442290475005260753e+00 5.908523266429815263e-02 -7.614092950627354028e+00
1.805000000000000000e+03 3.214048395253476542e+02 7.461859450458138809e+00 5.902880925553860569e-02 -7.465508543847872325e+00
1.806000000000000000e+03 3.203494666846507357e+02 7.482346966890714768e+00 5.897216650810657018e-02 -7.320335512647373477e+00
1.807000000000000000e+03 3.192884280052151666e+02 7.503731816163769608e+00 5.891530796562634287e-02 -7.178604604030843106e+00
1.808000000000000000e+03 3.182223248666297764e+02 7.525992920660192098e+00 5.885823726464899791e-02 -7.040354617666077175e+00
1.809000000000000000e+03 3.171510148646665357e+02 7.549116758202596422e+00 5.880095813042719027e-02 -6.905632411692887551e+00
1.810000000000000000e+03 3.160750975515336449e+02 7.573082501879430772e+00 5.874347437261950161e-02 -6.774470623205128383e+00
1.811000000000000000e+03 3.149944288366209548e+02 7.597869444882929812e+00 5.868578988089945270e-02 -6.646895101855962551e+00
1.812000000000000000e+03 3.139096067277351381e+02 7.623449568609566462e+00 5.862790862050428625e-02 -6.522924914833676091e+00
1.813000000000000000e+03 3.128204857324213890e+02 7.649817252476517560e+00 5.856983462775141452e-02 -6.402594636607793710e+00
1.814000000000000000e+03 3.117276625993663970e+02 7.676944700202213312e+00 5.851157200556887650e-02 -6.285932068292219732e+00
1.815000000000000000e+03 3.106317335545053879e+02 7.704811649557814057e+00 5.845312491899595786e-02 -6.172958241776373534e+00
1.816000000000000000e+03 3.095325515367102298e+02 7.733397940337567000e+00 5.839449759075721058e-02 -6.063694851922943663e+00
1.817000000000000000e+03 3.084307119379364508e+02 7.762683510651294583e+00 5.833569429685933616e-02 -5.958179116831441746e+00
1.818000000000000000e+03 3.073260670024687329e+02 7.792648393190466649e+00 5.827671936228471378e-02 -5.856419211014314286e+00
1.819000000000000000e+03 3.062192115652815687e+02 7.823265283119312130e+00 5.821757715677149114e-02 -5.758431410139882800e+00
1.820000000000000000e+03 3.051099974491439184e+02 7.854514390993545980e+00 5.815827209073794885e-02 -5.664232665387103793e+00
1.821000000000000000e+03 3.039990192005062113e+02 7.886338868855664153e+00 5.809880861129676499e-02 -5.573840605863437325e+00
1.822000000000000000e+03 3.028868713188437027e+02 7.918808230117336144e+00 5.803919119845251523e-02 -5.487266112384954653e+00
1.823000000000000000e+03 3.017726626493671915e+02 7.951836068408415947e+00 5.797942436146840545e-02 -5.404535604369583801e+00
1.824000000000000000e+03 3.006569877841530456e+02 7.985358334124684987e+00 5.791951263541261774e-02 -5.325661327990609983e+00
1.825000000000000000e+03 2.995411842863044853e+02 8.019385329005965346e+00 5.785946057789647518e-02 -5.250633929092705543e+00
1.826000000000000000e+03 2.984243614070997523e+02 8.054001702248664074e+00 5.779927276600511227e-02 -5.179467024271701803e+00
1.827000000000000000e+03 2.973071143163465990e+02 8.088995029093329237e+00 5.773895379346290213e-02 -5.112145203113038328e+00
1.828000000000000000e+03 2.961900384854779418e+02 8.124450074933690757e+00 5.767850826801460690e-02 -5.048668598695795318e+00
1.829000000000000000e+03 2.950737297385674651e+02 8.160377373883529017e+00 5.761794080902762211e-02 -4.989045459357504875e+00
1.830000000000000000e+03 2.939572986311309251e+02 8.196713224847753665e+00 5.755725604532472423e-02 -4.933277291821872801e+00
1.831000000000000000e+03 2.928428275069511528e+02 8.233393971088952767e+00 5.749645861326521668e-02 -4.881351432390395040e+00
1.832000000000000000e+03 2.917294278623763830e+02 8.270430279788337558e+00 5.743555315502220371e-02 -4.833263331249344041e+00
1.833000000000000000e+03 2.906176973988101508e+02 8.307758571094758793e+00 5.737454431711165592e-02 -4.789009123091065412e+00
1.834000000000000000e+03 2.895074915578530863e+02 8.345463864683122068e+00 5.731343674913012137e-02 -4.748570769101105427e+00
1.835000000000000000e+03 2.883994092294925622e+02 8.383408358290951767e+00 5.725223510271723604e-02 -4.711945768764254083e+00
1.836000000000000000e+03 2.872940499532085141e+02 8.421602841279341334e+00 5.719094403073230609e-02 -4.679117444587008734e+00
1.837000000000000000e+03 2.861905282821196010e+02 8.460058123677058006e+00 5.712956818660250291e-02 -4.650084653341937546e+00
1.838000000000000000e+03 2.850901879904635621e+02 8.498710748728985465e+00 5.706811222387003085e-02 -4.624832070231368775e+00
1.839000000000000000e+03 2.839921450940652221e+02 8.537571555955144831e+00 5.700658079591985894e-02 -4.603345042875560900e+00
1.840000000000000000e+03 2.828977448894803501e+02 8.576577110204066656e+00 5.694497855584061685e-02 -4.585594731624555997e+00
1.841000000000000000e+03 2.818068478063674434e+02 8.615738264721631623e+00 5.688331015645906735e-02 -4.571560391347913033e+00
1.842000000000000000e+03 2.807193151036696577e+02 8.654917306714242642e+00 5.682158025045017102e-02 -4.561214511201728605e+00
1.843000000000000000e+03 2.796364945645735247e+02 8.694273654442401522e+00 5.675979349061802126e-02 -4.554537667527521982e+00
1.844000000000000000e+03 2.785575063452176323e+02 8.733669585288588166e+00 5.669795453019733228e-02 -4.551511091433333434e+00
1.845000000000000000e+03 2.774829571727267989e+02 8.773041649368087391e+00 5.663606802325802519e-02 -4.552101807760069896e+00
1.846000000000000000e+03 2.764134546973042461e+02 8.812474949141520852e+00 5.657413862516238318e-02 -4.556292343887370144e+00
1.847000000000000000e+03 2.753496075137623507e+02 8.851906001527918733e+00 5.651217099302208863e-02 -4.564051011478183817e+00
1.848000000000000000e+03 2.742897966775252598e+02 8.891271301047074971e+00 5.645016978618132286e-02 -4.575339329718115522e+00
1.849000000000000000e+03 2.732361184056109664e+02 8.930581599474965770e+00 5.638813966669437711e-02 -4.590134305001726034e+00
1.850000000000000000e+03 2.721876985820454706e+02 8.969773335008619952e+00 5.632608529974293676e-02 -4.608398711916618318e+00
1.851000000000000000e+03 2.711451450450806533e+02 9.008857760028432082e+00 5.626401135402827464e-02 -4.630120665965736571e+00
1.852000000000000000e+03 2.701090477072083331e+02 9.047774064008622830e+00 5.620192250205957585e-02 -4.655268929508995512e+00
1.853000000000000000e+03 2.690785071369367643e+02 9.086610526545650046e+00 5.613982342039038065e-02 -4.683815308318125759e+00
1.854000000000000000e+03 2.680548534990063558e+02 9.125158248025037722e+00 5.607771878970368995e-02 -4.715724779809574940e+00
1.855000000000000000e+03 2.670379324013181304e+02 9.163579697418645864e+00 5.601561329484429363e-02 -4.750948057877359965e+00
1.856000000000000000e+03 2.660283334227156615e+02 9.201740157062269887e+00 5.595351162462126188e-02 -4.789466155948096215e+00
1.857000000000000000e+03 2.650251616313689169e+02 9.239727703499818645e+00 5.589141847153001469e-02 -4.831238381257179526e+00
1.858000000000000000e+03 2.640297517841991066e+02 9.277407502823178831e+00 5.582933853126704343e-02 -4.876224612405733794e+00
1.859000000000000000e+03 2.630412113419419597e+02 9.314793224569184460e+00 5.576727650209455794e-02 -4.924392719999531209e+00
1.860000000000000000e+03 2.620616203405128317e+02 9.351898471130221324e+00 5.570523708402583957e-02 -4.975703702023621666e+00
1.861000000000000000e+03 2.610886030679674832e+02 9.388736774202465440e+00 5.564322497779784077e-02 -5.030111675708422325e+00
1.862000000000000000e+03 2.601242421130687035e+02 9.425173024263354904e+00 5.558124488364558219e-02 -5.087571297541085613e+00
1.863000000000000000e+03 2.591683928793978566e+02 9.461294884602192923e+00 5.551930149990484675e-02 -5.148052611426781056e+00
1.864000000000000000e+03 2.582209121208406941e+02 9.497115653865604301e+00 5.545739952139463330e-02 -5.211511326552479950e+00
1.865000000000000000e+03 2.572816579730582589e+02 9.532425695646782771e+00 5.539554363757792643e-02 -5.277903665160889268e+00
1.866000000000000000e+03 2.563504899859892134e+02 9.567386703140110527e+00 5.533373853058028147e-02 -5.347186353437101580e+00
1.867000000000000000e+03 2.554287548273912876e+02 9.601937427797787805e+00 5.527198887293881951e-02 -5.419316612213171958e+00
1.868000000000000000e+03 2.545163149771641145e+02 9.636016526557419581e+00 5.521029932522786288e-02 -5.494229862444536039e+00
1.869000000000000000e+03 2.536122915976562808e+02 9.669636842109740726e+00 5.514867453343649806e-02 -5.571884285666177661e+00
1.870000000000000000e+03 2.527180359098214524e+02 9.702811116207888276e+00 5.508711912624819629e-02 -5.652223672428185353e+00
1.871000000000000000e+03 2.518334150548264745e+02 9.735477703024915996e+00 5.502563771207722582e-02 -5.735192269020267908e+00
1.872000000000000000e+03 2.509575549663761080e+02 9.767649133068463385e+00 5.496423487601998642e-02 -5.820742195687883758e+00
1.873000000000000000e+03 2.500918117485581718e+02 9.799337826639161975e+00 5.490291517661390064e-02 -5.908818579644609770e+00
1.874000000000000000e+03 2.492353147037541987e+02 9.830407523839184591e+00 5.484168314253443088e-02 -5.999366972987126623e+00
1.875000000000000000e+03 2.483894233810253240e+02 9.860944699152549120e+00 5.478054326911427352e-02 -6.092318485416224227e+00
1.876000000000000000e+03 2.475532706042259861e+02 9.890887141055955567e+00 5.471950001484267995e-02 -6.187619486921198231e+00
1.877000000000000000e+03 2.467274766852667085e+02 9.920321083209193702e+00 5.465855779774783652e-02 -6.285209311879224714e+00
1.878000000000000000e+03 2.459119209568924305e+02 9.949109784181457528e+00 5.459772099173497428e-02 -6.385027676427629473e+00
1.879000000000000000e+03 2.451064846451111805e+02 9.977264942262401348e+00 5.453699392290246167e-02 -6.487014667362736908e+00
1.880000000000000000e+03 2.443110509059856099e+02 1.000487240931924049e+01 5.447638086585585016e-02 -6.591110730920577865e+00
1.881000000000000000e+03 2.435269905316940253e+02 1.003172077070623125e+01 5.441588603999309576e-02 -6.697256661444471959e+00
1.882000000000000000e+03 2.427534478104688560e+02 1.005796989427268606e+01 5.435551360582788205e-02 -6.805386161594289440e+00
1.883000000000000000e+03 2.419903119006494876e+02 1.008355665989317451e+01 5.429526766140140015e-02 -6.915433259153176415e+00
1.884000000000000000e+03 2.412374740283370329e+02 1.010849209109363933e+01 5.423515223870872815e-02 -7.027347152086456994e+00
1.885000000000000000e+03 2.404955703536675742e+02 1.013263850222693030e+01 5.417517130023091071e-02 -7.141069911756260602e+00
1.886000000000000000e+03 2.397652391654536643e+02 1.015608091373627708e+01 5.411532873559103674e-02 -7.256521614398382169e+00
1.887000000000000000e+03 2.390448924040483121e+02 1.017882991596524178e+01 5.405562835829603313e-02 -7.373659756018604128e+00
1.888000000000000000e+03 2.383359155325944414e+02 1.020082166704743720e+01 5.399607390266543405e-02 -7.492397528556258735e+00
1.889000000000000000e+03 2.376374677159323028e+02 1.022206645787205481e+01 5.393666902085924447e-02 -7.612663234629462927e+00
1.890000000000000000e+03 2.369501960176976070e+02 1.024257442661325967e+01 5.387741728016066239e-02 -7.734385418709816662e+00
1.891000000000000000e+03 2.362740069150035822e+02 1.026228127333194173e+01 5.381832216035108835e-02 -7.857492854934453597e+00
1.892000000000000000e+03 2.356095519859374008e+02 1.028119682515779587e+01 5.375938705135988732e-02 -7.981899678159481759e+00
1.893000000000000000e+03 2.349559994195402339e+02 1.029933075103746809e+01 5.370061525109717099e-02 -8.107542513411978291e+00
1.894000000000000000e+03 2.343132625334766601e+02 1.031669256005929292e+01 5.364200996348320039e-02 -8.234350750141484099e+00
1.895000000000000000e+03 2.336819997841144527e+02 1.033329159985258627e+01 5.358357429674942551e-02 -8.362239101478930792e+00
1.896000000000000000e+03 2.330621291039995526e+02 1.034906277155947230e+01 5.352531126194384065e-02 -8.491144733558721569e+00
1.897000000000000000e+03 2.324535707418260415e+02 1.036401509538959509e+01 5.346722377168922069e-02 -8.621004968005443914e+00
1.898000000000000000e+03 2.318562472647898858e+02 1.037808314224054662e+01 5.340931463916247929e-02 -8.751749841092436810e+00
1.899000000000000000e+03 2.312700835583555374e+02 1.039134988290672723e+01 5.335158657735924320e-02 -8.883309519577492708e+00
1.900000000000000000e+03 2.306957496584787748e+02 1.040374955284691438e+01 5.329404219854874669e-02 -9.015606859819241592e+00
1.901000000000000000e+03 2.301316943287342838e+02 1.041529034099020734e+01 5.323668401400069583e-02 -9.148582093075356525e+00
1.902000000000000000e+03 2.295793596653569466e+02 1.042590533999510605e+01 5.317951443393223454e-02 -9.282170337928826953e+00
1.903000000000000000e+03 2.290379664741225554e+02 1.043575016093235952e+01 5.312253576771087255e-02 -9.416286920995133869e+00
1.904000000000000000e+03 2.285082235103040773e+02 1.044460882490348475e+01 5.306575022423896254e-02 -9.550973518574476628e+00
1.905000000000000000e+03 2.279893561236997357e+02 1.045263659722523286e+01 5.300915991258479953e-02 -9.686011869886442582e+00
1.906000000000000000e+03 2.274820775816934599e+02 1.045976571864530058e+01 5.295276684279987683e-02 -9.821443749046201432e+00
1.907000000000000000e+03 2.269856177100560330e+02 1.046600253866414754e+01 5.289657292692898777e-02 -9.957236676777959872e+00
1.908000000000000000e+03 2.264999513769818407e+02 1.047135323142020447e+01 5.284057998020512403e-02 -1.009320962440814817e+01
1.909000000000000000e+03 2.260265413052630379e+02 1.047582379515325357e+01 5.278478972239923628e-02 -1.022940441889956809e+01
1.910000000000000000e+03 2.255638810376131005e+02 1.047934576824069630e+01 5.272920377932829861e-02 -1.036578859639389094e+01
1.911000000000000000e+03 2.251119519207564963e+02 1.048192479581641123e+01 5.267382368447601909e-02 -1.050218110629768908e+01
1.912000000000000000e+03 2.246714802429569318e+02 1.048364062945933561e+01 5.261865088075474289e-02 -1.063854943292179023e+01
1.913000000000000000e+03 2.242417087002629330e+02 1.048442427644892483e+01 5.256368672234990741e-02 -1.077493529965411412e+01
1.914000000000000000e+03 2.238226248718241322e+02 1.048428085010958100e+01 5.250893247664565472e-02 -1.091115752267585215e+01
1.915000000000000000e+03 2.234149611892107714e+02 1.048321528621860210e+01 5.245438932622745187e-02 -1.104725769975864580e+01
1.916000000000000000e+03 2.230179663998941919e+02 1.048115805948726198e+01 5.240005837089644486e-02 -1.118312878059507121e+01
1.917000000000000000e+03 2.226316340402692617e+02 1.047826231762696558e+01 5.234594062974354950e-02 -1.131866362171260931e+01
1.918000000000000000e+03 2.222559595681227052e+02 1.047438389696006844e+01 5.229203704320820739e-02 -1.145390354145846423e+01
1.919000000000000000e+03 2.218916831648490415e+02 1.046967559063978470e+01 5.223834847514556567e-02 -1.158866689054278787e+01
1.920000000000000000e+03 2.215373183623863440e+02 1.046399288090121615e+01 5.218487571484681925e-02 -1.172299474119021312e+01
1.921000000000000000e+03 2.211936090203849972e+02 1.045741392392045910e+01 5.213161947902297810e-02 -1.185677945784965281e+01
1.922000000000000000e+03 2.208605579532474508e+02 1.044986813271366444e+01 5.207858041373288754e-02 -1.198998753601486200e+01
1.923000000000000000e+03 2.205374268975121481e+02 1.044150759513058624e+01 5.202575909624326117e-02 -1.212251102362803934e+01
1.924000000000000000e+03 2.202257078197010003e+02 1.043226137338954729e+01 5.197315603676719298e-02 -1.225431607659396960e+01
1.925000000000000000e+03 2.199231802043383937e+02 1.042205835520313073e+01 5.192077168014259253e-02 -1.238536866389194735e+01
1.926000000000000000e+03 2.196305965379643510e+02 1.041097582146916878e+01 5.186860640735745792e-02 -1.251563455630032706e+01
1.927000000000000000e+03 2.193487109384786038e+02 1.039901659651630439e+01 5.181666053698218144e-02 -1.264493074823089991e+01
1.928000000000000000e+03 2.190760506202414319e+02 1.038618333242612479e+01 5.176493432644625053e-02 -1.277337114770292636e+01
1.929000000000000000e+03 2.188133728751941476e+02 1.037240422641620619e+01 5.171342797317445700e-02 -1.290077229740630571e+01
1.930000000000000000e+03 2.185606937045745610e+02 1.035775587229847261e+01 5.166214161560504781e-02 -1.302709906492859027e+01
1.931000000000000000e+03 2.183172877916168773e+02 1.034224041098729252e+01 5.161107533401037423e-02 -1.315231606509529527e+01
1.932000000000000000e+03 2.180824313101849725e+02 1.032593409858414901e+01 5.156022915119336941e-02 -1.327638764945302974e+01
1.933000000000000000e+03 2.178576304043776588e+02 1.030869017351078831e+01 5.150960303300119308e-02 -1.339927789589472340e+01
1.934000000000000000e+03 2.176414213188046745e+02 1.029058455873019184e+01 5.145919688872421793e-02 -1.352087631492883624e+01
1.935000000000000000e+03 2.174345702201218273e+02 1.027161872900480155e+01 5.140901057127834212e-02 -1.364114640660669586e+01
1.936000000000000000e+03 2.172363589991485355e+02 1.025179399572873962e+01 5.135904387730200887e-02 -1.376005136709707521e+01
1.937000000000000000e+03 2.170468137540325699e+02 1.023118579182101229e+01 5.130929654704273479e-02 -1.387747979541958010e+01
1.938000000000000000e+03 2.168659619341119935e+02 1.020972082266894532e+01 5.125976826415180876e-02 -1.399346853435061711e+01
1.939000000000000000e+03 2.166930894845160651e+02 1.018747420164871365e+01 5.121045865529950947e-02 -1.410790552697844902e+01
1.940000000000000000e+03 2.165282264965109107e+02 1.016437231768478355e+01 5.116136728970852032e-02 -1.422082694144836523e+01
1.941000000000000000e+03 2.163714043533609015e+02 1.014048997088761617e+01 5.111249367852450237e-02 -1.433212002786157058e+01
1.942000000000000000e+03 2.162226557117184882e+02 1.011582752373132443e+01 5.106383727413782436e-02 -1.444167167636632243e+01
1.943000000000000000e+03 2.160820144834239613e+02 1.009038518629824388e+01 5.101539746934739827e-02 -1.454959125893208238e+01
1.944000000000000000e+03 2.159480301475625197e+02 1.006416301807701608e+01 5.096717359649506618e-02 -1.465569063628237778e+01
1.945000000000000000e+03 2.158214819078976632e+02 1.003716092981601626e+01 5.091916492650781778e-02 -1.476000413404951495e+01
1.946000000000000000e+03 2.157024073351692834e+02 1.000937868543137022e+01 5.087137066790562573e-02 -1.486241711708906799e+01
1.947000000000000000e+03 2.155901023494666049e+02 9.980890187471283426e+00 5.082378996573864993e-02 -1.496296311550940317e+01
1.948000000000000000e+03 2.154846068725091186e+02 9.951620628623288667e+00 5.077642190054983823e-02 -1.506152668287652574e+01
1.949000000000000000e+03 2.153852191395667148e+02 9.921643627791228326e+00 5.072926548729234097e-02 -1.515806623913418605e+01
1.950000000000000000e+03 2.152919813511011569e+02 9.890884098203509112e+00 5.068231967427232199e-02 -1.525261406321677171e+01
1.951000000000000000e+03 2.152056881122136076e+02 9.859414739721447773e+00 5.063558334210971346e-02 -1.534505376863654291e+01
1.952000000000000000e+03 2.151249404480834926e+02 9.827231258938875058e+00 5.058905530274986073e-02 -1.543534414684937417e+01
1.953000000000000000e+03 2.150498345837998500e+02 9.794402870065185951e+00 5.054273429851720983e-02 -1.552351816064319223e+01
1.954000000000000000e+03 2.149804677948899325e+02 9.760924374105350410e+00 5.049661900125403113e-02 -1.560953403728888844e+01
1.955000000000000000e+03 2.149169383853170530e+02 9.726716161221183654e+00 5.045070801154115381e-02 -1.569327526218578228e+01
1.956000000000000000e+03 2.148586028294245125e+02 9.691847063645914417e+00 5.040499985800878102e-02 -1.577484770672907644e+01
1.957000000000000000e+03 2.148055614178371115e+02 9.656385791130901453e+00 5.035949299675660656e-02 -1.585420820486816140e+01
1.958000000000000000e+03 2.147579153970887944e+02 9.620326649938487407e+00 5.031418581091100239e-02 -1.593116454739225141e+01
1.959000000000000000e+03 2.147150241079805255e+02 9.583663828882446722e+00 5.026907661031192187e-02 -1.600589546094950677e+01
1.960000000000000000e+03 2.146769906276786060e+02 9.546317118404834545e+00 5.022416363135496359e-02 -1.607820776774084237e+01
1.961000000000000000e+03 2.146439189053532175e+02 9.508429047205716245e+00 5.017944503695830755e-02 -1.614820493197943918e+01
1.962000000000000000e+03 2.146144280613621618e+02 9.469993467389510755e+00 5.013491891671371242e-02 -1.621576707052926380e+01
1.963000000000000000e+03 2.145901093651760334e+02 9.430929840664305175e+00 5.009058328720551040e-02 -1.628092236579367125e+01
1.964000000000000000e+03 2.145695835214720546e+02 9.391306091582938720e+00 5.004643609250111758e-02 -1.634362421080445316e+01
1.965000000000000000e+03 2.145522148100647541e+02 9.351115759804587313e+00 5.000247520480679414e-02 -1.640382548854224609e+01
1.966000000000000000e+03 2.145395967192748117e+02 9.310426569903100358e+00 4.995869842532141974e-02 -1.646155285147864689e+01
1.967000000000000000e+03 2.145303520626005991e+02 9.269157583695850633e+00 4.991510348525202145e-02 -1.651675815083303078e+01
1.968000000000000000e+03 2.145238471142431820e+02 9.227450620624136235e+00 4.987168804703662195e-02 -1.656946700006196238e+01
1.969000000000000000e+03 2.145216772381463102e+02 9.185150276134073977e+00 4.982844970569381970e-02 -1.661963020456138551e+01
1.970000000000000000e+03 2.145217241654243594e+02 9.142472476126330960e+00 4.978538599041958113e-02 -1.666727232560191041e+01
1.971000000000000000e+03 2.145248414659113507e+02 9.099335928388587291e+00 4.974249436629174514e-02 -1.671226882697473926e+01
1.972000000000000000e+03 2.145311403281251614e+02 9.055733543089207416e+00 4.969977223616714457e-02 -1.675479177338336356e+01
1.973000000000000000e+03 2.145392466781744645e+02 9.011658152280768164e+00 4.965721694275299081e-02 -1.679464127652100558e+01
1.974000000000000000e+03 2.145500153077459515e+02 8.967176796432070773e+00 4.961482577078495798e-02 -1.683183976091381950e+01
1.975000000000000000e+03 2.145635584858923153e+02 8.922282160474660273e+00 4.957259594938618480e-02 -1.686648339496220927e+01
1.976000000000000000e+03 2.145785030750240310e+02 8.877041143880006757e+00 4.953052465453833958e-02 -1.689844495520006973e+01
1.977000000000000000e+03 2.145949618212652297e+02 8.831372013243354857e+00 4.948860901168106174e-02 -1.692774524229940525e+01
1.978000000000000000e+03 2.146130476340137250e+02 8.785267255900341965e+00 4.944684609839949258e-02 -1.695440451277990235e+01
1.979000000000000000e+03 2.146321307000016247e+02 8.738942150057473768e+00 4.940523294723651870e-02 -1.697836819444334822e+01
1.980000000000000000e+03 2.146530669370563942e+02 8.692166216409948021e+00 4.936376654857040081e-02 -1.699965545253744992e+01
1.981000000000000000e+03 2.146744837673905408e+02 8.645154623325508325e+00 4.932244385354812855e-02 -1.701828490563375951e+01
1.982000000000000000e+03 2.146972370760246918e+02 8.597825354985266344e+00 4.928126177710501904e-02 -1.703427462522927271e+01
1.983000000000000000e+03 2.147206969839261035e+02 8.550170632072683574e+00 4.924021720099931027e-02 -1.704764213556880037e+01
1.984000000000000000e+03 2.147442334664439159e+02 8.502331198461741124e+00 4.919930697687251164e-02 -1.705833013018505540e+01
1.985000000000000000e+03 2.147687019719969612e+02 8.454224906897875869e+00 4.915852792933369381e-02 -1.706635503916612251e+01
1.986000000000000000e+03 2.147927291959682918e+02 8.405843856207834364e+00 4.911787685902391232e-02 -1.707173274613450431e+01
1.987000000000000000e+03 2.148171700403826776e+02 8.357328678007025502e+00 4.907735054566710053e-02 -1.707447858894734694e+01
1.988000000000000000e+03 2.148413933889402756e+02 8.308597122395459778e+00 4.903694575109854292e-02 -1.707460736061467088e+01
1.989000000000000000e+03 2.148647677279737422e+02 8.259715478681027179e+00 4.899665922223450654e-02 -1.707205902693235444e+01
1.990000000000000000e+03 2.148881467682681432e+02 8.210601444581124397e+00 4.895648769400629680e-02 -1.706692157834176271e+01
1.991000000000000000e+03 2.149108980576992565e+02 8.161395546946449642e+00 4.891642789216831683e-02 -1.705913389748760167e+01
1.992000000000000000e+03 2.149323886050914609e+02 8.112015443955549188e+00 4.887647653606994047e-02 -1.704870861150830308e+01
1.993000000000000000e+03 2.149519848351868916e+02 8.062527345833823134e+00 4.883663034134161363e-02 -1.703573209403300481e+01
1.994000000000000000e+03 2.149712810499363798e+02 8.012997451050804187e+00 4.879688602242815421e-02 -1.702006733338167166e+01
1.995000000000000000e+03 2.149881567058373548e+02 7.963343382511851587e+00 4.875724029505786733e-02 -1.700187391950488447e+01
1.996000000000000000e+03 2.150042047231119966e+02 7.913557041255605107e+00 4.871768987853168642e-02 -1.698108806209964783e+01
1.997000000000000000e+03 2.150180459308567151e+02 7.863778893138390735e+00 4.867823149795372922e-02 -1.695771972746277712e+01
1.998000000000000000e+03 2.150290432040381745e+02 7.814000837996950999e+00 4.863886188627532248e-02 -1.693185264154283942e+01
1.999000000000000000e+03 2.150387870969469759e+02 7.764140496313311601e+00 4.859957778621563917e-02 -1.690342144269212454e+01
2.000000000000000000e+03 2.150451531279643973e+02 7.714264062873066763e+00 4.856037595203368390e-02 -1.687250881914213352e+01
2.001000000000000000e+03 2.150497342814069270e+02 7.664437252571328685e+00 4.852125315116327664e-02 -1.683904671548261334e+01
2.002000000000000000e+03 2.150511680155803731e+02 7.614649549052973754e+00 4.848220616568829633e-02 -1.680318276450404369e+01
2.003000000000000000e+03 2.150495806875113658e+02 7.564889962306071247e+00 4.844323179367259619e-02 -1.676483957980011397e+01
2.004000000000000000e+03 2.150450976691515450e+02 7.515147522082365583e+00 4.840432685036748228e-02 -1.672401355723280147e+01
2.005000000000000000e+03 2.150378433202364761e+02 7.465559847978544994e+00 4.836548816923210564e-02 -1.668077487940405490e+01
2.006000000000000000e+03 2.150271981276481483e+02 7.415967451479337669e+00 4.832671260282187659e-02 -1.663511895331830104e+01
2.007000000000000000e+03 2.150125415163183504e+02 7.366508007016300041e+00 4.828799702359803936e-02 -1.658711498224864656e+01
2.008000000000000000e+03 2.149947374966030225e+02 7.317170653971488470e+00 4.824933832450265664e-02 -1.653668312028199239e+01
2.009000000000000000e+03 2.149731633028990814e+02 7.267944566679725327e+00 4.821073341950287555e-02 -1.648389161157081872e+01
2.010000000000000000e+03 2.149479378787703183e+02 7.218893240906136377e+00 4.817217924394689987e-02 -1.642873394525428310e+01
2.011000000000000000e+03 2.149184361882156225e+02 7.169931646290334193e+00 4.813367275485175983e-02 -1.637120314457341408e+01
2.012000000000000000e+03 2.148847748682330803e+02 7.121123363283810015e+00 4.809521093108526379e-02 -1.631136605616782020e+01
2.013000000000000000e+03 2.148463265424055919e+02 7.072457735544531943e+00 4.805679077342057265e-02 -1.624921478904369110e+01
2.014000000000000000e+03 2.148039483106510090e+02 7.023998439817732198e+00 4.801840930453897538e-02 -1.618481528772747779e+01
2.015000000000000000e+03 2.147570103947551274e+02 6.975734921779431552e+00 4.798006356897323993e-02 -1.611815877158243637e+01
2.016000000000000000e+03 2.147048817949262514e+02 6.927730965861722545e+00 4.794175063293647926e-02 -1.604931030830467975e+01
2.017000000000000000e+03 2.146491587821590770e+02 6.879901847536348036e+00 4.790346758413430162e-02 -1.597833453707810847e+01
2.018000000000000000e+03 2.145877222060208851e+02 6.832311470085526750e+00 4.786521153155474939e-02 -1.590522139189220674e+01
2.019000000000000000e+03 2.145221658334950519e+02 6.785023800326678511e+00 4.782697960518962621e-02 -1.583003467552672383e+01
2.020000000000000000e+03 2.144511108228718683e+02 6.737954304305010744e+00 4.778876895574867001e-02 -1.575283778318473615e+01
2.021000000000000000e+03 2.143754055584741991e+02 6.691241367470460055e+00 4.775057675439827592e-02 -1.567354514277508670e+01
2.022000000000000000e+03 2.142951543004603536e+02 6.644756026191641851e+00 4.771240019245162611e-02 -1.559229363986055894e+01
2.023000000000000000e+03 2.142089743399736221e+02 6.598614526518472800e+00 4.767423648111708545e-02 -1.550914549122783548e+01
2.024000000000000000e+03 2.141177101646361507e+02 6.552792052528548794e+00 4.763608285126304243e-02 -1.542401396910510236e+01
2.025000000000000000e+03 2.140214621089401135e+02 6.507293580905348485e+00 4.759793655320031930e-02 -1.533696054302820855e+01
2.026000000000000000e+03 2.139188435097679530e+02 6.462139026722227619e+00 4.755979485652353511e-02 -1.524812060432616256e+01
2.027000000000000000e+03 2.138106948720547109e+02 6.417333532487045744e+00 4.752165505001258033e-02 -1.515740634022671784e+01
2.028000000000000000e+03 2.136971125191608678e+02 6.372889755598685646e+00 4.748351444157619672e-02 -1.506487815960749543e+01
2.029000000000000000e+03 2.135774485832301082e+02 6.328813014011519300e+00 4.744537035827450094e-02 -1.497059613434845460e+01
2.030000000000000000e+03 2.134517966654387351e+02 6.285123573609361358e+00 4.740722014642274884e-02 -1.487462000780349491e+01
2.031000000000000000e+03 2.133209918260000961e+02 6.241834365435193988e+00 4.736906117176360731e-02 -1.477693491987923657e+01
2.032000000000000000e+03 2.131836392338443886e+02 6.198943559577734241e+00 4.733089081973692464e-02 -1.467767426622886617e+01
2.033000000000000000e+03 2.130398283312763681e+02 6.156479137465147744e+00 4.729270649583141445e-02 -1.457682257302890427e+01
2.034000000000000000e+03 2.128903899882215001e+02 6.114446895559965789e+00 4.725450562603134008e-02 -1.447443835636917520e+01
2.035000000000000000e+03 2.127346679861535677e+02 6.072860160860291678e+00 4.721628565736914890e-02 -1.437050556422143899e+01
2.036000000000000000e+03 2.125727475119028611e+02 6.031717507901876552e+00 4.717804405855985372e-02 -1.426515643600668781e+01
2.037000000000000000e+03 2.124039694760782595e+02 5.991025045813427319e+00 4.713977832073925484e-02 -1.415830009422424141e+01
2.038000000000000000e+03 2.122291590063675528e+02 5.950803848622242320e+00 4.710148595829419249e-02 -1.405014253818764303e+01
2.039000000000000000e+03 2.120476540954377072e+02 5.911052815408311290e+00 4.706316450979296934e-02 -1.394059238529525935e+01
2.040000000000000000e+03 2.118595340938124707e+02 5.871785813910035401e+00 4.702481153900367472e-02 -1.382978086490586200e+01
2.041000000000000000e+03 2.116641340274639447e+02 5.833001968925961123e+00 4.698642463601465646e-02 -1.371769041024704627e+01
2.042000000000000000e+03 2.114622730904068248e+02 5.794715377465995410e+00 4.694800141842451341e-02 -1.360437751840170506e+01
2.043000000000000000e+03 2.112540261270673057e+02 5.756940253747811376e+00 4.690953953261453591e-02 -1.348989847633810690e+01
2.044000000000000000e+03 2.110387236197037453e+02 5.719683502489404603e+00 4.687103665510670286e-02 -1.337430937049133739e+01
2.045000000000000000e+03 2.108171801809340025e+02 5.682952148847379092e+00 4.683249049397168046e-02 -1.325766609638911575e+01
2.046000000000000000e+03 2.105887232011799597e+02 5.646753339949418304e+00 4.679389879032146149e-02 -1.313995008481501436e+01
2.047000000000000000e+03 2.103526785064189824e+02 5.611094346370620656e+00 4.675525931984557404e-02 -1.302136544551957975e+01
2.048000000000000000e+03 2.101105988511819191e+02 5.575997420253495207e+00 4.671656989439020718e-02 -1.290189327593747493e+01
2.049000000000000000e+03 2.098618068966189583e+02 5.541455226568565706e+00 4.667782836356212939e-02 -1.278158880495628580e+01
2.050000000000000000e+03 2.096063665391778272e+02 5.507482842870199846e+00 4.663903261640920533e-02 -1.266043283569285016e+01
2.051000000000000000e+03 2.093435943118261093e+02 5.474073231364283032e+00 4.660018058306537175e-02 -1.253855268608532469e+01
2.052000000000000000e+03 2.090742791254263295e+02 5.441234504616716983e+00 4.656127023643737151e-02 -1.241591930555227741e+01
2.053000000000000000e+03 2.087977196719570259e+02 5.408982375559707734e+00 4.652229959390456748e-02 -1.229257589446817356e+01
2.054000000000000000e+03 2.085139558380806193e+02 5.377310404234611596e+00 4.648326671897239776e-02 -1.216863983370761915e+01
2.055000000000000000e+03 2.082230258615940670e+02 5.346227140550379175e+00 4.644416972293997914e-02 -1.204400556046691051e+01
2.056000000000000000e+03 2.079257091587205935e+02 5.315733840179498237e+00 4.640500676653012968e-02 -1.191886456261122085e+01
2.057000000000000000e+03 2.076205549771360097e+02 5.285846750494705759e+00 4.636577606151468661e-02 -1.179311112047859211e+01
2.058000000000000000e+03 2.073090822351917950e+02 5.256559969642777830e+00 4.632647587221875446e-02 -1.166693658471463380e+01
2.059000000000000000e+03 2.069898368367459227e+02 5.227875160709372970e+00 4.628710451707122170e-02 -1.154030940155654505e+01
2.060000000000000000e+03 2.066643343474345045e+02 5.199808980771932099e+00 4.624766037002728952e-02 -1.141319797312563722e+01
2.061000000000000000e+03 2.063311173116348698e+02 5.172355939789770041e+00 4.620814186192755829e-02 -1.128579351769949035e+01
2.062000000000000000e+03 2.059916979309701048e+02 5.145525542935259544e+00 4.616854748184021084e-02 -1.115799009493550642e+01
2.063000000000000000e+03 2.056446153835970847e+02 5.119312577711546020e+00 4.612887577821174478e-02 -1.102997888360480694e+01
2.064000000000000000e+03 2.052906356700912625e+02 5.093734256161161156e+00 4.608912536005901894e-02 -1.090172820675812027e+01
2.065000000000000000e+03 2.049305231103373046e+02 5.068778216810583714e+00 4.604929489795468733e-02 -1.077320639188278051e+01
2.066000000000000000e+03 2.045628118417003520e+02 5.044454523457287287e+00 4.600938312498204646e-02 -1.064460463102265209e+01
2.067000000000000000e+03 2.041882628337264123e+02 5.020765952043263702e+00 4.596938883756398336e-02 -1.051581700583272472e+01
2.068000000000000000e+03 2.038076353889367169e+02 4.997707990869059813e+00 4.592931089617915269e-02 -1.038703476512751500e+01
2.069000000000000000e+03 2.034194586449505096e+02 4.975283697448033671e+00 4.588914822598366000e-02 -1.025815206634279342e+01
2.070000000000000000e+03 2.030252314281905228e+02 4.953503698600248306e+00 4.584889981730369546e-02 -1.012928596948497528e+01
2.071000000000000000e+03 2.026242224185690191e+02 4.932356477085801494e+00 4.580856472602966994e-02 -1.000047931249991962e+01
2.072000000000000000e+03 2.022156986657464017e+02 4.911845513331313917e+00 4.576814207385109662e-02 -9.871775004098214623e+00
2.073000000000000000e+03 2.018011541066993288e+02 4.891967000295617041e+00 4.572763104847693549e-02 -9.743216033018811117e+00
2.074000000000000000e+03 2.013798525693541421e+02 4.872732128378850724e+00 4.568703090361046076e-02 -9.614771193727944976e+00
2.075000000000000000e+03 2.009525419627615292e+02 4.854137371821967584e+00 4.564634095892251830e-02 -9.486557946062841751e+00
2.076000000000000000e+03 2.005177401182580468e+02 4.836171916800348747e+00 4.560556059984520461e-02 -9.358545290289665530e+00
2.077000000000000000e+03 2.000769346521309728e+02 4.818847374511506132e+00 4.556468927728699742e-02 -9.230850910110182994e+00
2.078000000000000000e+03 1.996293831390967739e+02 4.802153210704208419e+00 4.552372650723626041e-02 -9.103518331076696057e+00
2.079000000000000000e+03 1.991758273072028658e+02 4.786101315355152153e+00 4.548267187025356595e-02 -8.976516929437101666e+00
2.080000000000000000e+03 1.987162645536028265e+02 4.770674003737494395e+00 4.544152501090938101e-02 -8.849964791407211706e+00
2.081000000000000000e+03 1.982506908014587168e+02 4.755883442688992879e+00 4.540028563703226577e-02 -8.723831587842312274e+00
2.082000000000000000e+03 1.977791005227901167e+02 4.741727079922978483e+00 4.535895351899021932e-02 -8.598235716842353327e+00
2.083000000000000000e+03 1.973014867622397048e+02 4.728195071738231725e+00 4.531752848880826051e-02 -8.473221461750439332e+00
2.084000000000000000e+03 1.968178411616986523e+02 4.715299995727343152e+00 4.527601043924599916e-02 -8.348758999566410210e+00
2.085000000000000000e+03 1.963296396557805679e+02 4.703017423230527072e+00 4.523439932278386366e-02 -8.224967259772698824e+00
2.086000000000000000e+03 1.958346426528086681e+02 4.691360202043048488e+00 4.519269515055857750e-02 -8.101816798544376752e+00
2.087000000000000000e+03 1.953343234119037106e+02 4.680319028767940814e+00 4.515089799125834163e-02 -7.979352657375394564e+00
2.088000000000000000e+03 1.948294110602851674e+02 4.669884732972006347e+00 4.510900796993536077e-02 -7.857620087590559521e+00
2.089000000000000000e+03 1.943184049512215665e+02 4.660063132942720898e+00 4.506702526680920334e-02 -7.736664558252702051e+00
2.090000000000000000e+03 1.938020317026688701e+02 4.650845321295544288e+00 4.502495011600694819e-02 -7.616531763959615731e+00
2.091000000000000000e+03 1.932802738860824832e+02 4.642229948985495902e+00 4.498278280431560611e-02 -7.497193349025299547e+00
2.092000000000000000e+03 1.927531128907179436e+02 4.634208367520793459e+00 4.494052366985496622e-02 -7.378769765554960891e+00
2.093000000000000000e+03 1.922212717882346737e+02 4.626772056181071235e+00 4.489817310081656299e-02 -7.261307430386094275e+00
2.094000000000000000e+03 1.916847296924684088e+02 4.619920049190282541e+00 4.485573153411419323e-02 -7.144704448912278849e+00
2.095000000000000000e+03 1.911427217894417652e+02 4.613651506144288206e+00 4.481319945409373284e-02 -7.029156323299872611e+00
2.096000000000000000e+03 1.905967107076070306e+02 4.607950854044151612e+00 4.477057739121875768e-02 -6.914635975044255645e+00
2.097000000000000000e+03 1.900459295379201876e+02 4.602817499387475308e+00 4.472786592078605017e-02 -6.801146315821657851e+00
2.098000000000000000e+03 1.894903532041952587e+02 4.598250970115428160e+00 4.468506566167457922e-02 -6.688764824400526443e+00
2.099000000000000000e+03 1.889306984933431863e+02 4.594228629167431244e+00 4.464217727505377653e-02 -6.577509843010927781e+00
2.100000000000000000e+03 1.883661955804759316e+02 4.590757671496735526e+00 4.459920146321223050e-02 -6.467407439031936711e+00
2.101000000000000000e+03 1.877975531134838150e+02 4.587831006156343427e+00 4.455613896834563492e-02 -6.358490909460194906e+00
2.102000000000000000e+03 1.872247108810970246e+02 4.585428615774949535e+00 4.451299057143900256e-02 -6.250791853034185941e+00
2.103000000000000000e+03 1.866476015344844939e+02 4.583560764108137953e+00 4.446975709115855158e-02 -6.144334253762626652e+00
2.104000000000000000e+03 1.860661569024231881e+02 4.582222970676369300e+00 4.442643938278902777e-02 -6.039157273854805830e+00
2.105000000000000000e+03 1.854810508556604134e+02 4.581403437480651597e+00 4.438303833724086683e-02 -5.935278117772560869e+00
2.106000000000000000e+03 1.848914708309240211e+02 4.581090475680341889e+00 4.433955488012516349e-02 -5.832714322930709905e+00
2.107000000000000000e+03 1.842988320348588331e+02 4.581294788934219930e+00 4.429598997080972517e-02 -5.731506050241794270e+00
2.108000000000000000e+03 1.837015776273737515e+02 4.581997473202333637e+00 4.425234460161642236e-02 -5.631671519350683219e+00
2.109000000000000000e+03 1.831018642650851120e+02 4.583194585065023752e+00 4.420861979704519829e-02 -5.533244155562168309e+00
2.110000000000000000e+03 1.824981337789724876e+02 4.584882283204530395e+00 4.416481661302140704e-02 -5.436235453104188764e+00
2.111000000000000000e+03 1.818917987171891752e+02 4.587056826552178279e+00 4.412093613625901745e-02 -5.340679550080214000e+00
2.112000000000000000e+03 1.812820425271489171e+02 4.589707144051125454e+00 4.407697948363015206e-02 -5.246603519753861633e+00
2.113000000000000000e+03 1.806695337575887947e+02 4.592829689436206841e+00 4.403294780162516492e-02 -5.154005090016715585e+00
2.114000000000000000e+03 1.800534547450847640e+02 4.596413582579808477e+00 4.398884226586765450e-02 -5.062926931241007011e+00
2.115000000000000000e+03 1.794352158154744927e+02 4.600448035856196327e+00 4.394466408064177237e-02 -4.973367520256841701e+00
2.116000000000000000e+03 1.788139982996960669e+02 4.604929780474112277e+00 4.390041447854162171e-02 -4.885355427863833810e+00
2.117000000000000000e+03 1.781904687346005574e+02 4.609855636077954344e+00 4.385609472009469739e-02 -4.798904752566226506e+00
2.118000000000000000e+03 1.775638075482518445e+02 4.615207651968326275e+00 4.381170609351710959e-02 -4.714044837637295871e+00
2.119000000000000000e+03 1.769354232601764352e+02 4.620982818394621106e+00 4.376724991441131862e-02 -4.630783132856808315e+00
2.120000000000000000e+03 1.763037526610548014e+02 4.627170779366903020e+00 4.372272752559826919e-02 -4.549127482875446660e+00
2.121000000000000000e+03 1.756709463525705530e+02 4.633768687191039959e+00 4.367814029691326205e-02 -4.469100987052848417e+00
2.122000000000000000e+03 1.750354404215616171e+02 4.640758915225206671e+00 4.363348962509397411e-02 -4.390712289017494996e+00
2.123000000000000000e+03 1.743978991444181759e+02 4.648146197411952230e+00 4.358877693365938860e-02 -4.313977864501270965e+00
2.124000000000000000e+03 1.737597293410477164e+02 4.655905627581572226e+00 4.354400367280063938e-02 -4.238914595595247192e+00
2.125000000000000000e+03 1.731186233885791808e+02 4.664034655634155868e+00 4.349917131934290943e-02 -4.165532344827739486e+00
2.126000000000000000e+03 1.724767304303532001e+02 4.672530800195236367e+00 4.345428137666167145e-02 -4.093841385764572571e+00
2.127000000000000000e+03 1.718332280492710993e+02 4.681376789598616028e+00 4.340933537468514430e-02 -4.023859833431260746e+00
2.128000000000000000e+03 1.711887793014500119e+02 4.690562844598453296e+00 4.336433486980495466e-02 -3.955591361155770702e+00
2.129000000000000000e+03 1.705433042345829620e+02 4.700079247659159520e+00 4.331928144486844878e-02 -3.889040058984480464e+00
2.130000000000000000e+03 1.698959799113252132e+02 4.709916340575479587e+00 4.327417670912508951e-02 -3.824232720270264618e+00
2.131000000000000000e+03 1.692482117727560080e+02 4.720064522073452729e+00 4.322902229818034042e-02 -3.761174272930624785e+00
2.132000000000000000e+03 1.685991766515862764e+02 4.730521673743618649e+00 4.318381987392318905e-02 -3.699877494030900493e+00
2.133000000000000000e+03 1.679495369706591532e+02 4.741263444205968014e+00 4.313857112446233683e-02 -3.640333297388434808e+00
2.134000000000000000e+03 1.672992122612897674e+02 4.752295245111854527e+00 4.309327776397736676e-02 -3.582555304502764493e+00
2.135000000000000000e+03 1.666488648567876396e+02 4.763592821877372430e+00 4.304794153260926848e-02 -3.526550131807304478e+00
2.136000000000000000e+03 1.659984142459566385e+02 4.775146821306659461e+00 4.300256419631838523e-02 -3.472309962796508831e+00
2.137000000000000000e+03 1.653470370967396832e+02 4.786955360751147026e+00 4.295714754661347778e-02 -3.419842261729681532e+00
2.138000000000000000e+03 1.646961386200742083e+02 4.799009168907218736e+00 4.291169340038672453e-02 -3.369147488709146820e+00
2.139000000000000000e+03 1.640456384186492187e+02 4.811284154954280190e+00 4.286620359957691445e-02 -3.320233956336612113e+00
2.140000000000000000e+03 1.633954561809766801e+02 4.823785976135743780e+00 4.282068001085578834e-02 -3.273102972796438692e+00
2.141000000000000000e+03 1.627455117055646667e+02 4.836490608429086180e+00 4.277512452522775482e-02 -3.227748841468116581e+00
2.142000000000000000e+03 1.620964677602776192e+02 4.849396342463360376e+00 4.272953905763159088e-02 -3.184166288718750071e+00
2.143000000000000000e+03 1.614475016017669873e+02 4.862479210878571934e+00 4.268392554641621539e-02 -3.142365319876518903e+00
2.144000000000000000e+03 1.608000191752794876e+02 4.875744984234609447e+00 4.263828595280987066e-02 -3.102336305089337554e+00
2.145000000000000000e+03 1.601531981293727540e+02 4.889169741664026958e+00 4.259262226033851129e-02 -3.064086377178765197e+00
2.146000000000000000e+03 1.595069591810662359e+02 4.902737010077072632e+00 4.254693647412113866e-02 -3.027612688350894032e+00
2.147000000000000000e+03 1.588619661410786819e+02 4.916452618316122347e+00 4.250123062016950698e-02 -2.992910579988639963e+00
2.148000000000000000e+03 1.582181402692009158e+02 4.930292696159392030e+00 4.245550674460979446e-02 -2.959972838260240824e+00
2.149000000000000000e+03 1.575761459699511420e+02 4.944248241880743855e+00 4.240976691282313804e-02 -2.928793406575496583e+00
2.150000000000000000e+03 1.569351623132826603e+02 4.958310263011580510e+00 4.236401320852631325e-02 -2.899367383705983237e+00
2.151000000000000000e+03 1.562958507448322223e+02 4.972462757724720461e+00 4.231824773283333896e-02 -2.871690608525331978e+00
2.152000000000000000e+03 1.556581156395470771e+02 4.986698805808524426e+00 4.227247260319637323e-02 -2.845762875160898098e+00
2.153000000000000000e+03 1.550226009654077188e+02 5.001004472649489330e+00 4.222668995234876016e-02 -2.821584713289479573e+00
2.154000000000000000e+03 1.543884654605537037e+02 5.015373251157869028e+00 4.218090192709873787e-02 -2.799151113331889373e+00
2.155000000000000000e+03 1.537570968349246243e+02 5.029806059269395391e+00 4.213511068720790509e-02 -2.778454569412251551e+00
2.156000000000000000e+03 1.531269119517022830e+02 5.044274095707447891e+00 4.208931840409151776e-02 -2.759488122164562185e+00
2.157000000000000000e+03 1.524992995342087170e+02 5.058785692661406763e+00 4.204352725949610237e-02 -2.742245727182178072e+00
2.158000000000000000e+03 1.518741631825126888e+02 5.073326886524580637e+00 4.199773944420210486e-02 -2.726721360498314706e+00
2.159000000000000000e+03 1.512506642352452104e+02 5.087891128850253075e+00 4.195195715656770824e-02 -2.712909758155544804e+00
2.160000000000000000e+03 1.506301931364982067e+02 5.102456998871976346e+00 4.190618260113683491e-02 -2.700804110005730507e+00
2.161000000000000000e+03 1.500119124524519236e+02 5.117025342843109392e+00 4.186041798713485695e-02 -2.690395981870217668e+00
2.162000000000000000e+03 1.493964710732269623e+02 5.131589558242255933e+00 4.181466552698464428e-02 -2.681673083335903485e+00
2.163000000000000000e+03 1.487837757344532292e+02 5.146135591398947717e+00 4.176892743476582487e-02 -2.674627212249921726e+00
2.164000000000000000e+03 1.481737338788222473e+02 5.160649363489747898e+00 4.172320592463334837e-02 -2.669247565225297603e+00
2.165000000000000000e+03 1.475662536824622180e+02 5.175124196555415779e+00 4.167750320928307467e-02 -2.665525190534655309e+00
2.166000000000000000e+03 1.469619869161497547e+02 5.189553382839647178e+00 4.163182149832691387e-02 -2.663451498188325939e+00
2.167000000000000000e+03 1.463608433012189494e+02 5.203922754150631214e+00 4.158616299672585753e-02 -2.663014541374151278e+00
2.168000000000000000e+03 1.457627333702796761e+02 5.218232964647341099e+00 4.154052990315949823e-02 -2.664196040600854687e+00
2.169000000000000000e+03 1.451675684926031238e+02 5.232462346848304691e+00 4.149492440844529395e-02 -2.666973607557554082e+00
2.170000000000000000e+03 1.445760037341850648e+02 5.246618907868619175e+00 4.144934869394246990e-02 -2.671326683021347126e+00
2.171000000000000000e+03 1.439872093773178108e+02 5.260680900429206552e+00 4.140380492997265682e-02 -2.677235046289882181e+00
2.172000000000000000e+03 1.434025851199297961e+02 5.274656247496715800e+00 4.135829527425750191e-02 -2.684676581656434191e+00
2.173000000000000000e+03 1.428213030891740516e+02 5.288523113346728977e+00 4.131282187040030696e-02 -2.693633215950280491e+00
2.174000000000000000e+03 1.422440220397726023e+02 5.302281899908684260e+00 4.126738684636560572e-02 -2.704083484928812897e+00
2.175000000000000000e+03 1.416706588715989881e+02 5.315918102936303846e+00 4.122199231302069861e-02 -2.716009213420115920e+00
2.176000000000000000e+03 1.411011314867560884e+02 5.329424595009116139e+00 4.117664036269882977e-02 -2.729390309992505870e+00
2.177000000000000000e+03 1.405353588109821317e+02 5.342801623512862363e+00 4.113133306780979159e-02 -2.744208475534424707e+00
2.178000000000000000e+03 1.399732608143688424e+02 5.356027095248969694e+00 4.108607247952820313e-02 -2.760444969046986774e+00
2.179000000000000000e+03 1.394155013663757643e+02 5.369101144577212104e+00 4.104086062648248240e-02 -2.778082087506983822e+00
2.180000000000000000e+03 1.388620025850028128e+02 5.382008989736580595e+00 4.099569951357079356e-02 -2.797100931453356143e+00
2.181000000000000000e+03 1.383119448552071162e+02 5.394743215999710628e+00 4.095059112077018004e-02 -2.817483107500346584e+00
2.182000000000000000e+03 1.377667381865798291e+02 5.407296345458155962e+00 4.090553740207590605e-02 -2.839203145317212407e+00
2.183000000000000000e+03 1.372255652198984990e+02 5.419668263540478037e+00 4.086054028446354375e-02 -2.862234731246446007e+00
2.184000000000000000e+03 1.366890954180481401e+02 5.431843932161999788e+00 4.081560166693629782e-02 -2.886551593420242590e+00
2.185000000000000000e+03 1.361565137407831401e+02 5.443815673009037681e+00 4.077072341968372704e-02 -2.912128238223331334e+00
2.186000000000000000e+03 1.356284919987273554e+02 5.455583165805832913e+00 4.072590738325727183e-02 -2.938937863899225178e+00
2.187000000000000000e+03 1.351057031962405119e+02 5.467131161564359410e+00 4.068115536788614872e-02 -2.966956216756525322e+00
2.188000000000000000e+03 1.345865930382541649e+02 5.478459194319984071e+00 4.063646915283473937e-02 -2.996158316082084827e+00
2.189000000000000000e+03 1.340725797863367461e+02 5.489551866099462885e+00 4.059185048585030320e-02 -3.026517184634977209e+00
2.190000000000000000e+03 1.335635972583980902e+02 5.500415987075849777e+00 4.054730108272368988e-02 -3.058006813229918297e+00
2.191000000000000000e+03 1.330588376725246746e+02 5.511021147205200421e+00 4.050282262686558110e-02 -3.090603639583621387e+00
2.192000000000000000e+03 1.325589801598137285e+02 5.521381426553251259e+00 4.045841676905050782e-02 -3.124279855912382775e+00
2.193000000000000000e+03 1.320639622660047792e+02 5.531473681952278731e+00 4.041408512717553636e-02 -3.159011573170037224e+00
2.194000000000000000e+03 1.315729799571352601e+02 5.541296972348609629e+00 4.036982928612840166e-02 -3.194774357033720147e+00
2.195000000000000000e+03 1.310874589642509420e+02 5.550842843983360808e+00 4.032565079773519495e-02 -3.231540992341561225e+00
2.196000000000000000e+03 1.306073406118567277e+02 5.560102757361019776e+00 4.028155118075889274e-02 -3.269279247480455730e+00
2.197000000000000000e+03 1.301318246554961604e+02 5.569075514254876680e+00 4.023753192100678472e-02 -3.307958552747931158e+00
2.198000000000000000e+03 1.296608549533536632e+02 5.577752399698932884e+00 4.019359447147532322e-02 -3.347537364960295747e+00
2.199000000000000000e+03 1.291951194668263270e+02 5.586132037418360952e+00 4.014974025255606260e-02 -3.387994359287937129e+00
2.200000000000000000e+03 1.287345645900911961e+02 5.594205531896793815e+00 4.010597065235974035e-02 -3.429289794562246030e+00
2.201000000000000000e+03 1.282791393886319042e+02 5.601971357572363530e+00 4.006228702701574579e-02 -3.471400400875820580e+00
2.202000000000000000e+03 1.278287998114670359e+02 5.609420602050180449e+00 4.001869070107986343e-02 -3.514286632483108797e+00
2.203000000000000000e+03 1.273835044736735682e+02 5.616551720618023325e+00 3.997518296797039627e-02 -3.557940256907269116e+00
2.204000000000000000e+03 1.269439560827397173e+02 5.623355644779268303e+00 3.993176509040855665e-02 -3.602330881777863425e+00
2.205000000000000000e+03 1.265093729288569193e+02 5.629830637915861580e+00 3.988843830097514587e-02 -3.647435660830811610e+00
2.206000000000000000e+03 1.260797173846394514e+02 5.635974865940649003e+00 3.984520380261792616e-02 -3.693246714841603495e+00
2.207000000000000000e+03 1.256556958990949937e+02 5.641771539639847788e+00 3.980206276920712771e-02 -3.739733982444386040e+00
2.208000000000000000e+03 1.252365304858976884e+02 5.647218627157806203e+00 3.975901634609976809e-02 -3.786874926093837690e+00
2.209000000000000000e+03 1.248229300562670119e+02 5.652313996421411524e+00 3.971606565074339151e-02 -3.834647096269452327e+00
2.210000000000000000e+03 1.244148619061567729e+02 5.657055414306604746e+00 3.967321177321894710e-02 -3.883028124026946415e+00
2.211000000000000000e+03 1.240115517080602814e+02 5.661440545846746275e+00 3.963045577684776860e-02 -3.931988285199174982e+00
2.212000000000000000e+03 1.236137120074882318e+02 5.665466953483370816e+00 3.958779869872419699e-02 -3.981505349650746872e+00
2.213000000000000000e+03 1.232213137089511861e+02 5.669117239659052565e+00 3.954524155026428733e-02 -4.031542288787199446e+00
2.214000000000000000e+03 1.228343289017536364e+02 5.672411044605566666e+00 3.950278531774390617e-02 -4.082084409874912723e+00
2.215000000000000000e+03 1.224519880155062879e+02 5.675330762221229897e+00 3.946043096275356210e-02 -4.133102206870169049e+00
2.216000000000000000e+03 1.220757511505863420e+02 5.677873537946201310e+00 3.941817942265104374e-02 -4.184558781364065894e+00
2.217000000000000000e+03 1.217048510582257421e+02 5.680043839879842515e+00 3.937603161097735782e-02 -4.236439548595421378e+00
2.218000000000000000e+03 1.213392644707790993e+02 5.681838601592202664e+00 3.933398841783034700e-02 -4.288707659981091602e+00
2.219000000000000000e+03 1.209782264218222423e+02 5.683254650031031474e+00 3.929205071010043182e-02 -4.341341137521516735e+00
2.220000000000000000e+03 1.206232015764278600e+02 5.684296133473615953e+00 3.925021933177991196e-02 -4.394318009779757617e+00
2.221000000000000000e+03 1.202734272112637655e+02 5.684952236122962965e+00 3.920849510410107791e-02 -4.447608876238524189e+00
2.222000000000000000e+03 1.199288845450542738e+02 5.685226891201092592e+00 3.916687882570538820e-02 -4.501176900037764383e+00
2.223000000000000000e+03 1.195902987290925665e+02 5.685123923986610706e+00 3.912537127263050751e-02 -4.555007514145940739e+00
2.224000000000000000e+03 1.192561674978367989e+02 5.684632194898041391e+00 3.908397319834173295e-02 -4.609063844064083426e+00
2.225000000000000000e+03 1.189279610049944722e+02 5.683747884374502846e+00 3.904268533359196020e-02 -4.663331270770505910e+00
2.226000000000000000e+03 1.186041791344686089e+02 5.682481921101947719e+00 3.900150838629680428e-02 -4.717772853502437691e+00
2.227000000000000000e+03 1.182862941719606340e+02 5.680815411833935791e+00 3.896044304126738966e-02 -4.772366464432919564e+00
2.228000000000000000e+03 1.179735509514686527e+02 5.678759068162162471e+00 3.891948995990443527e-02 -4.827089924940414889e+00
2.229000000000000000e+03 1.176651953523152088e+02 5.676308636429816090e+00 3.887864977979960113e-02 -4.881906141925613341e+00
2.230000000000000000e+03 1.173627027964582510e+02 5.673459754493191731e+00 3.883792311430261240e-02 -4.936792814278847530e+00
2.231000000000000000e+03 1.170653212308574922e+02 5.670215380179345566e+00 3.879731055196357359e-02 -4.991720140947311535e+00
2.232000000000000000e+03 1.167730424603643513e+02 5.666578363089330495e+00 3.875681265596849639e-02 -5.046665670807208848e+00
2.233000000000000000e+03 1.164851164707221045e+02 5.662544016447499828e+00 3.871642996347674642e-02 -5.101599439190982466e+00
2.234000000000000000e+03 1.162030227619573139e+02 5.658129830747900435e+00 3.867616298489098131e-02 -5.156491389523262470e+00
2.235000000000000000e+03 1.159252704967140915e+02 5.653323475593516001e+00 3.863601220309957618e-02 -5.211311366667062295e+00
2.236000000000000000e+03 1.156533411741517341e+02 5.648142226834648838e+00 3.859597807266974823e-02 -5.266029110332440588e+00
2.237000000000000000e+03 1.153857459435968451e+02 5.642573540148391409e+00 3.855606101898751553e-02 -5.320629105250413993e+00
2.238000000000000000e+03 1.151232254436853424e+02 5.636634478266812742e+00 3.851626143738163394e-02 -5.375073432962031106e+00
2.239000000000000000e+03 1.148650356212769310e+02 5.630304856295336613e+00 3.847657969215970836e-02 -5.429338907178907547e+00
2.240000000000000000e+03 1.146126619006434737e+02 5.623608954079966971e+00 3.843701611572001436e-02 -5.483409639113621559e+00
2.241000000000000000e+03 1.143638764973056965e+02 5.616526376562365641e+00 3.839757100755214481e-02 -5.537247317832648896e+00
2.242000000000000000e+03 1.141201667622383127e+02 5.609066337883342079e+00 3.835824463332176276e-02 -5.590835774187433493e+00
2.243000000000000000e+03 1.138815353305106299e+02 5.601237948625392704e+00 3.831903722387233757e-02 -5.644136404620101466e+00
2.244000000000000000e+03 1.136472429499286108e+02 5.593027931447361212e+00 3.827994897429484039e-02 -5.697140163602277596e+00
2.245000000000000000e+03 1.134172941444403335e+02 5.584437763562411838e+00 3.824098004299841119e-02 -5.749808130902301251e+00
2.246000000000000000e+03 1.131916943721427629e+02 5.575483677505429725e+00 3.820213055081021075e-02 -5.802130932540408459e+00
2.247000000000000000e+03 1.129704500179250175e+02 5.566166948539424730e+00 3.816340058011949421e-02 -5.854069308226436341e+00
2.248000000000000000e+03 1.127535683856594773e+02 5.556481323852517029e+00 3.812479017405002307e-02 -5.905598675789316410e+00
2.249000000000000000e+03 1.125410576898761406e+02 5.546435308494011451e+00 3.808629933570909648e-02 -5.956709125595692988e+00
2.250000000000000000e+03 1.123329270468586856e+02 5.536029881246833817e+00 3.804792802746714137e-02 -6.007360844959708679e+00
2.251000000000000000e+03 1.121291908182773795e+02 5.525273046030918067e+00 3.800967617034042845e-02 -6.057536671306896991e+00
2.252000000000000000e+03 1.119291388254546433e+02 5.514156629076887306e+00 3.797154364342254090e-02 -6.107214053794458586e+00
2.253000000000000000e+03 1.117328089488795939e+02 5.502686912131269814e+00 3.793353028340597927e-02 -6.156370796144974733e+00
2.254000000000000000e+03 1.115409827632199864e+02 5.490870083080070074e+00 3.789563588423248974e-02 -6.204999348143607207e+00
2.255000000000000000e+03 1.113522141845541427e+02 5.478689951998668484e+00 3.785786019675175390e-02 -6.253069658892544069e+00
2.256000000000000000e+03 1.111680293019749683e+02 5.466159950737080386e+00 3.782020292858112587e-02 -6.300573742023149570e+00
2.257000000000000000e+03 1.109877265179004695e+02 5.453278563984218508e+00 3.778266374398499272e-02 -6.347481100811972254e+00
2.258000000000000000e+03 1.108113478726821342e+02 5.440044187165352874e+00 3.774524226394466303e-02 -6.393783293608509055e+00
2.259000000000000000e+03 1.106381933580567676e+02 5.426462556019826522e+00 3.770793806625897387e-02 -6.439456787520834169e+00
2.260000000000000000e+03 1.104690494046945446e+02 5.412539319507743585e+00 3.767075068583262965e-02 -6.484485239015698177e+00
2.261000000000000000e+03 1.103039603585519899e+02 5.398272612745444121e+00 3.763367961501834502e-02 -6.528852061231700254e+00
2.262000000000000000e+03 1.101422284612463898e+02 5.383682771719989546e+00 3.759672430412470262e-02 -6.572547848108997393e+00
2.263000000000000000e+03 1.099831566643982939e+02 5.368775192878429969e+00 3.755988416202294539e-02 -6.615548085235424480e+00
2.264000000000000000e+03 1.098282771129733106e+02 5.353540334494453212e+00 3.752315855685155882e-02 -6.657835430913316976e+00
2.265000000000000000e+03 1.096768941123602303e+02 5.337998288161809768e+00 3.748654681687780404e-02 -6.699392283945827309e+00
2.266000000000000000e+03 1.095290554446799263e+02 5.322139353408758211e+00 3.745004823142754347e-02 -6.740245349997199931e+00
2.267000000000000000e+03 1.093840666739530434e+02 5.305983465940111721e+00 3.741366205196766659e-02 -6.780287357568874462e+00
2.268000000000000000e+03 1.092419767904103196e+02 5.289520772298252460e+00 3.737738749321196929e-02 -6.819574188516405400e+00
2.269000000000000000e+03 1.091035781838381382e+02 5.272763629799857910e+00 3.734122373441890741e-02 -6.858050025722952192e+00
2.270000000000000000e+03 1.089681781109822083e+02 5.255716894641246917e+00 3.730516992073178856e-02 -6.895807342118022376e+00
2.271000000000000000e+03 1.088358271722911184e+02 5.238370495075019839e+00 3.726922516461460971e-02 -6.932715480052873858e+00
2.272000000000000000e+03 1.087065764478105621e+02 5.220736574708047861e+00 3.723338854734388470e-02 -6.968792065830175630e+00
2.273000000000000000e+03 1.085804774674225257e+02 5.202827209016525067e+00 3.719765912060346569e-02 -7.004054439846034263e+00
2.274000000000000000e+03 1.084568393454527211e+02 5.184632121879472422e+00 3.716203590810933377e-02 -7.038445370365298714e+00
2.275000000000000000e+03 1.083357144198248250e+02 5.166178113982660136e+00 3.712651790733751539e-02 -7.071981617935819919e+00
2.276000000000000000e+03 1.082178982207211959e+02 5.147462209285447621e+00 3.709110409120722207e-02 -7.104679649427250610e+00
2.277000000000000000e+03 1.081019580987864259e+02 5.128481370057221156e+00 3.705579340985876158e-02 -7.136481352202388884e+00
2.278000000000000000e+03 1.079886902033159970e+02 5.109262211929641140e+00 3.702058479245946138e-02 -7.167402598929100144e+00
2.279000000000000000e+03 1.078781481100228632e+02 5.089794150410880569e+00 3.698547714897908872e-02 -7.197458962018003170e+00
2.280000000000000000e+03 1.077703856238536844e+02 5.070088829368676109e+00 3.695046937199344267e-02 -7.226591428193801292e+00
2.281000000000000000e+03 1.076647139117764311e+02 5.050142980974216655e+00 3.691556033843715334e-02 -7.254740680205342684e+00
2.282000000000000000e+03 1.075611871407626268e+02 5.029975569161929450e+00 3.688074891140118161e-02 -7.281995662172064954e+00
2.283000000000000000e+03 1.074591167758868693e+02 5.009583221249513940e+00 3.684603394183620650e-02 -7.308370727551785961e+00
2.284000000000000000e+03 1.073600428888901490e+02 4.988969943072844693e+00 3.681141427023428003e-02 -7.333731354247203349e+00
2.285000000000000000e+03 1.072625342818782030e+02 4.968139692381477346e+00 3.677688872827843819e-02 -7.358165560861095855e+00
2.286000000000000000e+03 1.071673883018713553e+02 4.947103808946069492e+00 3.674245614037289359e-02 -7.381612488059849042e+00
2.287000000000000000e+03 1.070739166356469667e+02 4.925873587976083989e+00 3.670811532518664100e-02 -7.404159531592577004e+00
2.288000000000000000e+03 1.069821737854591106e+02 4.904437996847432757e+00 3.667386509702027370e-02 -7.425670923920439925e+00
2.289000000000000000e+03 1.068922142054174742e+02 4.882830532042941485e+00 3.663970426713292899e-02 -7.446233434505737492e+00
2.290000000000000000e+03 1.068040922737262548e+02 4.861040080746908743e+00 3.660563164501059313e-02 -7.465784951705354722e+00
2.291000000000000000e+03 1.067171194308032796e+02 4.839085206154146057e+00 3.657164603942535119e-02 -7.484411616317754756e+00
2.292000000000000000e+03 1.066320926584677835e+02 4.816969579183302486e+00 3.653774625951120708e-02 -7.502050687240791937e+00
2.293000000000000000e+03 1.065483231149788992e+02 4.794711693700695498e+00 3.650393111560570891e-02 -7.518639108274370209e+00
2.294000000000000000e+03 1.064658646163240832e+02 4.772307726599246180e+00 3.647019942005182841e-02 -7.534336358554832636e+00
2.295000000000000000e+03 1.063847707785234036e+02 4.749761253036558273e+00 3.643654998787247690e-02 -7.548930184590429526e+00
2.296000000000000000e+03 1.063043521610833153e+02 4.727090676628684207e+00 3.640298163729132480e-02 -7.562579435469489297e+00
2.297000000000000000e+03 1.062254047517239144e+02 4.704292089548292033e+00 3.636949319011453102e-02 -7.575219795150426982e+00
2.298000000000000000e+03 1.061472386071208547e+02 4.681376416130584417e+00 3.633608347207132466e-02 -7.586935200410397151e+00
2.299000000000000000e+03 1.060706491750434139e+02 4.658347129682154808e+00 3.630275131293199398e-02 -7.597586423894021834e+00
2.300000000000000000e+03 1.059942031024616824e+02 4.635215111045260628e+00 3.626949554656406366e-02 -7.607182492311427069e+00
2.301000000000000000e+03 1.059186983049823993e+02 4.611976039735517396e+00 3.623631501085780582e-02 -7.615880064165539309e+00
2.302000000000000000e+03 1.058442018369387938e+02 4.588653988876805201e+00 3.620320854752266670e-02 -7.623461576921283012e+00
2.303000000000000000e+03 1.057692978184648638e+02 4.565235548959317491e+00 3.617017500180328554e-02 -7.630154235830172382e+00
2.304000000000000000e+03 1.056962841936077240e+02 4.541737010545891629e+00 3.613721322204503650e-02 -7.635739236154745591e+00
2.305000000000000000e+03 1.056230015339108235e+02 4.518167224396981929e+00 3.610432205923407717e-02 -7.640368882988452626e+00
2.306000000000000000e+03 1.055502613785194939e+02 4.494520174997283846e+00 3.607150036637955109e-02 -7.643972324646330030e+00
2.307000000000000000e+03 1.054781320498475452e+02 4.470812124183757064e+00 3.603874699785351160e-02 -7.646552688203071213e+00
2.308000000000000000e+03 1.054059386452367022e+02 4.447044471270406696e+00 3.600606080864929281e-02 -7.648112797634854410e+00
2.309000000000000000e+03 1.053337486994603438e+02 4.423218611623290997e+00 3.597344065359983634e-02 -7.648655175578837451e+00
2.310000000000000000e+03 1.052623721778910522e+02 4.399350795233380573e+00 3.594088538652593506e-02 -7.648256328709396534e+00
2.311000000000000000e+03 1.051911329652224225e+02 4.375434986834707551e+00 3.590839385933086020e-02 -7.646843899217287799e+00
2.312000000000000000e+03 1.051193545298559116e+02 4.351487437871501385e+00 3.587596492112009317e-02 -7.644345233913388604e+00
2.313000000000000000e+03 1.050478455887350577e+02 4.327502118257887886e+00 3.584359741724214149e-02 -7.640910236945638090e+00
2.314000000000000000e+03 1.049766715974070763e+02 4.303502716685486895e+00 3.581129018837923839e-02 -7.636539954605749081e+00
2.315000000000000000e+03 1.049051547454147055e+02 4.279475787320907720e+00 3.577904206962668338e-02 -7.631086577756996725e+00
2.316000000000000000e+03 1.048333596218950277e+02 4.255437606800810180e+00 3.574685188958402066e-02 -7.624699145384234100e+00
2.317000000000000000e+03 1.047613503761628948e+02 4.231397034315657280e+00 3.571471846949282603e-02 -7.617303562717719245e+00
2.318000000000000000e+03 1.046891907132813060e+02 4.207348085085833134e+00 3.568264062241584267e-02 -7.608899737989259116e+00
2.319000000000000000e+03 1.046162010544735779e+02 4.183299645579471537e+00 3.565061715248123847e-02 -7.599561585282198273e+00
2.320000000000000000e+03 1.045431870374092540e+02 4.159260618618470851e+00 3.561864685414803389e-02 -7.589288460478652354e+00
2.321000000000000000e+03 1.044694681709998747e+02 4.135232496823375570e+00 3.558672851163352524e-02 -7.578005164313021069e+00
2.322000000000000000e+03 1.043951063349691424e+02 4.111231649447209868e+00 3.555486089833396340e-02 -7.565784796032589021e+00
2.323000000000000000e+03 1.043209057738677643e+02 4.087252182394178313e+00 3.552304277642972380e-02 -7.552625906141643419e+00
2.324000000000000000e+03 1.042454417504342672e+02 4.063310510077242199e+00 3.549127289651803074e-02 -7.538526783252442520e+00
2.325000000000000000e+03 1.041695175485839826e+02 4.039408215408052172e+00 3.545954999743246294e-02 -7.523559741031731640e+00
2.326000000000000000e+03 1.040924502904410787e+02 4.015561764923473831e+00 3.542787280609785427e-02 -7.507648271231166959e+00
2.327000000000000000e+03 1.040150422678623130e+02 3.991765368743192433e+00 3.539624003759068299e-02 -7.490789897825163024e+00
2.328000000000000000e+03 1.039366095929822791e+02 3.968042980712862544e+00 3.536465039529367721e-02 -7.473130464234528425e+00
2.329000000000000000e+03 1.038579535281466946e+02 3.944381444924905278e+00 3.533310257116823588e-02 -7.454592719624169916e+00
2.330000000000000000e+03 1.037776462997821909e+02 3.920804780874834972e+00 3.530159524618431410e-02 -7.435173456810745485e+00
2.331000000000000000e+03 1.036964880966871760e+02 3.897299901592508053e+00 3.527012709089053649e-02 -7.414943516245870114e+00
2.332000000000000000e+03 1.036145357172126040e+02 3.873883470407253338e+00 3.523869676609679702e-02 -7.393824939575607047e+00
2.333000000000000000e+03 1.035318453907114673e+02 3.850549904087275266e+00 3.520730292371795217e-02 -7.371888107799287937e+00
2.334000000000000000e+03 1.034477299280961233e+02 3.827315944509804613e+00 3.517594420773931946e-02 -7.349128894990772487e+00
2.335000000000000000e+03 1.033622443766525549e+02 3.804183518455252599e+00 3.514461925528429564e-02 -7.325542956107551795e+00
2.336000000000000000e+03 1.032754431689954089e+02 3.781147167478745352e+00 3.511332669788001792e-02 -7.301200014875636413e+00
2.337000000000000000e+03 1.031881229413329208e+02 3.758231191157982654e+00 3.508206516276283354e-02 -7.276095301240636637e+00
2.338000000000000000e+03 1.030988511759194211e+02 3.735422793412067399e+00 3.505083327434479340e-02 -7.250149555895186282e+00
2.339000000000000000e+03 1.030084231931331544e+02 3.712738939098721769e+00 3.501962965574949987e-02 -7.223506168885596601e+00
2.340000000000000000e+03 1.029168907927500243e+02 3.690189213681168923e+00 3.498845293047439520e-02 -7.196159766762858290e+00
2.341000000000000000e+03 1.028235622348422282e+02 3.667768396268607400e+00 3.495730172412207098e-02 -7.168030500813046935e+00
2.342000000000000000e+03 1.027292307253636352e+02 3.645486174379906519e+00 3.492617466621811967e-02 -7.139186902354848208e+00
2.343000000000000000e+03 1.026332030562644775e+02 3.623352288577262659e+00 3.489507039204717276e-02 -7.109697320583976854e+00
2.344000000000000000e+03 1.025355280905853732e+02 3.601361677070680667e+00 3.486398754461440819e-02 -7.079555643977273327e+00
2.345000000000000000e+03 1.024362539073595144e+02 3.579531618744648203e+00 3.483292477658621322e-02 -7.048681305253608365e+00
2.346000000000000000e+03 1.023361706165823790e+02 3.557849735951723158e+00 3.480188075227937800e-02 -7.017216420396588994e+00
2.347000000000000000e+03 1.022338389991863892e+02 3.536333422529373216e+00 3.477085414964223298e-02 -6.985080092701489995e+00
2.348000000000000000e+03 1.021300474975099490e+02 3.514977846532141736e+00 3.473984366226277182e-02 -6.952339835396029066e+00
2.349000000000000000e+03 1.020240980208532022e+02 3.493793093135522110e+00 3.470884800136354170e-02 -6.918988726285005164e+00
2.350000000000000000e+03 1.019167772667365597e+02 3.472789309056552476e+00 3.467786589770584238e-02 -6.885093979948263332e+00
2.351000000000000000e+03 1.018081277200891464e+02 3.451961768978724532e+00 3.464689610351390919e-02 -6.850573035553387591e+00
2.352000000000000000e+03 1.016974462032412703e+02 3.431312927768570997e+00 3.461593739434209310e-02 -6.815561778901300549e+00
2.353000000000000000e+03 1.015847709617332129e+02 3.410860083741555915e+00 3.458498857082729222e-02 -6.779972047444297267e+00
2.354000000000000000e+03 1.014701392910006064e+02 3.390598315866416357e+00 3.455404846038976491e-02 -6.743938403541418936e+00
2.355000000000000000e+03 1.013543303566567033e+02 3.370530198125229138e+00 3.452311591884598546e-02 -6.707298155297379161e+00
2.356000000000000000e+03 1.012358938407873694e+02 3.350673228789803559e+00 3.449218983188873100e-02 -6.670185629963273577e+00
2.357000000000000000e+03 1.011163497747516118e+02 3.331015261213227774e+00 3.446126911646340413e-02 -6.632660761826284279e+00
2.358000000000000000e+03 1.009942458479250291e+02 3.311573931491728739e+00 3.443035272202368824e-02 -6.594634814128342626e+00
2.359000000000000000e+03 1.008711000782392375e+02 3.292337232489286780e+00 3.439943963165207480e-02 -6.556167518513247749e+00
2.360000000000000000e+03 1.007454581237878699e+02 3.273315513082695638e+00 3.436852886304531812e-02 -6.517169946467326724e+00
2.361000000000000000e+03 1.006180931213347094e+02 3.254504337170370576e+00 3.433761946929105718e-02 -6.477850215795744937e+00
2.362000000000000000e+03 1.004882915061004951e+02 3.235921626150241703e+00 3.430671053958177924e-02 -6.438044944569506711e+00
2.363000000000000000e+03 1.003568243483941274e+02 3.217555661161406899e+00 3.427580119971396916e-02 -6.397887808123070563e+00
2.364000000000000000e+03 1.002229760116932482e+02 3.199409653845768364e+00 3.424489061242779603e-02 -6.357289560014915963e+00
2.365000000000000000e+03 1.000875154925936243e+02 3.181494318624721540e+00 3.421397797757923936e-02 -6.316383738521255786e+00
2.366000000000000000e+03 9.995046791726002766e+01 3.163813016592412097e+00 3.418306253218884871e-02 -6.275080971097832361e+00
2.367000000000000000e+03 9.981037170960009064e+01 3.146354327726247124e+00 3.415214355027704901e-02 -6.233440397365104246e+00
2.368000000000000000e+03 9.966873560627121265e+01 3.129136621516170891e+00 3.412122034257084047e-02 -6.191446824066776600e+00
2.369000000000000000e+03 9.952558165301923054e+01 3.112156059007884945e+00 3.409029225601523799e-02 -6.149233581034658336e+00
2.370000000000000000e+03 9.937944521276088494e+01 3.095416306666053607e+00 3.405935867317441690e-02 -6.106636825620078035e+00
2.371000000000000000e+03 9.923183198536219152e+01 3.078921108453676947e+00 3.402841901147366649e-02 -6.063789816147227896e+00
2.372000000000000000e+03 9.908201817357799257e+01 3.062666857878992399e+00 3.399747272231435496e-02 -6.020677216316353331e+00
2.373000000000000000e+03 9.893076467070871161e+01 3.046657455060886921e+00 3.396651928998418307e-02 -5.977357951112417744e+00
2.374000000000000000e+03 9.877660289934512150e+01 3.030904307061502934e+00 3.393555823057295417e-02 -5.933816645182271365e+00
2.375000000000000000e+03 9.862103467166333814e+01 3.015389186435716073e+00 3.390458909065276194e-02 -5.890037911698381201e+00
2.376000000000000000e+03 9.846333236052370808e+01 3.000131086652136680e+00 3.387361144595060769e-02 -5.846080641199922212e+00
2.377000000000000000e+03 9.830276742186954664e+01 2.985126795528227017e+00 3.384262489987464179e-02 -5.801929439902063557e+00
2.378000000000000000e+03 9.814083891806556892e+01 2.970373180486577169e+00 3.381162908199945166e-02 -5.757613488588057216e+00
2.379000000000000000e+03 9.797681652683439779e+01 2.955874617079284228e+00 3.378062364648714427e-02 -5.713161977768276500e+00
2.380000000000000000e+03 9.781145473617006303e+01 2.941635560780624381e+00 3.374960827044191231e-02 -5.668589256210928795e+00
2.381000000000000000e+03 9.764327868957846590e+01 2.927645690398364753e+00 3.371858265225602391e-02 -5.623902264492837588e+00
2.382000000000000000e+03 9.747304121704230795e+01 2.913917049905920376e+00 3.368754650991444971e-02 -5.579115396868228771e+00
2.383000000000000000e+03 9.730075151605529982e+01 2.900446906741214637e+00 3.365649957932880659e-02 -5.534250506403419756e+00
2.384000000000000000e+03 9.712641800797113945e+01 2.887240036876943972e+00 3.362544161265375309e-02 -5.489314625025773609e+00
2.385000000000000000e+03 9.695079119441240323e+01 2.874286439758852563e+00 3.359437237665172105e-02 -5.444329681987980507e+00
2.386000000000000000e+03 9.677239233848563060e+01 2.861591051665468122e+00 3.356329165106920753e-02 -5.399310223843019507e+00
2.387000000000000000e+03 9.659197049605307939e+01 2.849158888936102141e+00 3.353219922712395024e-02 -5.354285704481666741e+00
2.388000000000000000e+03 9.641027403146316033e+01 2.836987619519149906e+00 3.350109490598560807e-02 -5.309270776678023829e+00
2.389000000000000000e+03 9.622656496787344338e+01 2.825082419541178780e+00 3.346997849741075587e-02 -5.264280153695100495e+00
2.390000000000000000e+03 9.604010467712905097e+01 2.813433688095083429e+00 3.343884981841107468e-02 -5.219328614147299206e+00
2.391000000000000000e+03 9.585238240401730536e+01 2.802046760450323859e+00 3.340770869209256505e-02 -5.174445863519377298e+00
2.392000000000000000e+03 9.566340110957612808e+01 2.790927051132269465e+00 3.337655494653945371e-02 -5.129646825538888066e+00
2.393000000000000000e+03 9.547167748869277659e+01 2.780065196972177688e+00 3.334538841387405667e-02 -5.084939075253527285e+00
2.394000000000000000e+03 9.527869899693776290e+01 2.769466770229509933e+00 3.331420892943363216e-02 -5.040337700411105182e+00
2.395000000000000000e+03 9.508372402109000632e+01 2.759129993233458311e+00 3.328301633109879976e-02 -4.995865306090312430e+00
2.396000000000000000e+03 9.488749606891842348e+01 2.749045738046373089e+00 3.325181045872677155e-02 -4.951537162580909701e+00
2.397000000000000000e+03 9.468927244264661169e+01 2.739227239499409716e+00 3.322059115379469296e-02 -4.907361209913156053e+00
2.398000000000000000e+03 9.448905275646404789e+01 2.729665524697099332e+00 3.318935825917924271e-02 -4.863360347385380145e+00
2.399000000000000000e+03 9.428757894780787296e+01 2.720359125996040905e+00 3.315811161906703081e-02 -4.819542724586007409e+00
2.400000000000000000e+03 9.408410678240265668e+01 2.711306652204076517e+00 3.312685107902439696e-02 -4.775931459162348069e+00
2.401000000000000000e+03 9.387863149943346741e+01 2.702506978630581536e+00 3.309557648627360626e-02 -4.732541830608379740e+00
2.402000000000000000e+03 9.367262204781621904e+01 2.693959818166895115e+00 3.306428769005755053e-02 -4.689379708099804311e+00
2.403000000000000000e+03 9.346382985421641365e+01 2.685665149165049836e+00 3.303298454219848884e-02 -4.646472844507535171e+00
2.404000000000000000e+03 9.325446288272202366e+01 2.677623024346985403e+00 3.300166689778707974e-02 -4.603819407552259158e+00
2.405000000000000000e+03 9.304301445406235871e+01 2.669840998565716994e+00 3.297033461598299076e-02 -4.561439982327472720e+00
2.406000000000000000e+03 9.283020592930306236e+01 2.662304414788100537e+00 3.293898756101068526e-02 -4.519340433555945502e+00
2.407000000000000000e+03 9.261601537230816916e+01 2.655020973553314789e+00 3.290762560320426022e-02 -4.477541622933354226e+00
2.408000000000000000e+03 9.239967755144701300e+01 2.647983590551921118e+00 3.287624862021790162e-02 -4.436042271253032077e+00
2.409000000000000000e+03 9.218265528063136571e+01 2.641192680980607221e+00 3.284485649829236437e-02 -4.394856103965024019e+00
2.410000000000000000e+03 9.196343957440272732e+01 2.634656158820038563e+00 3.281344913367035404e-02 -4.354004426564013208e+00
2.411000000000000000e+03 9.174349232782140007e+01 2.628359722685962296e+00 3.278202643401961769e-02 -4.313486414855106865e+00
2.412000000000000000e+03 9.152130363549119352e+01 2.622303996807016091e+00 3.275058831997081782e-02 -4.273316260299094616e+00
2.413000000000000000e+03 9.129833447063390395e+01 2.616497101875881803e+00 3.271913472665589212e-02 -4.233508316831452234e+00
2.414000000000000000e+03 9.107381683855761878e+01 2.610924940824782770e+00 3.268766560534117072e-02 -4.194069675955567789e+00
2.415000000000000000e+03 9.084772511529106964e+01 2.605595768079021823e+00 3.265618092501105379e-02 -4.155015026809029344e+00
2.416000000000000000e+03 9.062077604613415360e+01 2.600503046933567486e+00 3.262468067402325006e-02 -4.116351802749752764e+00
2.417000000000000000e+03 9.039220023927536829e+01 2.595647733707939331e+00 3.259316486167407323e-02 -4.078095041262161047e+00
2.418000000000000000e+03 9.016271350485327218e+01 2.591023420126393084e+00 3.256163351981861825e-02 -4.040259958730381129e+00
2.419000000000000000e+03 8.993154551421130805e+01 2.586638617426470166e+00 3.253008670437679967e-02 -4.002847096777212066e+00
2.420000000000000000e+03 8.970015397489501652e+01 2.582472185292726596e+00 3.249852449682380517e-02 -3.965872038619122630e+00
2.421000000000000000e+03 8.946702478598612629e+01 2.578540186022141523e+00 3.246694700559892705e-02 -3.929335698532409715e+00
2.422000000000000000e+03 8.923287188453920749e+01 2.574829028363403438e+00 3.243535436743362477e-02 -3.893261466383179936e+00
2.423000000000000000e+03 8.899840874263077239e+01 2.571340036588853462e+00 3.240374674853904735e-02 -3.857643211864580923e+00
2.424000000000000000e+03 8.876211986537487064e+01 2.568067164393461610e+00 3.237212434574716913e-02 -3.822497285546437418e+00
2.425000000000000000e+03 8.852546064025084149e+01 2.565019278875221964e+00 3.234048738749026319e-02 -3.787832807979729655e+00
2.426000000000000000e+03 8.828765749723147849e+01 2.562175589343699045e+00 3.230883613463115395e-02 -3.753651672108374360e+00
2.427000000000000000e+03 8.804867925541489626e+01 2.559545073012969407e+00 3.227717088119051031e-02 -3.719963402286732723e+00
2.428000000000000000e+03 8.780923713085441307e+01 2.557121903772582971e+00 3.224549195489075093e-02 -3.686777728150410383e+00
2.429000000000000000e+03 8.756929907569355009e+01 2.554907736092828507e+00 3.221379971754142341e-02 -3.654104586740348992e+00
2.430000000000000000e+03 8.732808978875428352e+01 2.552889418811096434e+00 3.218209456529622786e-02 -3.621939267828519604e+00
2.431000000000000000e+03 8.708631923263767760e+01 2.551068707353278064e+00 3.215037692867540875e-02 -3.590306985946810414e+00
2.432000000000000000e+03 8.684395414213611275e+01 2.549447405837437231e+00 3.211864727247379370e-02 -3.559203455412891959e+00
2.433000000000000000e+03 8.660096087421696609e+01 2.548012509161924122e+00 3.208690609548980888e-02 -3.528639462159314899e+00
2.434000000000000000e+03 8.635804825947711549e+01 2.546765915180091877e+00 3.205515393003457308e-02 -3.498618580309487580e+00
2.435000000000000000e+03 8.611369627992833387e+01 2.545709566759174702e+00 3.202339134129516401e-02 -3.469144602053279680e+00
2.436000000000000000e+03 8.586935593348729867e+01 2.544830593825451182e+00 3.199161892656991052e-02 -3.440228967420870365e+00
2.437000000000000000e+03 8.562424940950624830e+01 2.544123597147682325e+00 3.195983731427572139e-02 -3.411875908903784449e+00
2.438000000000000000e+03 8.537908428594265331e+01 2.543598075407668802e+00 3.192804716280065597e-02 -3.384082452674006092e+00
2.439000000000000000e+03 8.513308221258108688e+01 2.543233853807264744e+00 3.189624915925611676e-02 -3.356860704751534197e+00
2.440000000000000000e+03 8.488695027565741213e+01 2.543040509567890517e+00 3.186444401802313031e-02 -3.330215566967901886e+00
2.441000000000000000e+03 8.464065251842590953e+01 2.543005372165819900e+00 3.183263247921459815e-02 -3.304152166228349063e+00
2.442000000000000000e+03 8.439415280285017218e+01 2.543130663760763355e+00 3.180081530697595471e-02 -3.278668426971286021e+00
2.443000000000000000e+03 8.414667200216352683e+01 2.543403784463079464e+00 3.176899328769321185e-02 -3.253769928576459858e+00
2.444000000000000000e+03 8.389965936936171431e+01 2.543827024394594627e+00 3.173716722807750495e-02 -3.229462477620948402e+00
2.445000000000000000e+03 8.365307839115884292e+01 2.544402705640109730e+00 3.170533795320742282e-02 -3.205752108384033683e+00
2.446000000000000000e+03 8.340540681762976760e+01 2.545110895841595777e+00 3.167350630445482651e-02 -3.182630226551101060e+00
2.447000000000000000e+03 8.315883653745839865e+01 2.545961405288430512e+00 3.164167313736830633e-02 -3.160118179619426204e+00
2.448000000000000000e+03 8.291184525805503824e+01 2.546941787098319754e+00 3.160983931954073484e-02 -3.138200401950904439e+00
2.449000000000000000e+03 8.266439638125488898e+01 2.548047049245872220e+00 3.157800572840726433e-02 -3.116891270030682115e+00
2.450000000000000000e+03 8.241793903385570275e+01 2.549279653185661854e+00 3.154617324904932657e-02 -3.096183104023966681e+00
2.451000000000000000e+03 8.217094875553156896e+01 2.550627475327798432e+00 3.151434277204064049e-02 -3.076083641434318228e+00
2.452000000000000000e+03 8.192486321213367262e+01 2.552086834426100292e+00 3.148251519125398745e-02 -3.056587319504069811e+00
2.453000000000000000e+03 8.167814654226472726e+01 2.553661746470098581e+00 3.145069140174128891e-02 -3.037711420700860643e+00
2.454000000000000000e+03 8.143223439901350957e+01 2.555348818688840229e+00 3.141887229768028367e-02 -3.019458598598193433e+00
2.455000000000000000e+03 8.118633413328780080e+01 2.557137248161014398e+00 3.138705877033846209e-02 -3.001816877409740680e+00
2.456000000000000000e+03 8.094113899663966549e+01 2.559023677124798279e+00 3.135525170618148200e-02 -2.984796793183144281e+00
2.457000000000000000e+03 8.069659966296060816e+01 2.561012191587089148e+00 3.132345198504185579e-02 -2.968394251401001771e+00
2.458000000000000000e+03 8.045192425420628979e+01 2.563092034882454850e+00 3.129166047838517067e-02 -2.952620239644664135e+00
2.459000000000000000e+03 8.020706403501867499e+01 2.565267319684839009e+00 3.125987804773202455e-02 -2.937471113368043785e+00
2.460000000000000000e+03 7.996345627107227472e+01 2.567527313218883833e+00 3.122810554321005586e-02 -2.922943451686034422e+00
2.461000000000000000e+03 7.972031007593112406e+01 2.569876149275482025e+00 3.119634380218764755e-02 -2.909041484727046267e+00
2.462000000000000000e+03 7.947683493668829158e+01 2.572303113427958809e+00 3.116459364816996300e-02 -2.895769664200751325e+00
2.463000000000000000e+03 7.923521207314639980e+01 2.574804926703404551e+00 3.113285588972993650e-02 -2.883117805532384281e+00
2.464000000000000000e+03 7.899316610510864223e+01 2.577385744207005391e+00 3.110113131967790975e-02 -2.871090800016647293e+00
2.465000000000000000e+03 7.875213625361264747e+01 2.580034868699961237e+00 3.106942071440122952e-02 -2.859686328439303704e+00
2.466000000000000000e+03 7.851133367507645744e+01 2.582749034283827516e+00 3.103772483332677481e-02 -2.848902288020249696e+00
2.467000000000000000e+03 7.827145564913891462e+01 2.585524976689191234e+00 3.100604441859708058e-02 -2.838736790928237497e+00
2.468000000000000000e+03 7.803245708466451447e+01 2.588366860270734371e+00 3.097438019490146577e-02 -2.829188162718468291e+00
2.469000000000000000e+03 7.779429336422037977e+01 2.591256563257408274e+00 3.094273286949965340e-02 -2.820254940694500778e+00
2.470000000000000000e+03 7.755617751689607076e+01 2.594205674862249733e+00 3.091110313236582197e-02 -2.811935872195348907e+00
2.471000000000000000e+03 7.731955156467464008e+01 2.597196067145712384e+00 3.087949165655672415e-02 -2.804222484458937625e+00
2.472000000000000000e+03 7.708362951702450516e+01 2.600231892140578704e+00 3.084789909870339769e-02 -2.797113939463744980e+00
2.473000000000000000e+03 7.684836871426995231e+01 2.603309867132361788e+00 3.081632609966081585e-02 -2.790609603648531944e+00
2.474000000000000000e+03 7.661372699443293754e+01 2.606419273349410926e+00 3.078477328528817294e-02 -2.784701617561659681e+00
2.475000000000000000e+03 7.638040552880048040e+01 2.609564239712882650e+00 3.075324126739015923e-02 -2.779397178842354155e+00
2.476000000000000000e+03 7.614762031615606475e+01 2.612741456494788839e+00 3.072173064476660734e-02 -2.774681398331603877e+00
2.477000000000000000e+03 7.591607352104809081e+01 2.615940174036790911e+00 3.069024200437399374e-02 -2.770547011268352566e+00
2.478000000000000000e+03 7.568572496585089482e+01 2.619157058179919062e+00 3.065877592256865958e-02 -2.766994375018303032e+00
2.479000000000000000e+03 7.545653496200718280e+01 2.622396189004572609e+00 3.062733296647294004e-02 -2.764009181686843064e+00
2.480000000000000000e+03 7.522772147042034874e+01 2.625646774531023020e+00 3.059591369538227149e-02 -2.761599597469646117e+00
2.481000000000000000e+03 7.500073143629695949e+01 2.628912862883308499e+00 3.056451866221114241e-02 -2.759736833386722044e+00
2.482000000000000000e+03 7.477478377319204128e+01 2.632183627663061021e+00 3.053314841504407851e-02 -2.758436854608797617e+00
2.483000000000000000e+03 7.454984069688906345e+01 2.635463080137797398e+00 3.050180349864953233e-02 -2.757686094366914364e+00
2.484000000000000000e+03 7.432586488387228485e+01 2.638740354639929730e+00 3.047048445604466291e-02 -2.757471164705057376e+00
2.485000000000000000e+03 7.410356229969949027e+01 2.642011992430734590e+00 3.043919182998645542e-02 -2.757793710472547399e+00
2.486000000000000000e+03 7.388289652228348814e+01 2.645281940526959197e+00 3.040792616455979466e-02 -2.758640693156278800e+00
2.487000000000000000e+03 7.366308873533759538e+01 2.648531837140413625e+00 3.037668800659434898e-02 -2.760006673106866426e+00
2.488000000000000000e+03 7.344484622713773092e+01 2.651773008984407376e+00 3.034547790716169216e-02 -2.761893806657287787e+00
2.489000000000000000e+03 7.322739104447485659e+01 2.654994471691391134e+00 3.031429642285813839e-02 -2.764282129784541464e+00
2.490000000000000000e+03 7.301143132729079355e+01 2.658185213747874975e+00 3.028314411713846702e-02 -2.767166696868796016e+00
2.491000000000000000e+03 7.279767563375885686e+01 2.661356480444653005e+00 3.025202156148751667e-02 -2.770542720946711057e+00
2.492000000000000000e+03 7.258460443103922444e+01 2.664497202690358613e+00 3.022092933649310129e-02 -2.774398142262385125e+00
2.493000000000000000e+03 7.237292710205477420e+01 2.667603709343397966e+00 3.018986803280973574e-02 -2.778728481817070328e+00
2.494000000000000000e+03 7.216298202041184595e+01 2.670679726159143286e+00 3.015883825197611043e-02 -2.783514553117039103e+00
2.495000000000000000e+03 7.195443941485811479e+01 2.673706661352602154e+00 3.012784060715445467e-02 -2.788752172323636813e+00
2.496000000000000000e+03 7.174748990481657529e+01 2.676695603030796011e+00 3.009687572361985017e-02 -2.794437298253426682e+00
2.497000000000000000e+03 7.154202738243314741e+01 2.679635319738700172e+00 3.006594423920541659e-02 -2.800551172331186667e+00
2.498000000000000000e+03 7.133816899879418827e+01 2.682529401225728805e+00 3.003504680450394190e-02 -2.807090028598527631e+00
2.499000000000000000e+03 7.113580946576813346e+01 2.685359115727416590e+00 3.000418408298353296e-02 -2.814042805226131261e+00
2.500000000000000000e+03 7.093506676105252495e+01 2.688135407468233762e+00 2.997335675085394460e-02 -2.821398569383787969e+00
2.501000000000000000e+03 7.073591072232471788e+01 2.690846987578360494e+00 2.994256549686176438e-02 -2.829147258037603141e+00
2.502000000000000000e+03 7.053838592348684244e+01 2.693490317480325746e+00 2.991181102183737214e-02 -2.837281907345056808e+00
2.503000000000000000e+03 7.034246309586409041e+01 2.696061908748019320e+00 2.988109403814437348e-02 -2.845803844446570086e+00
2.504000000000000000e+03 7.014818769743794746e+01 2.698565660283823942e+00 2.985041526892188990e-02 -2.854699654457065083e+00
2.505000000000000000e+03 6.995560563910609631e+01 2.700998000763634721e+00 2.981977544719429871e-02 -2.863956033492286668e+00
2.506000000000000000e+03 6.976461472847033463e+01 2.703347887802078908e+00 2.978917531482598580e-02 -2.873582070011391210e+00
2.507000000000000000e+03 6.957541038260964683e+01 2.705619092188415564e+00 2.975861562136994376e-02 -2.883549814274508183e+00
2.508000000000000000e+03 6.938789137270781282e+01 2.707815340391476422e+00 2.972809712270163204e-02 -2.893868558074269348e+00
2.509000000000000000e+03 6.920203125501659258e+01 2.709925457084964240e+00 2.969762057962595930e-02 -2.904525404134044031e+00
2.510000000000000000e+03 6.901795266851713961e+01 2.711945649444762019e+00 2.966718675630384411e-02 -2.915507547332204297e+00
2.511000000000000000e+03 6.883563021567385931e+01 2.713886934766630787e+00 2.963679641861397679e-02 -2.926817127550971787e+00
2.512000000000000000e+03 6.865511332819963286e+01 2.715730569653341586e+00 2.960645033239541271e-02 -2.938434084050558059e+00
2.513000000000000000e+03 6.847622914868082944e+01 2.717480047776347885e+00 2.957614926168975616e-02 -2.950360721674945452e+00
2.514000000000000000e+03 6.829917681448681321e+01 2.719138814156658590e+00 2.954589396681144356e-02 -2.962584565185680585e+00
2.515000000000000000e+03 6.812393320576721578e+01 2.720702836167869343e+00 2.951568520249692185e-02 -2.975093212030465839e+00
2.516000000000000000e+03 6.795040152847236925e+01 2.722160602911563920e+00 2.948552371589439197e-02 -2.987881756746247230e+00
2.517000000000000000e+03 6.777863418074244350e+01 2.723515409665506315e+00 2.945541024467119781e-02 -3.000945358648896555e+00
2.518000000000000000e+03 6.760860991801560260e+01 2.724770500603053591e+00 2.942534551501866172e-02 -3.014271809511801514e+00
2.519000000000000000e+03 6.744038243524961729e+01 2.725921639885299008e+00 2.939533023973117665e-02 -3.027848957936142060e+00
2.520000000000000000e+03 6.727393181460470828e+01 2.726957111126176780e+00 2.936536511630757906e-02 -3.041672133714240722e+00
2.521000000000000000e+03 6.710923882297649357e+01 2.727887430281472625e+00 2.933545082507059767e-02 -3.055729287137391559e+00
2.522000000000000000e+03 6.694635920874763713e+01 2.728708203408541699e+00 2.930558802740737198e-02 -3.070015841702065984e+00
2.523000000000000000e+03 6.678520086362883035e+01 2.729422411251256619e+00 2.927577736402243655e-02 -3.084512405064033125e+00
2.524000000000000000e+03 6.662582096800345255e+01 2.730018123746713599e+00 2.924601945332207936e-02 -3.099214478445710075e+00
2.525000000000000000e+03 6.646827743413693668e+01 2.730498213007142017e+00 2.921631488988134934e-02 -3.114110167595083745e+00
2.526000000000000000e+03 6.631248034816765369e+01 2.730858067873585870e+00 2.918666424304319426e-02 -3.129187607151004968e+00
2.527000000000000000e+03 6.615841482830171572e+01 2.731107878594765559e+00 2.915706805562720549e-02 -3.144442385015736807e+00
2.528000000000000000e+03 6.600621531461464997e+01 2.731235494727676461e+00 2.912752684278098816e-02 -3.159862681686004038e+00
2.529000000000000000e+03 6.585571987287714535e+01 2.731243566564550918e+00 2.909804109096634020e-02 -3.175429266295690667e+00
2.530000000000000000e+03 6.570699018239595546e+01 2.731134688131978461e+00 2.906861125711064989e-02 -3.191145206072431684e+00
2.531000000000000000e+03 6.556001440376256539e+01 2.730903968564250661e+00 2.903923776793444420e-02 -3.206991292306440755e+00
2.532000000000000000e+03 6.541478146251317582e+01 2.730546460201338732e+00 2.900992101937112724e-02 -3.222955749838428918e+00
2.533000000000000000e+03 6.527128104766201488e+01 2.730064586710887031e+00 2.898066137623036762e-02 -3.239034233164579835e+00
2.534000000000000000e+03 6.512957789210062742e+01 2.729460714533909815e+00 2.895145917198378369e-02 -3.255207537510788285e+00
2.535000000000000000e+03 6.498951463384985061e+01 2.728722296004374215e+00 2.892231470874351631e-02 -3.271478736730209835e+00
2.536000000000000000e+03 6.485115751071445800e+01 2.727859010944748253e+00 2.889322825738966510e-02 -3.287821181020861960e+00
2.537000000000000000e+03 6.471457350181896118e+01 2.726865624783231912e+00 2.886420005787817405e-02 -3.304237919921460875e+00
2.538000000000000000e+03 6.457960746758458015e+01 2.725736845146939480e+00 2.883523031969106171e-02 -3.320709700079436111e+00
2.539000000000000000e+03 6.444632783971857748e+01 2.724482178479222139e+00 2.880631922248547139e-02 -3.337232103249144988e+00
2.540000000000000000e+03 6.431472947472931878e+01 2.723088788229437451e+00 2.877746691683740962e-02 -3.353785829166560095e+00
2.541000000000000000e+03 6.418480792357563303e+01 2.721573493269790145e+00 2.874867352516643701e-02 -3.370366405255765585e+00
2.542000000000000000e+03 6.405648513301359515e+01 2.719915912732216334e+00 2.871993914279967128e-02 -3.386961897914803288e+00
2.543000000000000000e+03 6.392990656324959531e+01 2.718140177874284635e+00 2.869126383913996742e-02 -3.403560337234766031e+00
2.544000000000000000e+03 6.380492118595807227e+01 2.716225791913266630e+00 2.866264765893371605e-02 -3.420149713401984926e+00
2.545000000000000000e+03 6.368152716683090375e+01 2.714189341939718947e+00 2.863409062370613281e-02 -3.436717973134693960e+00
2.546000000000000000e+03 6.355979756272220271e+01 2.712017643849869319e+00 2.860559273321117146e-02 -3.453253016154999688e+00
2.547000000000000000e+03 6.343965745101995424e+01 2.709719740905546903e+00 2.857715396701355701e-02 -3.469750120047621511e+00
2.548000000000000000e+03 6.332103247588625550e+01 2.707289762114640563e+00 2.854877428609655168e-02 -3.486197080105136958e+00
2.549000000000000000e+03 6.320399739398128247e+01 2.704729207436861405e+00 2.852045363455690472e-02 -3.502574205911993754e+00
2.550000000000000000e+03 6.308847891878635039e+01 2.702039519611737273e+00 2.849219194129946550e-02 -3.518876603018263438e+00
2.551000000000000000e+03 6.297448042684279557e+01 2.699214548651941215e+00 2.846398912177328794e-02 -3.535099764780245568e+00
2.552000000000000000e+03 6.286201328516423104e+01 2.696255086694920422e+00 2.843584507969252120e-02 -3.551218639647644615e+00
2.553000000000000000e+03 6.275101691274052484e+01 2.693161761972400203e+00 2.840775970878221812e-02 -3.567245699076387222e+00
2.554000000000000000e+03 6.264150544799313991e+01 2.689935146437304248e+00 2.837973289447215733e-02 -3.583156198935252057e+00
2.555000000000000000e+03 6.253349344363954287e+01 2.686568327704999870e+00 2.835176451556179616e-02 -3.598947603138210827e+00
2.556000000000000000e+03 6.242684727844162751e+01 2.683076622767833985e+00 2.832385444581206335e-02 -3.614617295467486446e+00
2.557000000000000000e+03 6.232180512097954761e+01 2.679445579878645400e+00 2.829600255554435423e-02 -3.630155148141643640e+00
2.558000000000000000e+03 6.221808550749181421e+01 2.675682977359434389e+00 2.826820871304252733e-02 -3.645543518778899816e+00
2.559000000000000000e+03 6.211585300799565346e+01 2.671789110578449478e+00 2.824047278597279984e-02 -3.660794389157470796e+00
2.560000000000000000e+03 6.201512393966807224e+01 2.667756792349350370e+00 2.821279464264909650e-02 -3.675882507118893638e+00
2.561000000000000000e+03 6.191569206564518879e+01 2.663593638401809738e+00 2.818517415320861627e-02 -3.690804810472655628e+00
2.562000000000000000e+03 6.181772284632253189e+01 2.659292354420827120e+00 2.815761119065056384e-02 -3.705565567446269970e+00
2.563000000000000000e+03 6.172108487215872685e+01 2.654860449908177156e+00 2.813010563173670014e-02 -3.720139232133061746e+00
2.564000000000000000e+03 6.162579555012067800e+01 2.650290525261608021e+00 2.810265735781729626e-02 -3.734529868542499464e+00
2.565000000000000000e+03 6.153179823975576568e+01 2.645582557325362849e+00 2.807526625544313342e-02 -3.748726577796972936e+00
2.566000000000000000e+03 6.143911080796188173e+01 2.640743899909053560e+00 2.804793221687713542e-02 -3.762718352181274817e+00
2.567000000000000000e+03 6.134775133445808137e+01 2.635766999274621991e+00 2.802065514044236455e-02 -3.776501500893268304e+00
2.568000000000000000e+03 6.125766381847629560e+01 2.630666536443745152e+00 2.799343493074003125e-02 -3.790072219146263244e+00
2.569000000000000000e+03 6.116886673718101264e+01 2.625427429320372763e+00 2.796627149868026810e-02 -3.803426585674571037e+00
2.570000000000000000e+03 6.108123018778628222e+01 2.620064260084714380e+00 2.793916476141758073e-02 -3.816553131942551413e+00
2.571000000000000000e+03 6.099492158238190598e+01 2.614576705701134429e+00 2.791211464207681361e-02 -3.829447696458976758e+00
2.572000000000000000e+03 6.090973709137565351e+01 2.608956966894715013e+00 2.788512106941485810e-02 -3.842105994095877719e+00
2.573000000000000000e+03 6.082577019108889971e+01 2.603219482195241241e+00 2.785818397725755777e-02 -3.854516185463585654e+00
2.574000000000000000e+03 6.074304024337138941e+01 2.597363786845044764e+00 2.783130330390777563e-02 -3.866681159743742047e+00
2.575000000000000000e+03 6.066134392671307296e+01 2.591381941824264068e+00 2.780447899130400469e-02 -3.878588819128282239e+00
2.576000000000000000e+03 6.058084950329695317e+01 2.585288247942127970e+00 2.777771098419997906e-02 -3.890234361768785565e+00
2.577000000000000000e+03 6.050135398384150420e+01 2.579067248090585629e+00 2.775099922913289163e-02 -3.901612851384342662e+00
2.578000000000000000e+03 6.042295167973538383e+01 2.572733154766232655e+00 2.772434367333557678e-02 -3.912711786929545799e+00
2.579000000000000000e+03 6.034558850328402713e+01 2.566285280702907290e+00 2.769774426355636407e-02 -3.923533385724738753e+00
2.580000000000000000e+03 6.026921053652346671e+01 2.559722896320000274e+00 2.767120094485465628e-02 -3.934072296546595293e+00
2.581000000000000000e+03 6.019376403347006033e+01 2.553045230483708572e+00 2.764471365922826704e-02 -3.944315597832182441e+00
2.582000000000000000e+03 6.011926970620365296e+01 2.546258899631339556e+00 2.761828234430674031e-02 -3.954265080997433124e+00
2.583000000000000000e+03 6.004574844416297452e+01 2.539363051857448372e+00 2.759190693192523428e-02 -3.963907535368016877e+00
2.584000000000000000e+03 5.997307275004173022e+01 2.532364224412980480e+00 2.756558734675553998e-02 -3.973251888327725467e+00
2.585000000000000000e+03 5.990126387668681218e+01 2.525254059464918210e+00 2.753932350482565794e-02 -3.982284633679832098e+00
2.586000000000000000e+03 5.983026897935182120e+01 2.518046446669061300e+00 2.751311531215547973e-02 -3.991006971927836933e+00
2.587000000000000000e+03 5.976003540171926431e+01 2.510740382251214431e+00 2.748696266332395152e-02 -3.999397667120888400e+00
2.588000000000000000e+03 5.969065924507307841e+01 2.503327398200221321e+00 2.746086544012004554e-02 -4.007472472320376511e+00
2.589000000000000000e+03 5.962201395249409330e+01 2.495821276521754228e+00 2.743482351023217997e-02 -4.015217273180854640e+00
2.590000000000000000e+03 5.955397316051251977e+01 2.488220908349440208e+00 2.740883672597071649e-02 -4.022632656853684985e+00
2.591000000000000000e+03 5.948670783360238090e+01 2.480532579867127829e+00 2.738290492309710181e-02 -4.029704197457868453e+00
2.592000000000000000e+03 5.942001771239153385e+01 2.472747688138454691e+00 2.735702791967892580e-02 -4.036439596773205629e+00
2.593000000000000000e+03 5.935392558057775148e+01 2.464865027046203583e+00 2.733120551511106569e-02 -4.042824113151326948e+00
2.594000000000000000e+03 5.928845441240409997e+01 2.456905644889415097e+00 2.730543748917378666e-02 -4.048857702350212584e+00
2.595000000000000000e+03 5.922347880265621001e+01 2.448853418485526401e+00 2.727972360123633380e-02 -4.054540159988452075e+00
2.596000000000000000e+03 5.915902209663406097e+01 2.440721909233930287e+00 2.725406358956348682e-02 -4.059863692421066261e+00
2.597000000000000000e+03 5.909503353451698615e+01 2.432509793932565945e+00 2.722845717073865690e-02 -4.064835201088175864e+00
2.598000000000000000e+03 5.903146252860982912e+01 2.424223150753110456e+00 2.720290403925296890e-02 -4.069446568483759741e+00
2.599000000000000000e+03 5.896833293943122101e+01 2.415860603470969092e+00 2.717740386717533430e-02 -4.073696942648191488e+00
2.600000000000000000e+03 5.890559450011787135e+01 2.407428179101848364e+00 2.715195630401745150e-02 -4.077577879981475917e+00
2.601000000000000000e+03 5.884327313877870580e+01 2.398924274446755600e+00 2.712656097670728544e-02 -4.081095478155386758e+00
2.602000000000000000e+03 5.878117912890061092e+01 2.390361409001457993e+00 2.710121748969977068e-02 -4.084240207196809358e+00
2.603000000000000000e+03 5.871949604987364779e+01 2.381737045593755209e+00 2.707592542523972953e-02 -4.087017077791347930e+00
2.604000000000000000e+03 5.865803617357568100e+01 2.373041197384488488e+00 2.705068434374861830e-02 -4.089423507757810938e+00
2.605000000000000000e+03 5.859690900152018145e+01 2.364286142227209453e+00 2.702549378438886749e-02 -4.091441893570046062e+00
2.606000000000000000e+03 5.853592698139754447e+01 2.355469281879103871e+00 2.700035326570587174e-02 -4.093091608751594279e+00
2.607000000000000000e+03 5.847519975864658193e+01 2.346595428016976737e+00 2.697526228643129867e-02 -4.094347292036430552e+00
2.608000000000000000e+03 5.841468845804488552e+01 2.337669374854983051e+00 2.695022032640205512e-02 -4.095220559305169594e+00
2.609000000000000000e+03 5.835435423244415176e+01 2.328681043414523089e+00 2.692522684758998780e-02 -4.095700576935976223e+00
2.610000000000000000e+03 5.829415824370573063e+01 2.319635195897702840e+00 2.690028129522543249e-02 -4.095798632128050620e+00
2.611000000000000000e+03 5.823413592642976511e+01 2.310544008311250952e+00 2.687538309904668674e-02 -4.095503563090332477e+00
2.612000000000000000e+03 5.817417411705958585e+01 2.301397358041060492e+00 2.685053167463039361e-02 -4.094818901150735435e+00
2.613000000000000000e+03 5.811430816698625534e+01 2.292199966580072523e+00 2.682572642477316915e-02 -4.093748014480495634e+00
2.614000000000000000e+03 5.805449907072215865e+01 2.282963972155361621e+00 2.680096674094503348e-02 -4.092279251884815672e+00
2.615000000000000000e+03 5.799478201128051325e+01 2.273679217304795941e+00 2.677625200486028270e-02 -4.090415656760425733e+00
2.616000000000000000e+03 5.793511777134762042e+01 2.264350391606102519e+00 2.675158158998862737e-02 -4.088167539366502901e+00
2.617000000000000000e+03 5.787539271137467978e+01 2.254982175953824441e+00 2.672695486318093713e-02 -4.085522764108621807e+00
2.618000000000000000e+03 5.781571588170672271e+01 2.245579243536219849e+00 2.670237118625755704e-02 -4.082491320388056621e+00
2.619000000000000000e+03 5.775597329982539918e+01 2.236131404110653698e+00 2.667782991767754172e-02 -4.079068181660426617e+00
2.620000000000000000e+03 5.769627362987228736e+01 2.226658175079847979e+00 2.665333041407490569e-02 -4.075255591357234586e+00
2.621000000000000000e+03 5.763642817699923171e+01 2.217156784013108339e+00 2.662887203194358801e-02 -4.071055635466717781e+00
2.622000000000000000e+03 5.757654513472197522e+01 2.207617026318046793e+00 2.660445412911989840e-02 -4.066470243523959027e+00
2.623000000000000000e+03 5.751650958030433003e+01 2.198058407960634231e+00 2.658007606638318476e-02 -4.061501189659308508e+00
2.624000000000000000e+03 5.745642915634073944e+01 2.188470719629528993e+00 2.655573720886541395e-02 -4.056142665353711152e+00
2.625000000000000000e+03 5.739611406756428380e+01 2.178858607800886471e+00 2.653143692749554416e-02 -4.050410994001581777e+00
2.626000000000000000e+03 5.733567133103624514e+01 2.169234147348215291e+00 2.650717460029463832e-02 -4.044285205325944155e+00
2.627000000000000000e+03 5.727505905822330590e+01 2.159579700747528364e+00 2.648294961368397038e-02 -4.037781320152317832e+00
2.628000000000000000e+03 5.721416072258681851e+01 2.149914774182146271e+00 2.645876136360244407e-02 -4.030900353281762882e+00
2.629000000000000000e+03 5.715308227873696723e+01 2.140236591688899459e+00 2.643460925658191324e-02 -4.023643171568397570e+00
2.630000000000000000e+03 5.709163216417172038e+01 2.130542381152449316e+00 2.641049271070604679e-02 -4.016003066997660298e+00
2.631000000000000000e+03 5.702998983821369450e+01 2.120836803594142062e+00 2.638641115644643070e-02 -4.007995471566130341e+00
2.632000000000000000e+03 5.696803721909630980e+01 2.111131954105277320e+00 2.636236403738834166e-02 -3.999628245408972216e+00
2.633000000000000000e+03 5.690580437480844722e+01 2.101417649373676699e+00 2.633835081084654264e-02 -3.990901678376738371e+00
2.634000000000000000e+03 5.684317238015232476e+01 2.091705998706733016e+00 2.631437094835464494e-02 -3.981815920010253862e+00
2.635000000000000000e+03 5.678031901007182825e+01 2.082001691545598998e+00 2.629042393600140859e-02 -3.972378409561974966e+00
2.636000000000000000e+03 5.671705018168654533e+01 2.072301998373559773e+00 2.626650927471875160e-02 -3.962596449362909112e+00
2.637000000000000000e+03 5.665346850060194583e+01 2.062611628317925216e+00 2.624262648033716741e-02 -3.952477206584487313e+00
2.638000000000000000e+03 5.658945327238947698e+01 2.052927873343350029e+00 2.621877508363336731e-02 -3.942012858344190018e+00
2.639000000000000000e+03 5.652510620077823944e+01 2.043262894188735412e+00 2.619495463012988523e-02 -3.931217735305902128e+00
2.640000000000000000e+03 5.646023140145446462e+01 2.033606579493814959e+00 2.617116467992459949e-02 -3.920091181820377191e+00
2.641000000000000000e+03 5.639500395299320701e+01 2.023971116770121093e+00 2.614740480726778990e-02 -3.908632414558685930e+00
2.642000000000000000e+03 5.632922706227987675e+01 2.014353851510186644e+00 2.612367460017443396e-02 -3.896847952836317130e+00
2.643000000000000000e+03 5.626300061745332215e+01 2.004752144739407438e+00 2.609997365979856154e-02 -3.884744192276469832e+00
2.644000000000000000e+03 5.619620120571446620e+01 1.995178230558248833e+00 2.607630159979746134e-02 -3.872327406862730470e+00
2.645000000000000000e+03 5.612885353399448718e+01 1.985629503573031363e+00 2.605265804560233725e-02 -3.859596322679697877e+00
2.646000000000000000e+03 5.606098186585532517e+01 1.976103376417932544e+00 2.602904263362539744e-02 -3.846564405092017580e+00
2.647000000000000000e+03 5.599261002605980764e+01 1.966612137266457339e+00 2.600545501031610585e-02 -3.833230147508191799e+00
2.648000000000000000e+03 5.592353855521062655e+01 1.957153237230307319e+00 2.598189483129650229e-02 -3.819606786982391089e+00
2.649000000000000000e+03 5.585393898340169727e+01 1.947731576198840298e+00 2.595836176032657872e-02 -3.805692593048981998e+00
2.650000000000000000e+03 5.578368528471925458e+01 1.938344646915579617e+00 2.593485546830394048e-02 -3.791500583393394130e+00
2.651000000000000000e+03 5.571287406362665706e+01 1.928997304581266281e+00 2.591137563222066162e-02 -3.777028303701384537e+00
2.652000000000000000e+03 5.564130516361109358e+01 1.919694075668875177e+00 2.588792193407597059e-02 -3.762286016237300856e+00
2.653000000000000000e+03 5.556907535519695784e+01 1.910431993901131387e+00 2.586449405985349545e-02 -3.747268515968667835e+00
2.654000000000000000e+03 5.549613244603450113e+01 1.901208117190684499e+00 2.584109169841057249e-02 -3.731977927067769762e+00
2.655000000000000000e+03 5.542249813798436264e+01 1.892034385054761847e+00 2.581771454044815353e-02 -3.716431133689771293e+00
2.656000000000000000e+03 5.534811946652902037e+01 1.882907905914851243e+00 2.579436227750709840e-02 -3.700607783977858389e+00
2.657000000000000000e+03 5.527294309044833653e+01 1.873825814484182617e+00 2.577103460095175186e-02 -3.684532004400836946e+00
2.658000000000000000e+03 5.519698958117266585e+01 1.864800129141123364e+00 2.574773120106083057e-02 -3.668190690412489019e+00
2.659000000000000000e+03 5.512027914473527090e+01 1.855820610836610651e+00 2.572445176610658676e-02 -3.651607792492184146e+00
2.660000000000000000e+03 5.504275734326097336e+01 1.846899333839721047e+00 2.570119598156775723e-02 -3.634770035205816985e+00
2.661000000000000000e+03 5.496451794994030138e+01 1.838033544615801596e+00 2.567796352934269971e-02 -3.617701203295728085e+00
2.662000000000000000e+03 5.488543153540378228e+01 1.829220519141291801e+00 2.565475408708081662e-02 -3.600387860788889949e+00
2.663000000000000000e+03 5.480559117199747021e+01 1.820472420203347097e+00 2.563156732758506418e-02 -3.582853637132064062e+00
2.664000000000000000e+03 5.472501530236711176e+01 1.811779156232285359e+00 2.560840291830025414e-02 -3.565092374693231481e+00
2.665000000000000000e+03 5.464357345785163744e+01 1.803152951971154438e+00 2.558526052090581704e-02 -3.547120129886855100e+00
2.666000000000000000e+03 5.456128339366801328e+01 1.794591207276781786e+00 2.556213979097313183e-02 -3.528923177414338586e+00
2.667000000000000000e+03 5.447823680584596673e+01 1.786091354356546423e+00 2.553904037777447039e-02 -3.510524868126171594e+00
2.668000000000000000e+03 5.439437648041420204e+01 1.777658286638859053e+00 2.551596192411216546e-02 -3.491918776595756224e+00
2.669000000000000000e+03 5.430964485935573549e+01 1.769296930926785860e+00 2.549290406633274164e-02 -3.473120702312606056e+00
2.670000000000000000e+03 5.422405832232709599e+01 1.760997391185074701e+00 2.546986643438983039e-02 -3.454116673985836439e+00
2.671000000000000000e+03 5.413763290065633527e+01 1.752772090762385382e+00 2.544684865202931703e-02 -3.434929807464451201e+00
2.672000000000000000e+03 5.405038427415176017e+01 1.744618631094403627e+00 2.542385033706479752e-02 -3.415553453364482905e+00
2.673000000000000000e+03 5.396225348374957065e+01 1.736534648841990824e+00 2.540087110173995522e-02 -3.396003198310336924e+00
2.674000000000000000e+03 5.387325549404905445e+01 1.728525244662264537e+00 2.537791055320545372e-02 -3.376287154332183071e+00
2.675000000000000000e+03 5.378340490476742985e+01 1.720588126912078630e+00 2.535496829405302702e-02 -3.356398533321668154e+00
2.676000000000000000e+03 5.369271594517546475e+01 1.712721040385316806e+00 2.533204392295269891e-02 -3.336352791595297518e+00
2.677000000000000000e+03 5.360112818456763506e+01 1.704944051733699339e+00 2.530913703537195775e-02 -3.316157919310551705e+00
2.678000000000000000e+03 5.350872937634134274e+01 1.697232694667623720e+00 2.528624722432828639e-02 -3.295814443286412043e+00
2.679000000000000000e+03 5.341553260072773668e+01 1.689607110495143782e+00 2.526337408128566733e-02 -3.275337714877070372e+00
2.680000000000000000e+03 5.332140197426493700e+01 1.682065193288771132e+00 2.524051719699071245e-02 -3.254728199394507193e+00
2.681000000000000000e+03 5.322649834359985732e+01 1.674597446887892582e+00 2.521767616245353463e-02 -3.233986335632374587e+00
2.682000000000000000e+03 5.313068501014208067e+01 1.667216698584679246e+00 2.519485056993249483e-02 -3.213127395387973095e+00
2.683000000000000000e+03 5.303397342371798828e+01 1.659913529290489631e+00 2.517204001394702031e-02 -3.192159201229919585e+00
2.684000000000000000e+03 5.293644889175063639e+01 1.652693415538014188e+00 2.514924409232394825e-02 -3.171082129312189135e+00
2.685000000000000000e+03 5.283804772155669127e+01 1.645561873014739884e+00 2.512646240723458158e-02 -3.149896540532678646e+00
2.686000000000000000e+03 5.273878006385872652e+01 1.638517028429684608e+00 2.510369456630505078e-02 -3.128625068385402219e+00
2.687000000000000000e+03 5.263872990606657964e+01 1.631557048063901894e+00 2.508094018358792560e-02 -3.107268051652049223e+00
2.688000000000000000e+03 5.253775793190035159e+01 1.624680137953758097e+00 2.505819888069374737e-02 -3.085833250586724308e+00
2.689000000000000000e+03 5.243602149996444695e+01 1.617891972407845991e+00 2.503547028777797917e-02 -3.064320992988462944e+00
2.690000000000000000e+03 5.233345465377882277e+01 1.611198265806695673e+00 2.501275404452663054e-02 -3.042753890363309122e+00
2.691000000000000000e+03 5.223013953439725299e+01 1.604589916035602304e+00 2.499004980114562582e-02 -3.021132270570928480e+00
2.692000000000000000e+03 5.212600924212055986e+01 1.598072718002511605e+00 2.496735721923399112e-02 -2.999463893959449567e+00
2.693000000000000000e+03 5.202107068340022522e+01 1.591645078687611292e+00 2.494467597271202847e-02 -2.977756527733877778e+00
2.694000000000000000e+03 5.191540456795698333e+01 1.585312873927971378e+00 2.492200574856105397e-02 -2.956017948658215655e+00
2.695000000000000000e+03 5.180894255615933730e+01 1.579067163434553667e+00 2.489934624762663029e-02 -2.934255945740294358e+00
2.696000000000000000e+03 5.170169010822165490e+01 1.572913904244931826e+00 2.487669718523460860e-02 -2.912470894547798839e+00
2.697000000000000000e+03 5.159372648373150838e+01 1.566859094058326685e+00 2.485405829186861787e-02 -2.890670616555679917e+00
2.698000000000000000e+03 5.148498189153119853e+01 1.560893914554799311e+00 2.483142931364970898e-02 -2.868870381772527178e+00
2.699000000000000000e+03 5.137553462499586487e+01 1.555017016449812495e+00 2.480881001277003908e-02 -2.847070626295006512e+00
2.700000000000000000e+03 5.126523964668065503e+01 1.549234519482219685e+00 2.478620016790844191e-02 -2.825279239941440146e+00
2.701000000000000000e+03 5.115432166138448622e+01 1.543545210725936423e+00 2.476359957447088131e-02 -2.803503769134574775e+00
2.702000000000000000e+03 5.104255440753814099e+01 1.537948138016225208e+00 2.474100804480316301e-02 -2.781750305456883066e+00
2.703000000000000000e+03 5.093015565809594847e+01 1.532449873122202044e+00 2.471842540827249093e-02 -2.760024602142193029e+00
2.704000000000000000e+03 5.081697130571618004e+01 1.527042171582418950e+00 2.469585151133302930e-02 -2.738325019537837690e+00
2.705000000000000000e+03 5.070306963732314642e+01 1.521731686016782437e+00 2.467328621742828285e-02 -2.716672240964965290e+00
2.706000000000000000e+03 5.058836992395300314e+01 1.516510252621302346e+00 2.465072940688016120e-02 -2.695049848348896493e+00
2.707000000000000000e+03 5.047301384640655897e+01 1.511392032800144891e+00 2.462818097664366129e-02 -2.673478608126163003e+00
2.708000000000000000e+03 5.035691980311629834e+01 1.506368942930013111e+00 2.460564084001781726e-02 -2.651964475169052537e+00
2.709000000000000000e+03 5.024015433723862856e+01 1.501432939262007382e+00 2.458310892627809177e-02 -2.630498595132790829e+00
2.710000000000000000e+03 5.012263501287114309e+01 1.496598302808854974e+00 2.456058518020692513e-02 -2.609101876874535542e+00
2.711000000000000000e+03 5.000442755988475341e+01 1.491864497415501090e+00 2.453806956163381847e-02 -2.587765567938600686e+00
2.712000000000000000e+03 4.988559731827808719e+01 1.487216169566593083e+00 2.451556204484095156e-02 -2.566510683614791954e+00
2.713000000000000000e+03 4.976598639950765346e+01 1.482667718281095670e+00 2.449306261794609654e-02 -2.545328582361149561e+00
2.714000000000000000e+03 4.964580796676042951e+01 1.478218724789663652e+00 2.447057128227300010e-02 -2.524225538098209043e+00
2.715000000000000000e+03 4.952490341253333384e+01 1.473868808999996061e+00 2.444808805159147391e-02 -2.503215314018806481e+00
2.716000000000000000e+03 4.940333663954345411e+01 1.469602772547098146e+00 2.442561295143648448e-02 -2.482296879664206646e+00
2.717000000000000000e+03 4.928109693982865736e+01 1.465442596982046375e+00 2.440314601828849628e-02 -2.461469269717631025e+00
2.718000000000000000e+03 4.915817329151480664e+01 1.461373159992630288e+00 2.438068729885167762e-02 -2.440739014413320085e+00
2.719000000000000000e+03 4.903462865567184537e+01 1.457394233564777597e+00 2.435823684918004065e-02 -2.420120141560389015e+00
2.720000000000000000e+03 4.891037713918447594e+01 1.453513055328358616e+00 2.433579473392018591e-02 -2.399604465130342312e+00
2.721000000000000000e+03 4.878548114210205711e+01 1.449722043189212162e+00 2.431336102547046463e-02 -2.379206157311095637e+00
2.722000000000000000e+03 4.866000280387529386e+01 1.446028508399644918e+00 2.429093580320375659e-02 -2.358924608671763679e+00
2.723000000000000000e+03 4.853392973293900070e+01 1.442424941813895023e+00 2.426851915264202283e-02 -2.338766715092437831e+00
2.724000000000000000e+03 4.840732358659161605e+01 1.438918726932576719e+00 2.424611116473235350e-02 -2.318739451255392048e+00
2.725000000000000000e+03 4.828009723310057666e+01 1.435502426132410081e+00 2.422371193505289122e-02 -2.298842444098124549e+00
2.726000000000000000e+03 4.815238618151867911e+01 1.432176065334996418e+00 2.420132156311751923e-02 -2.279082831278627097e+00
2.727000000000000000e+03 4.802417717612404147e+01 1.428939705262171733e+00 2.417894015164409605e-02 -2.259475262900750625e+00
2.728000000000000000e+03 4.789545677498789900e+01 1.425793441029171271e+00 2.415656780597651154e-02 -2.240004761448827875e+00
2.729000000000000000e+03 4.776628564461673676e+01 1.422737401725752138e+00 2.413420463343856834e-02 -2.220693578585286598e+00
2.730000000000000000e+03 4.763665000363600655e+01 1.419771749985304865e+00 2.411185074276704643e-02 -2.201541769953334615e+00
2.731000000000000000e+03 4.750653591650665675e+01 1.416896681542133996e+00 2.408950624363373830e-02 -2.182542053440730268e+00
2.732000000000000000e+03 4.737600358674986722e+01 1.414104996426920779e+00 2.406717124617496414e-02 -2.163709524102114035e+00
2.733000000000000000e+03 4.724503879915933879e+01 1.411396955201520420e+00 2.404484586058929993e-02 -2.145044513886698478e+00
2.734000000000000000e+03 4.711362721200937642e+01 1.408780278482051118e+00 2.402253019679364415e-02 -2.126554878124944814e+00
2.735000000000000000e+03 4.698182864874916476e+01 1.406240433049971594e+00 2.400022436414977339e-02 -2.108233711870228344e+00
2.736000000000000000e+03 4.684962853867853028e+01 1.403792629805190373e+00 2.397792847120294030e-02 -2.090096492998510858e+00
2.737000000000000000e+03 4.671708649113131884e+01 1.401422396454805153e+00 2.395564262554064627e-02 -2.072143941760979047e+00
2.738000000000000000e+03 4.658418773515896305e+01 1.399130147095063004e+00 2.393336693368541476e-02 -2.054376878743370938e+00
2.739000000000000000e+03 4.645099169275141548e+01 1.396916324981285262e+00 2.391110150099979778e-02 -2.036796226079332417e+00
2.740000000000000000e+03 4.631748341759725918e+01 1.394788830338683505e+00 2.388884643169200683e-02 -2.019417865318264393e+00
2.741000000000000000e+03 4.618372216742840664e+01 1.392733306412351491e+00 2.386660182888321671e-02 -2.002228068444790399e+00
2.742000000000000000e+03 4.604961855845586172e+01 1.390757709010505661e+00 2.384436779468201983e-02 -1.985242925754781007e+00
2.743000000000000000e+03 4.591530598746109604e+01 1.388862592536134422e+00 2.382214443036637791e-02 -1.968463776780678076e+00
2.744000000000000000e+03 4.578076921853327974e+01 1.387033681060748425e+00 2.379993183652293759e-02 -1.951892067971114697e+00
2.745000000000000000e+03 4.564599295403161960e+01 1.385279009491092950e+00 2.377773011330071642e-02 -1.935521925271797672e+00
2.746000000000000000e+03 4.551103612179247193e+01 1.383599209575469668e+00 2.375553936068062338e-02 -1.919377296759525509e+00
2.747000000000000000e+03 4.537588331161641264e+01 1.381980080952947221e+00 2.373335967876898794e-02 -1.903437669973770285e+00
2.748000000000000000e+03 4.524051906209201235e+01 1.380437160646780459e+00 2.371119116810740252e-02 -1.887719784554638291e+00
2.749000000000000000e+03 4.510500214729093926e+01 1.378963723997282731e+00 2.368903393004948704e-02 -1.872225634527086013e+00
2.750000000000000000e+03 4.496939129637132737e+01 1.377553069090313054e+00 2.366688806711285051e-02 -1.856957325688060711e+00
2.751000000000000000e+03 4.483359528775033453e+01 1.376198638453577150e+00 2.364475368336927535e-02 -1.841909686101884436e+00
2.752000000000000000e+03 4.469781462752504098e+01 1.374916670447828393e+00 2.362263088482018450e-02 -1.827092666364059870e+00
2.753000000000000000e+03 4.456195131019748601e+01 1.373693833198313730e+00 2.360051977985270708e-02 -1.812508940462445928e+00
2.754000000000000000e+03 4.442598158123866625e+01 1.372531671724393387e+00 2.357842047955796203e-02 -1.798161296406708409e+00
2.755000000000000000e+03 4.429003022386940813e+01 1.371439178937157832e+00 2.355633309820929708e-02 -1.784052636666195291e+00
2.756000000000000000e+03 4.415407342847293393e+01 1.370395653231217148e+00 2.353425775360563910e-02 -1.770178550207763157e+00
2.757000000000000000e+03 4.401816164670054121e+01 1.369417552975318086e+00 2.351219456746236197e-02 -1.756549597884753178e+00
2.758000000000000000e+03 4.388219674476654575e+01 1.368491640694170064e+00 2.349014366579889324e-02 -1.743161599324591027e+00
2.759000000000000000e+03 4.374622914148984876e+01 1.367626980850387364e+00 2.346810517925690398e-02 -1.730025346568815792e+00
2.760000000000000000e+03 4.361030924557167054e+01 1.366817797419792813e+00 2.344607924343791380e-02 -1.717129462511455040e+00
2.761000000000000000e+03 4.347441317664537763e+01 1.366058329915217140e+00 2.342406599921453836e-02 -1.704484971140999505e+00
2.762000000000000000e+03 4.333851705361571049e+01 1.365357689407394437e+00 2.340206559299412917e-02 -1.692088155880759892e+00
2.763000000000000000e+03 4.320274556679562750e+01 1.364710144441758866e+00 2.338007817697062771e-02 -1.679950273032756902e+00
2.764000000000000000e+03 4.306700056582828751e+01 1.364109977054502432e+00 2.335810390932931829e-02 -1.668060410021133144e+00
2.765000000000000000e+03 4.293133248294028448e+01 1.363558910436442950e+00 2.333614295444226550e-02 -1.656430055440317961e+00
2.766000000000000000e+03 4.279579177198284867e+01 1.363058679894833647e+00 2.331419548299308239e-02 -1.645048528852643299e+00
2.767000000000000000e+03 4.266035463127782634e+01 1.362611032164098290e+00 2.329226167211834175e-02 -1.633920122391554264e+00
2.768000000000000000e+03 4.252507157726523701e+01 1.362202868015182533e+00 2.327034170545152700e-02 -1.623056672216594443e+00
2.769000000000000000e+03 4.238991888442479450e+01 1.361843383315953337e+00 2.324843577319449239e-02 -1.612447844871419900e+00
2.770000000000000000e+03 4.225494715947672830e+01 1.361526926588835451e+00 2.322654407209028340e-02 -1.602090850398019128e+00
2.771000000000000000e+03 4.212013278182516274e+01 1.361255283370359281e+00 2.320466680542615165e-02 -1.591997870355029487e+00
2.772000000000000000e+03 4.198552647824402584e+01 1.361022818819815461e+00 2.318280418292239034e-02 -1.582158915689759970e+00
2.773000000000000000e+03 4.185110476376362953e+01 1.360831333729367598e+00 2.316095642069941271e-02 -1.572578968068600647e+00
2.774000000000000000e+03 4.171691851675231533e+01 1.360675207134168119e+00 2.313912374105932604e-02 -1.563255694361864956e+00
2.775000000000000000e+03 4.158294442014801717e+01 1.360556252324439663e+00 2.311730637241025607e-02 -1.554186874486568115e+00
2.776000000000000000e+03 4.144915925332799134e+01 1.360476287808379814e+00 2.309550454899403360e-02 -1.545385257557071901e+00
2.777000000000000000e+03 4.131561418408075070e+01 1.360429708276583716e+00 2.307371851074045341e-02 -1.536833991191884907e+00
2.778000000000000000e+03 4.118243477714690925e+01 1.360418340619258482e+00 2.305194850299121384e-02 -1.528546047682758591e+00
2.779000000000000000e+03 4.104944958528810162e+01 1.360436586544603976e+00 2.303019477622134450e-02 -1.520504796519111634e+00
2.780000000000000000e+03 4.091678442589819298e+01 1.360486278600582688e+00 2.300845758577793262e-02 -1.512723430476484721e+00
2.781000000000000000e+03 4.078449097206033969e+01 1.360561822798421527e+00 2.298673719154922454e-02 -1.505192966411829314e+00
2.782000000000000000e+03 4.065254676106447107e+01 1.360665054639937255e+00 2.296503385768937713e-02 -1.497911957872728461e+00
2.783000000000000000e+03 4.052092948634518876e+01 1.360797810097363447e+00 2.294334785221536013e-02 -1.490886494267465334e+00
2.784000000000000000e+03 4.038976557281114310e+01 1.360947068246133762e+00 2.292167944673329308e-02 -1.484112371956837206e+00
2.785000000000000000e+03 4.025895876751823010e+01 1.361129520703349582e+00 2.290002891603878932e-02 -1.477583264534878760e+00
2.786000000000000000e+03 4.012848728170074253e+01 1.361324715816174535e+00 2.287839653780055979e-02 -1.471301121578300952e+00
2.787000000000000000e+03 3.999855236560832594e+01 1.361549341509022071e+00 2.285678259217515523e-02 -1.465264282309225230e+00
2.788000000000000000e+03 3.986898404810683161e+01 1.361782941129893398e+00 2.283518736143609618e-02 -1.459471931593308458e+00
2.789000000000000000e+03 3.973983541208772152e+01 1.362042196306046282e+00 2.281361112963558799e-02 -1.453921870387967052e+00
2.790000000000000000e+03 3.961115975110091370e+01 1.362306642799235412e+00 2.279205418224262286e-02 -1.448612743166536987e+00
2.791000000000000000e+03 3.948301057623076105e+01 1.362592953370694637e+00 2.277051680577317841e-02 -1.443543293968831742e+00
2.792000000000000000e+03 3.935529305568989145e+01 1.362888081996237011e+00 2.274899928746693459e-02 -1.438710136748604373e+00
2.793000000000000000e+03 3.922806115514088532e+01 1.363193833340228478e+00 2.272750191492674959e-02 -1.434111468368714393e+00
2.794000000000000000e+03 3.910136907670832329e+01 1.363512005432771845e+00 2.270602497581363302e-02 -1.429744096049094360e+00
2.795000000000000000e+03 3.897519698119383236e+01 1.363829532352357710e+00 2.268456875749811155e-02 -1.425606407463533287e+00
2.796000000000000000e+03 3.884959956049706165e+01 1.364163053716066054e+00 2.266313354676854214e-02 -1.421695398125279119e+00
2.797000000000000000e+03 3.872448319222282009e+01 1.364492058921775275e+00 2.264171962952608863e-02 -1.418009641422502076e+00
2.798000000000000000e+03 3.859990307850728186e+01 1.364833170051025224e+00 2.262032729051719274e-02 -1.414546315943713273e+00
2.799000000000000000e+03 3.847598896703825488e+01 1.365165857772986602e+00 2.259895681302791226e-02 -1.411300461278817808e+00
2.800000000000000000e+03 3.835257373777948686e+01 1.365506724259608839e+00 2.257760847865093387e-02 -1.408270919306680913e+00
2.801000000000000000e+03 3.822978733724983158e+01 1.365842723307931328e+00 2.255628256701958795e-02 -1.405454721750795777e+00
2.802000000000000000e+03 3.810768435160239420e+01 1.366168529083360283e+00 2.253497935560441409e-02 -1.402849569371355631e+00
2.803000000000000000e+03 3.798609645616384967e+01 1.366501164686071412e+00 2.251369911944320693e-02 -1.400455064023520935e+00
2.804000000000000000e+03 3.786515274085560634e+01 1.366820498932645345e+00 2.249244213098074846e-02 -1.398270146992723006e+00
2.805000000000000000e+03 3.774490829566046557e+01 1.367136100954560840e+00 2.247120865981255128e-02 -1.396293840300785183e+00
2.806000000000000000e+03 3.762519564638940750e+01 1.367450097900248185e+00 2.244999897256273746e-02 -1.394524502316502268e+00
2.807000000000000000e+03 3.750621902528234841e+01 1.367749746045587855e+00 2.242881333265788965e-02 -1.392961311846149908e+00
2.808000000000000000e+03 3.738788582189297927e+01 1.368037143663092703e+00 2.240765200018026565e-02 -1.391602780859655164e+00
2.809000000000000000e+03 3.727017800285180016e+01 1.368314373797292260e+00 2.238651523168700558e-02 -1.390447495697885838e+00
2.810000000000000000e+03 3.715315211397719963e+01 1.368576075398139746e+00 2.236540328008199824e-02 -1.389494115421862963e+00
2.811000000000000000e+03 3.703671643175596273e+01 1.368824299513194509e+00 2.234431639446163645e-02 -1.388742112974389098e+00
2.812000000000000000e+03 3.692107666623913076e+01 1.369061080437189215e+00 2.232325481998104211e-02 -1.388188802144716627e+00
2.813000000000000000e+03 3.680606741130819870e+01 1.369281006869902617e+00 2.230221879773918586e-02 -1.387830078687230628e+00
2.814000000000000000e+03 3.669174641440562112e+01 1.369478649783071322e+00 2.228120856461159732e-02 -1.387664132759656832e+00
2.815000000000000000e+03 3.657817172767205705e+01 1.369663418646109854e+00 2.226022435318695744e-02 -1.387686247321335165e+00
2.816000000000000000e+03 3.646525314253155869e+01 1.369829847559256075e+00 2.223926639160247673e-02 -1.387895481872895687e+00
2.817000000000000000e+03 3.635312360874893756e+01 1.369972451497111665e+00 2.221833490347734780e-02 -1.388287242312277625e+00
2.818000000000000000e+03 3.624169353492221290e+01 1.370100582561426972e+00 2.219743010777032108e-02 -1.388859221803751653e+00
2.819000000000000000e+03 3.613109649097311404e+01 1.370201287791406486e+00 2.217655221870039328e-02 -1.389609170445234909e+00
2.820000000000000000e+03 3.602116922507723729e+01 1.370283878836308089e+00 2.215570144562525531e-02 -1.390533407754746875e+00
2.821000000000000000e+03 3.591197164960279054e+01 1.370342789784902315e+00 2.213487799298916037e-02 -1.391629049317350431e+00
2.822000000000000000e+03 3.580356399199788342e+01 1.370379861806844124e+00 2.211408206019822159e-02 -1.392893262077850025e+00
2.823000000000000000e+03 3.569585822915152562e+01 1.370389486052745465e+00 2.209331384155494710e-02 -1.394324005290626500e+00
2.824000000000000000e+03 3.558898950623886037e+01 1.370373459965469110e+00 2.207257352615129078e-02 -1.395917800117180141e+00
2.825000000000000000e+03 3.548279615349710525e+01 1.370333558550931308e+00 2.205186129783874571e-02 -1.397671213387759570e+00
2.826000000000000000e+03 3.537741395549136314e+01 1.370256677309236171e+00 2.203117733512744911e-02 -1.399582341352626047e+00
2.827000000000000000e+03 3.527283045128823602e+01 1.370159401978405578e+00 2.201052181114276224e-02 -1.401644865073981672e+00
2.828000000000000000e+03 3.516895921907801892e+01 1.370028581385445365e+00 2.198989489356893007e-02 -1.403856219675076789e+00
2.829000000000000000e+03 3.506586272772025126e+01 1.369865897211869799e+00 2.196929674460023491e-02 -1.406213135386631397e+00
2.830000000000000000e+03 3.496352948717869680e+01 1.369680435318573197e+00 2.194872752091621415e-02 -1.408710149927179023e+00
2.831000000000000000e+03 3.486202261635767741e+01 1.369458972031198041e+00 2.192818737366139525e-02 -1.411344063558376938e+00
2.832000000000000000e+03 3.476133127680184742e+01 1.369203115589171516e+00 2.190767644841226658e-02 -1.414111708620799268e+00
2.833000000000000000e+03 3.466137067325743004e+01 1.368914449154448043e+00 2.188719488520922754e-02 -1.417008461901610561e+00
2.834000000000000000e+03 3.456220490458080263e+01 1.368594530532464715e+00 2.186674281853237534e-02 -1.420028985505151553e+00
2.835000000000000000e+03 3.446382411345485508e+01 1.368237463554515809e+00 2.184632037737601132e-02 -1.423172424732362051e+00
2.836000000000000000e+03 3.436629305342404450e+01 1.367844754522840711e+00 2.182592768524600768e-02 -1.426437949104750746e+00
2.837000000000000000e+03 3.426952823820657557e+01 1.367417883616853569e+00 2.180556486024549240e-02 -1.429807665193749244e+00
2.838000000000000000e+03 3.417352079179568847e+01 1.366950876311492147e+00 2.178523201512866034e-02 -1.433293413263839966e+00
2.839000000000000000e+03 3.407833644781307214e+01 1.366445159858410863e+00 2.176492925741949774e-02 -1.436884766860210938e+00
2.840000000000000000e+03 3.398389269810052582e+01 1.365894706378459666e+00 2.174465668949478181e-02 -1.440578744252634769e+00
2.841000000000000000e+03 3.389025592556326671e+01 1.365315746067937486e+00 2.172441440870577500e-02 -1.444364949782535934e+00
2.842000000000000000e+03 3.379741855221909930e+01 1.364694768564418403e+00 2.170420250754453301e-02 -1.448247856966675240e+00
2.843000000000000000e+03 3.370544760447526045e+01 1.364033092878294662e+00 2.168402107376729906e-02 -1.452217093155413030e+00
2.844000000000000000e+03 3.361418757709868288e+01 1.363332010534725747e+00 2.166387019057203212e-02 -1.456262294299629279e+00
2.845000000000000000e+03 3.352378041541804521e+01 1.362585357078277326e+00 2.164374993682300144e-02 -1.460395388075912626e+00
2.846000000000000000e+03 3.343407124469052150e+01 1.361801796991142899e+00 2.162366038719934838e-02 -1.464591165167683062e+00
2.847000000000000000e+03 3.334527691871381450e+01 1.360982538522253593e+00 2.160360161246905816e-02 -1.468861560860407867e+00
2.848000000000000000e+03 3.325724318159656434e+01 1.360113905229496156e+00 2.158357367967035992e-02 -1.473196226342543325e+00
2.849000000000000000e+03 3.316996464878228323e+01 1.359211905986089208e+00 2.156357665237567875e-02 -1.477584811870177761e+00
2.850000000000000000e+03 3.308343623627074948e+01 1.358262808095963781e+00 2.154361059093059041e-02 -1.482031821593076559e+00
2.851000000000000000e+03 3.299772815425852457e+01 1.357267686128569961e+00 2.152367555272536453e-02 -1.486527189618258360e+00
2.852000000000000000e+03 3.291283947837939650e+01 1.356227501571148020e+00 2.150377159243207353e-02 -1.491076865542164898e+00
2.853000000000000000e+03 3.282869600261858523e+01 1.355150594722909885e+00 2.148389876230647616e-02 -1.495664796883001246e+00
2.854000000000000000e+03 3.274529808737294445e+01 1.354022992457347030e+00 2.146405711242485581e-02 -1.500297206033453401e+00
2.855000000000000000e+03 3.266272065448593054e+01 1.352845549952478077e+00 2.144424669094895791e-02 -1.504965446702068332e+00
2.856000000000000000e+03 3.258089033159546943e+01 1.351626522331679237e+00 2.142446754442605197e-02 -1.509675715521823891e+00
2.857000000000000000e+03 3.249988258084366777e+01 1.350366707966366375e+00 2.140471971800284728e-02 -1.514411908521885231e+00
2.858000000000000000e+03 3.241962455943760091e+01 1.349052020140790953e+00 2.138500325569802837e-02 -1.519180189468149367e+00
2.859000000000000000e+03 3.234011796462530697e+01 1.347690628830207515e+00 2.136531820061098388e-02 -1.523979274717349730e+00
2.860000000000000000e+03 3.226143902809078412e+01 1.346283247338420086e+00 2.134566459518310796e-02 -1.528800431489195422e+00
2.861000000000000000e+03 3.218351565979737217e+01 1.344830560698252242e+00 2.132604248135849812e-02 -1.533642332855811086e+00
2.862000000000000000e+03 3.210635029283189112e+01 1.343325797382888487e+00 2.130645190079068219e-02 -1.538503627698093235e+00
2.863000000000000000e+03 3.202994559425462029e+01 1.341777014429545556e+00 2.128689289501368986e-02 -1.543375510679735996e+00
2.864000000000000000e+03 3.195430445949790510e+01 1.340177384122603899e+00 2.126736550554384625e-02 -1.548264005640427321e+00
2.865000000000000000e+03 3.187943000684008155e+01 1.338527479139432597e+00 2.124786977402703600e-02 -1.553160250555793764e+00
2.866000000000000000e+03 3.180525128848173821e+01 1.336827844306132107e+00 2.122840574230105970e-02 -1.558062780967798044e+00
2.867000000000000000e+03 3.173192041926672857e+01 1.335071568363968675e+00 2.120897345244011564e-02 -1.562970100033262977e+00
2.868000000000000000e+03 3.165929258703445015e+01 1.333273997497594010e+00 2.118957294676961089e-02 -1.567873248591835189e+00
2.869000000000000000e+03 3.158737174868820929e+01 1.331420737020841738e+00 2.117020426789335830e-02 -1.572778088654559703e+00
2.870000000000000000e+03 3.151623634195236079e+01 1.329519649976347084e+00 2.115086745856438119e-02 -1.577668160110587525e+00
2.871000000000000000e+03 3.144574214684850588e+01 1.327571143892303906e+00 2.113156256166135935e-02 -1.582556677657153577e+00
2.872000000000000000e+03 3.137604226594365997e+01 1.325575599300429230e+00 2.111228962002895809e-02 -1.587427102496506537e+00
2.873000000000000000e+03 3.130706713582281964e+01 1.323533369913321822e+00 2.109304867631263403e-02 -1.592285139307549002e+00
2.874000000000000000e+03 3.123882165736052841e+01 1.321437354461052260e+00 2.107383977278350778e-02 -1.597129021386198389e+00
2.875000000000000000e+03 3.117123662525744976e+01 1.319295281938107856e+00 2.105466295108809199e-02 -1.601942080858014261e+00
2.876000000000000000e+03 3.110439157537475552e+01 1.317107426757965660e+00 2.103551825198943237e-02 -1.606737317364822504e+00
2.877000000000000000e+03 3.103821764783850057e+01 1.314866608967425243e+00 2.101640571502809765e-02 -1.611497969870147262e+00
2.878000000000000000e+03 3.097272043494652749e+01 1.312587907870639059e+00 2.099732537824807593e-02 -1.616236942091688222e+00
2.879000000000000000e+03 3.090790569534551580e+01 1.310256663809143518e+00 2.097827727775992968e-02 -1.620937374352840799e+00
2.880000000000000000e+03 3.084377935198117626e+01 1.307873048503451763e+00 2.095926144740336075e-02 -1.625597212361632904e+00
2.881000000000000000e+03 3.078034749030620887e+01 1.305452065301518694e+00 2.094027791828262375e-02 -1.630221777561901453e+00
2.882000000000000000e+03 3.071746778972488556e+01 1.302978979333721421e+00 2.092132671836717875e-02 -1.634801480808730778e+00
2.883000000000000000e+03 3.065529522327896572e+01 1.300461316229095221e+00 2.090240787200005335e-02 -1.639341534520608601e+00
2.884000000000000000e+03 3.059376207199951381e+01 1.297891720636268564e+00 2.088352139945250791e-02 -1.643824809704992784e+00
2.885000000000000000e+03 3.053280077445531759e+01 1.295285098254579825e+00 2.086466731639298466e-02 -1.648263833212983531e+00
2.886000000000000000e+03 3.047249249294129569e+01 1.292634046019806471e+00 2.084584563343326591e-02 -1.652648788117096590e+00
2.887000000000000000e+03 3.041276997876221344e+01 1.289931137449455534e+00 2.082705635563635027e-02 -1.656969797618633722e+00
2.888000000000000000e+03 3.035364042210937185e+01 1.287191207995233899e+00 2.080829948198921822e-02 -1.661239208982910665e+00
2.889000000000000000e+03 3.029503688446428455e+01 1.284406785250179039e+00 2.078957500494418853e-02 -1.665439594000049262e+00
2.890000000000000000e+03 3.023711543201790164e+01 1.281577802665166521e+00 2.077088290992888664e-02 -1.669583174728406449e+00
2.891000000000000000e+03 3.017966086702079664e+01 1.278704171520814725e+00 2.075222317491355259e-02 -1.673652395663377535e+00
2.892000000000000000e+03 3.012282956209883977e+01 1.275793209606505219e+00 2.073359576992397924e-02 -1.677651921189770468e+00
2.893000000000000000e+03 3.006648090790013228e+01 1.272844784854933353e+00 2.071500065670728655e-02 -1.681586349562254057e+00
2.894000000000000000e+03 3.001069729661959329e+01 1.269851315683616200e+00 2.069643778823470476e-02 -1.685437926916722562e+00
2.895000000000000000e+03 2.995548698679250066e+01 1.266820056393034299e+00 2.067790710848945931e-02 -1.689218544815745293e+00
2.896000000000000000e+03 2.990070981835121344e+01 1.263750812469524920e+00 2.065940855203620904e-02 -1.692910312572368792e+00
2.897000000000000000e+03 2.984644862841377488e+01 1.260643369294845328e+00 2.064094204384067308e-02 -1.696524983210467852e+00
2.898000000000000000e+03 2.979271211522882368e+01 1.257497492511335802e+00 2.062250749901445301e-02 -1.700051954204409022e+00
2.899000000000000000e+03 2.973936055227156317e+01 1.254312928392677495e+00 2.060410482263504151e-02 -1.703495408455366400e+00
2.900000000000000000e+03 2.968655148646729458e+01 1.251096832570343764e+00 2.058573390965525926e-02 -1.706844600149301394e+00
2.901000000000000000e+03 2.963414642052453374e+01 1.247833975517483207e+00 2.056739464484064542e-02 -1.710103592538285699e+00
2.902000000000000000e+03 2.958215937098532322e+01 1.244545925247649620e+00 2.054908690273803476e-02 -1.713269047478693352e+00
2.903000000000000000e+03 2.953060543639659130e+01 1.241217008694305068e+00 2.053081054777455838e-02 -1.716330149534013749e+00
2.904000000000000000e+03 2.947949983912597816e+01 1.237853820406477734e+00 2.051256543433935958e-02 -1.719305722038021234e+00
2.905000000000000000e+03 2.942885792023628255e+01 1.234455509549497787e+00 2.049435140698713936e-02 -1.722169943027114236e+00
2.906000000000000000e+03 2.937854656683859389e+01 1.231021208661759125e+00 2.047616830066868038e-02 -1.724941484914005452e+00
2.907000000000000000e+03 2.932865562344012744e+01 1.227557462416055012e+00 2.045801594103646703e-02 -1.727601802142007870e+00
2.908000000000000000e+03 2.927920075124509225e+01 1.224055942984382472e+00 2.043989414481707512e-02 -1.730161985880737108e+00
2.909000000000000000e+03 2.923012342094534333e+01 1.220530592209103427e+00 2.042180272022495538e-02 -1.732618193504486870e+00
2.910000000000000000e+03 2.918143947200371358e+01 1.216965623575295696e+00 2.040374146744020761e-02 -1.734966504909313478e+00
2.911000000000000000e+03 2.913316482093167537e+01 1.213374949440918948e+00 2.038571017914466571e-02 -1.737202922166134922e+00
2.912000000000000000e+03 2.908524116908772683e+01 1.209750183017137992e+00 2.036770864112433591e-02 -1.739323369210533210e+00
2.913000000000000000e+03 2.903768456052723579e+01 1.206097780555472454e+00 2.034973663287443363e-02 -1.741338548269482756e+00
2.914000000000000000e+03 2.899051108891796957e+01 1.202416756736511827e+00 2.033179392831753474e-02 -1.743236797872826926e+00
2.915000000000000000e+03 2.894366260406192382e+01 1.198706113463193113e+00 2.031388029648006910e-02 -1.745021234403419053e+00
2.916000000000000000e+03 2.889708098506632794e+01 1.194957411956829807e+00 2.029599550227898300e-02 -1.746687466881352568e+00
2.917000000000000000e+03 2.885093098020578140e+01 1.191184486607626436e+00 2.027813930727545219e-02 -1.748231025184959320e+00
2.918000000000000000e+03 2.880508021149210407e+01 1.187386303675897814e+00 2.026031147049435141e-02 -1.749662216657484004e+00
2.919000000000000000e+03 2.875954486455809445e+01 1.183561818447900427e+00 2.024251174924749166e-02 -1.750976412647520242e+00
2.920000000000000000e+03 2.871434111035615899e+01 1.179709975693836732e+00 2.022473989995175400e-02 -1.752168905185552905e+00
2.921000000000000000e+03 2.866941081024957327e+01 1.175829710128326155e+00 2.020699567898447124e-02 -1.753242335344718406e+00
2.922000000000000000e+03 2.862477007155889552e+01 1.171919946873222207e+00 2.018927884349403998e-02 -1.754191836584628073e+00
2.923000000000000000e+03 2.858043495260846711e+01 1.167994458623003773e+00 2.017158915224846749e-02 -1.755019891529632670e+00
2.924000000000000000e+03 2.853634716784092618e+01 1.164044724360418837e+00 2.015392636641140031e-02 -1.755728903729151913e+00
2.925000000000000000e+03 2.849252264356897157e+01 1.160069643226061098e+00 2.013629025033878903e-02 -1.756313769450454698e+00
2.926000000000000000e+03 2.844905150691355189e+01 1.156068106638218129e+00 2.011868057237726701e-02 -1.756776734553899821e+00
2.927000000000000000e+03 2.840572665748199555e+01 1.152053855464908905e+00 2.010109710552034079e-02 -1.757112537998383184e+00
2.928000000000000000e+03 2.836271230839415125e+01 1.148010910394980710e+00 2.008353962810270274e-02 -1.757330697128623997e+00
2.929000000000000000e+03 2.831987542463526708e+01 1.143945570863356798e+00 2.006600792446218071e-02 -1.757418366190460102e+00
2.930000000000000000e+03 2.827730569787709669e+01 1.139871558824828934e+00 2.004850178546647294e-02 -1.757384906728251428e+00
2.931000000000000000e+03 2.823494411975132579e+01 1.135765449127272841e+00 2.003102100905561692e-02 -1.757224746158263073e+00
2.932000000000000000e+03 2.819273154017380634e+01 1.131648381839429174e+00 2.001356540067333878e-02 -1.756939663172160770e+00
2.933000000000000000e+03 2.815075722624881749e+01 1.127519207573705051e+00 1.999613477366888464e-02 -1.756531359767006029e+00
2.934000000000000000e+03 2.810903600428411409e+01 1.123369344661597768e+00 1.997872894957742826e-02 -1.755994033302099133e+00
2.935000000000000000e+03 2.806743396947239688e+01 1.119205064678936878e+00 1.996134775837142203e-02 -1.755336661983097457e+00
2.936000000000000000e+03 2.802596561378004481e+01 1.115032636219256634e+00 1.994399103862156200e-02 -1.754560720270305518e+00
2.937000000000000000e+03 2.798471953704581949e+01 1.110850897016623540e+00 1.992665863752925148e-02 -1.753660179362732663e+00
2.938000000000000000e+03 2.794363559181905643e+01 1.106651254417550634e+00 1.990935041096474414e-02 -1.752636364407233360e+00
2.939000000000000000e+03 2.790265344647115597e+01 1.102439970902434840e+00 1.989206622333928448e-02 -1.751497955031059650e+00
2.940000000000000000e+03 2.786186114907744837e+01 1.098230736204401703e+00 1.987480594746309295e-02 -1.750231272496878265e+00
2.941000000000000000e+03 2.782112370755528374e+01 1.094000097675214223e+00 1.985756946424342001e-02 -1.748844850383244776e+00
2.942000000000000000e+03 2.778052878910043688e+01 1.089769172603353820e+00 1.984035666240074880e-02 -1.747339721784994859e+00
2.943000000000000000e+03 2.774008958535952019e+01 1.085536793524985111e+00 1.982316743801477640e-02 -1.745716848287000911e+00
2.944000000000000000e+03 2.769967052885447245e+01 1.081294365385161660e+00 1.980600169407804520e-02 -1.743977120609190301e+00
2.945000000000000000e+03 2.765935871114424316e+01 1.077040722696456010e+00 1.978885933990445767e-02 -1.742113930922638332e+00
2.946000000000000000e+03 2.761916675015676859e+01 1.072789558344435568e+00 1.977174029051790780e-02 -1.740128030237141576e+00
2.947000000000000000e+03 2.757895850868614573e+01 1.068532282288579438e+00 1.975464446596076132e-02 -1.738034957459236196e+00
2.948000000000000000e+03 2.753889479802384699e+01 1.064282592112624881e+00 1.973757179058660896e-02 -1.735827898368883515e+00
2.949000000000000000e+03 2.749883911312469564e+01 1.060024475018272572e+00 1.972052219220922151e-02 -1.733499971418042129e+00
2.950000000000000000e+03 2.745880333732593570e+01 1.055764206718566856e+00 1.970349560134838571e-02 -1.731066513549162078e+00
2.951000000000000000e+03 2.741879954834599076e+01 1.051515433700739965e+00 1.968649195031520541e-02 -1.728520308739732947e+00
2.952000000000000000e+03 2.737876684586397147e+01 1.047261847485124298e+00 1.966951117232856872e-02 -1.725860695786859411e+00
2.953000000000000000e+03 2.733879310041118416e+01 1.043009367929990994e+00 1.965255320060954256e-02 -1.723094175555785812e+00
2.954000000000000000e+03 2.729889173919283252e+01 1.038763920080402192e+00 1.963561796746882485e-02 -1.720212328914736410e+00
2.955000000000000000e+03 2.725885318444763072e+01 1.034516577888198841e+00 1.961870540336784624e-02 -1.717221530999401669e+00
2.956000000000000000e+03 2.721891341045894919e+01 1.030280706378958522e+00 1.960181543601003523e-02 -1.714120667044414237e+00
2.957000000000000000e+03 2.717886254706327520e+01 1.026047391961300459e+00 1.958494798941902079e-02 -1.710901133284147724e+00
2.958000000000000000e+03 2.713878772018898999e+01 1.021815156233554900e+00 1.956810298310565979e-02 -1.707576551273181975e+00
2.959000000000000000e+03 2.709870163975817547e+01 1.017589956384317595e+00 1.955128033115788311e-02 -1.704138198722618958e+00
2.960000000000000000e+03 2.705854260492747088e+01 1.013370328887047922e+00 1.953447994147395478e-02 -1.700592152207570651e+00
2.961000000000000000e+03 2.701832307608778549e+01 1.009162246590212808e+00 1.951770171500007492e-02 -1.696937003090876361e+00
2.962000000000000000e+03 2.697812967954259378e+01 1.004964262400830144e+00 1.950094554501610386e-02 -1.693178715216299146e+00
2.963000000000000000e+03 2.693775179428930500e+01 1.000767509662760180e+00 1.948421131650450097e-02 -1.689308340868481917e+00
2.964000000000000000e+03 2.689742439088983517e+01 9.965854159301630322e-01 1.946749890557306767e-02 -1.685331735202646009e+00
2.965000000000000000e+03 2.685693663277701759e+01 9.924091332324888048e-01 1.945080817897892195e-02 -1.681254700590628426e+00
2.966000000000000000e+03 2.681644899755453437e+01 9.882446801861995977e-01 1.943413899370381379e-02 -1.677075559334815003e+00
2.967000000000000000e+03 2.677582472763184640e+01 9.840980856486027939e-01 1.941749119661480630e-02 -1.672792583100032537e+00
2.968000000000000000e+03 2.673507553273758575e+01 9.799605323654162481e-01 1.940086462426520927e-02 -1.668411422362849894e+00
2.969000000000000000e+03 2.669428730721783793e+01 9.758306423633275051e-01 1.938425910273874550e-02 -1.663922822476896268e+00
2.970000000000000000e+03 2.665339727960005334e+01 9.717219056356605211e-01 1.936767444760575593e-02 -1.659339766556954476e+00
2.971000000000000000e+03 2.661241686241831772e+01 9.676181103698192620e-01 1.935111046400911708e-02 -1.654660334877176231e+00
2.972000000000000000e+03 2.657128308375448356e+01 9.635327700718102628e-01 1.933456694676129184e-02 -1.649889991087411412e+00
2.973000000000000000e+03 2.653000715200870019e+01 9.594645537805550628e-01 1.931804368068024483e-02 -1.645019298343979308e+00
2.974000000000000000e+03 2.648867445288163935e+01 9.554121430777342550e-01 1.930154044087853751e-02 -1.640053633907551323e+00
2.975000000000000000e+03 2.644722169507202381e+01 9.513742323903230380e-01 1.928505699328211462e-02 -1.634998333654600566e+00
2.976000000000000000e+03 2.640565975622558881e+01 9.473569576367703027e-01 1.926859309513992771e-02 -1.629851264953568135e+00
2.977000000000000000e+03 2.636392511062953403e+01 9.433516114653592854e-01 1.925214849567872047e-02 -1.624625112956069151e+00
2.978000000000000000e+03 2.632202839020375862e+01 9.393643569375227376e-01 1.923572293685131551e-02 -1.619302811749320226e+00
2.979000000000000000e+03 2.628005437781111908e+01 9.353939427526084538e-01 1.921931615413001102e-02 -1.613904400775100223e+00
2.980000000000000000e+03 2.623793914942773853e+01 9.314465602170112213e-01 1.920292787739286480e-02 -1.608420170956434525e+00
2.981000000000000000e+03 2.619569291674672940e+01 9.275209868053879703e-01 1.918655783190709868e-02 -1.602855236089524515e+00
2.982000000000000000e+03 2.615332573524823090e+01 9.236160147657450636e-01 1.917020573931876165e-02 -1.597222105794782410e+00
2.983000000000000000e+03 2.611077321180830069e+01 9.197304513672636128e-01 1.915387131876500337e-02 -1.591503545076802251e+00
2.984000000000000000e+03 2.606811934592661473e+01 9.158631191412263117e-01 1.913755428794461019e-02 -1.585712002446941105e+00
2.985000000000000000e+03 2.602529938611876403e+01 9.120202844650705520e-01 1.912125436435326009e-02 -1.579859897851258355e+00
2.986000000000000000e+03 2.598239695408906158e+01 9.082008010888368288e-01 1.910497126637046225e-02 -1.573929910606054694e+00
2.987000000000000000e+03 2.593927261722373956e+01 9.044035387051470032e-01 1.908870471453367329e-02 -1.567934407543100317e+00
2.988000000000000000e+03 2.589608386304110610e+01 9.006348115121965980e-01 1.907245443273353908e-02 -1.561878302607481173e+00
2.989000000000000000e+03 2.585269082111926053e+01 8.968860933686327863e-01 1.905622014942282005e-02 -1.555751629861221730e+00
2.990000000000000000e+03 2.580910195416140596e+01 8.931637313931114486e-01 1.904000159876843845e-02 -1.549574114942748659e+00
2.991000000000000000e+03 2.576539976473625870e+01 8.894592327545942645e-01 1.902379852188883572e-02 -1.543328321275488690e+00
2.992000000000000000e+03 2.572159221879670810e+01 8.857864066078726673e-01 1.900761066792070950e-02 -1.537026506583122343e+00
2.993000000000000000e+03 2.567761273657299625e+01 8.821367941690314574e-01 1.899143779516363623e-02 -1.530673482502395766e+00
2.994000000000000000e+03 2.563339446742352123e+01 8.785168106365169871e-01 1.897527967208975305e-02 -1.524266615947357018e+00
2.995000000000000000e+03 2.558909313222950033e+01 8.749254603029444910e-01 1.895913607832248882e-02 -1.517810687173277495e+00
2.996000000000000000e+03 2.554464131488625611e+01 8.713543367103631088e-01 1.894300680556176494e-02 -1.511310462788146181e+00
2.997000000000000000e+03 2.550004558951445333e+01 8.678173361992888024e-01 1.892689165837006804e-02 -1.504770697111618150e+00
2.998000000000000000e+03 2.545523794742253187e+01 8.643060879478476899e-01 1.891079045493648109e-02 -1.498188705180294678e+00
2.999000000000000000e+03 2.541037292591589747e+01 8.608270958563609687e-01 1.889470302770828239e-02 -1.491569220799188189e+00
3.000000000000000000e+03 2.536530761946969292e+01 8.573720252722917268e-01 1.887862922392748860e-02 -1.484916969537158904e+00
3.001000000000000000e+03 2.532012128702589138e+01 8.539548473817762941e-01 1.886256890608032158e-02 -1.478229028195240380e+00
3.002000000000000000e+03 2.527474281054046656e+01 8.505598484342427046e-01 1.884652195221139109e-02 -1.471516470627142859e+00
3.003000000000000000e+03 2.522932323270736532e+01 8.472010490828106866e-01 1.883048825611625954e-02 -1.464775296225848233e+00
3.004000000000000000e+03 2.518364186249655745e+01 8.438702035068839091e-01 1.881446772748065002e-02 -1.458001501461398508e+00
3.005000000000000000e+03 2.513784911095850916e+01 8.405739412520771836e-01 1.879846029180193626e-02 -1.451205937888530695e+00
3.006000000000000000e+03 2.509194650857357090e+01 8.373040539102502011e-01 1.878246589028781388e-02 -1.444384600043090217e+00
3.007000000000000000e+03 2.504578670820900754e+01 8.340746369442869623e-01 1.876648447955877805e-02 -1.437540911779698671e+00
3.008000000000000000e+03 2.499951919017451019e+01 8.308700913022200041e-01 1.875051603129371247e-02 -1.430678299197507108e+00
3.009000000000000000e+03 2.495307028281366257e+01 8.276971219272531988e-01 1.873456053173210359e-02 -1.423785335204167168e+00
3.010000000000000000e+03 2.490644030266586739e+01 8.245624527576421725e-01 1.871861798106052438e-02 -1.416880310869866877e+00
3.011000000000000000e+03 2.485970356162859929e+01 8.214579700691351238e-01 1.870268839271372122e-02 -1.409959238215680477e+00
3.012000000000000000e+03 2.481271124107716730e+01 8.183830075609968002e-01 1.868677179255345822e-02 -1.403018136491751333e+00
3.013000000000000000e+03 2.476561138542895080e+01 8.153443463835529093e-01 1.867086821798011678e-02 -1.396060461741835068e+00
3.014000000000000000e+03 2.471832892753113953e+01 8.123413584575456259e-01 1.865497771692900542e-02 -1.389097108004207159e+00
3.015000000000000000e+03 2.467086283336810837e+01 8.093734348365051456e-01 1.863910034679951838e-02 -1.382124123448283726e+00
3.016000000000000000e+03 2.462321182997550650e+01 8.064333001958934322e-01 1.862323617333485476e-02 -1.375137568248661291e+00
3.017000000000000000e+03 2.457537441749621010e+01 8.035300407155603342e-01 1.860738526939224521e-02 -1.368140944094904832e+00
3.018000000000000000e+03 2.452742316529309718e+01 8.006608763376827920e-01 1.859154771372992926e-02 -1.361137766986850517e+00
3.019000000000000000e+03 2.447920759101316079e+01 7.978252746134614215e-01 1.857572358968945236e-02 -1.354138996716234056e+00
3.020000000000000000e+03 2.443087415854859046e+01 7.950242078415485913e-01 1.855991298391545044e-02 -1.347125896232571840e+00
3.021000000000000000e+03 2.438234630723404806e+01 7.922571816937861167e-01 1.854411598496101543e-02 -1.340116887898362030e+00
3.022000000000000000e+03 2.433354731623992961e+01 7.895252065133421260e-01 1.852833268202569439e-02 -1.333108127775806784e+00
3.023000000000000000e+03 2.428469745253657308e+01 7.868270830901002988e-01 1.851256316355946036e-02 -1.326103220102383906e+00
3.024000000000000000e+03 2.423557114978893523e+01 7.841638596136003558e-01 1.849680751600193268e-02 -1.319098361650700602e+00
3.025000000000000000e+03 2.418631414066645746e+01 7.815351174332016981e-01 1.848106582245943527e-02 -1.312104627825570358e+00
3.026000000000000000e+03 2.413692348586830150e+01 7.789411994908560510e-01 1.846533816148384494e-02 -1.305118260295330623e+00
3.027000000000000000e+03 2.408732187082942389e+01 7.763817245712848480e-01 1.844962460588445152e-02 -1.298142953060960059e+00
3.028000000000000000e+03 2.403750618549251428e+01 7.738578157198499063e-01 1.843392522159762598e-02 -1.291182425110308563e+00
3.029000000000000000e+03 2.398762182004769627e+01 7.713683859728688308e-01 1.841824006661420265e-02 -1.284232993058589845e+00
3.030000000000000000e+03 2.393751697553576463e+01 7.689145952658378302e-01 1.840256919005163472e-02 -1.277305857176178172e+00
3.031000000000000000e+03 2.388733694278453612e+01 7.664946504791748660e-01 1.838691263123920158e-02 -1.270389960600677881e+00
3.032000000000000000e+03 2.383692984452554242e+01 7.641090051670974548e-01 1.837127041896770979e-02 -1.263496560388199574e+00
3.033000000000000000e+03 2.378636662919870304e+01 7.617573880942120068e-01 1.835564257079093028e-02 -1.256622086698308882e+00
3.034000000000000000e+03 2.373571822881905646e+01 7.594410316102470082e-01 1.834002909249221602e-02 -1.249777857117654989e+00
3.035000000000000000e+03 2.368483271587669137e+01 7.571582145027121458e-01 1.832442997764643228e-02 -1.242952935817741134e+00
3.036000000000000000e+03 2.363385529424792608e+01 7.549094616981052441e-01 1.830884520729366902e-02 -1.236158704551888698e+00
3.037000000000000000e+03 2.358270832002177997e+01 7.526945727711620293e-01 1.829327474976267728e-02 -1.229391721785713543e+00
3.038000000000000000e+03 2.353146272327868260e+01 7.505133646226829214e-01 1.827771856060713199e-02 -1.222656008615824907e+00
3.039000000000000000e+03 2.348004087725180256e+01 7.483656713158743923e-01 1.826217658269397789e-02 -1.215948192923388627e+00
3.040000000000000000e+03 2.342851373440571905e+01 7.462513439063916953e-01 1.824664874640249956e-02 -1.209272366914568408e+00
3.041000000000000000e+03 2.337687797689736868e+01 7.441695074311860392e-01 1.823113496993591584e-02 -1.202640087946221792e+00
3.042000000000000000e+03 2.332513029995969589e+01 7.421215320663622217e-01 1.821563515980876083e-02 -1.196040665936019876e+00
3.043000000000000000e+03 2.327326741071770755e+01 7.401058330938611318e-01 1.820014921143520495e-02 -1.189485734260366856e+00
3.044000000000000000e+03 2.322128602597265967e+01 7.381223277177386688e-01 1.818467700977917031e-02 -1.182964680434119176e+00
3.045000000000000000e+03 2.316925715249841033e+01 7.361709491944659067e-01 1.816921843024804639e-02 -1.176489216977975705e+00
3.046000000000000000e+03 2.311710323238927600e+01 7.342516466279355170e-01 1.815377333953351394e-02 -1.170056240417136850e+00
3.047000000000000000e+03 2.306482098854479190e+01 7.323628990889220480e-01 1.813834159670009438e-02 -1.163662688715705551e+00
3.048000000000000000e+03 2.301248141883738541e+01 7.305061724096395537e-01 1.812292305424966291e-02 -1.157327827044540403e+00
3.049000000000000000e+03 2.296008122254207251e+01 7.286799762828327642e-01 1.810751755933490484e-02 -1.151033821679235292e+00
3.050000000000000000e+03 2.290761707662412050e+01 7.268843210463694637e-01 1.809212495498723969e-02 -1.144785167484520638e+00
3.051000000000000000e+03 2.285508498425041779e+01 7.251192819642188203e-01 1.807674508148430365e-02 -1.138593781164132679e+00
3.052000000000000000e+03 2.280247833540819968e+01 7.233836638657700213e-01 1.806137777766766289e-02 -1.132456564714005243e+00
3.053000000000000000e+03 2.274978982944617911e+01 7.216778217022520314e-01 1.804602288238572882e-02 -1.126370414890789373e+00
3.054000000000000000e+03 2.269708639342973910e+01 7.200021244516235930e-01 1.803068023589178212e-02 -1.120339702882582111e+00
3.055000000000000000e+03 2.264436060612200663e+01 7.183562120357248615e-01 1.801534968129636649e-02 -1.114368846544919744e+00
3.056000000000000000e+03 2.259160497242879728e+01 7.167404807385536758e-01 1.800003106598555697e-02 -1.108447454265615306e+00
3.057000000000000000e+03 2.253881191440751053e+01 7.151538544455514623e-01 1.798472424305898668e-02 -1.102594895610063963e+00
3.058000000000000000e+03 2.248604804595500539e+01 7.135967557244026205e-01 1.796942907272109508e-02 -1.096800875041008760e+00
3.059000000000000000e+03 2.243315703026857832e+01 7.120688770571576010e-01 1.795414542359645774e-02 -1.091062574168936372e+00
3.060000000000000000e+03 2.238035383972880865e+01 7.105691805739564604e-01 1.793887317409085386e-02 -1.085392080578265084e+00
3.061000000000000000e+03 2.232740762973160642e+01 7.090988691237269936e-01 1.792361221356575385e-02 -1.079779246528383307e+00
3.062000000000000000e+03 2.227453313367394117e+01 7.076569289914300676e-01 1.790836244354445175e-02 -1.074236259483158706e+00
3.063000000000000000e+03 2.222164782157572560e+01 7.062431009626810585e-01 1.789312377874929805e-02 -1.068753072412852001e+00
3.064000000000000000e+03 2.216874331202006232e+01 7.048578800453965121e-01 1.787789614810146241e-02 -1.063334545923518837e+00
3.065000000000000000e+03 2.211581108394184625e+01 7.034995438486906227e-01 1.786267949557418522e-02 -1.057985591909249123e+00
3.066000000000000000e+03 2.206291675636010297e+01 7.021693521444577479e-01 1.784747378097556111e-02 -1.052703745528608126e+00
3.067000000000000000e+03 2.200997723510620929e+01 7.008656039012193251e-01 1.783227898054745228e-02 -1.047486593855350590e+00
3.068000000000000000e+03 2.195705784513419090e+01 6.995888368409853841e-01 1.781709508749962367e-02 -1.042339204502619632e+00
3.069000000000000000e+03 2.190414947942678481e+01 6.983388558087237907e-01 1.780192211235975819e-02 -1.037259269169528597e+00
3.070000000000000000e+03 2.185131716656715639e+01 6.971154753148360861e-01 1.778676008325211916e-02 -1.032251960561840987e+00
3.071000000000000000e+03 2.179847722197974491e+01 6.959170335707201005e-01 1.777160904594503668e-02 -1.027315075884417617e+00
3.072000000000000000e+03 2.174562010138664547e+01 6.947448492026465638e-01 1.775646906382048404e-02 -1.022453893707494288e+00
3.073000000000000000e+03 2.169281040496477431e+01 6.935972782735710940e-01 1.774134021771818503e-02 -1.017658889054533056e+00
3.074000000000000000e+03 2.164003831570312997e+01 6.924741709937525247e-01 1.772622260558228552e-02 -1.012935446914487780e+00
3.075000000000000000e+03 2.158736817296103183e+01 6.913761285847008775e-01 1.771111634197809065e-02 -1.008289005625479406e+00
3.076000000000000000e+03 2.153464134617780346e+01 6.903015316366036824e-01 1.769602155753999609e-02 -1.003710200231525684e+00
3.077000000000000000e+03 2.148199622824068555e+01 6.892502539798137651e-01 1.768093839816686080e-02 -9.992120042640901811e-01
3.078000000000000000e+03 2.142942254440509942e+01 6.882221767098591902e-01 1.766586702422026645e-02 -9.947851596444986511e-01
3.079000000000000000e+03 2.137690993026387787e+01 6.872171878815055424e-01 1.765080760952002573e-02 -9.904278900624329252e-01
3.080000000000000000e+03 2.132444794367501473e+01 6.862344393667670905e-01 1.763576034027289005e-02 -9.861459009277061538e-01
3.081000000000000000e+03 2.127202607757832453e+01 6.852723465471156628e-01 1.762072541383941787e-02 -9.819449509461146697e-01
3.082000000000000000e+03 2.121963377361823433e+01 6.843323021799130323e-01 1.760570303752139257e-02 -9.778159953201966959e-01
3.083000000000000000e+03 2.116733471998442440e+01 6.834127334089648009e-01 1.759069342711807454e-02 -9.737604420166565689e-01
3.084000000000000000e+03 2.111504401586030610e+01 6.825128156296711435e-01 1.757569680554191272e-02 -9.697812375987404643e-01
3.085000000000000000e+03 2.106289960440579989e+01 6.816332150136366064e-01 1.756071340130289232e-02 -9.658776672103202010e-01
3.086000000000000000e+03 2.101074230411567001e+01 6.807723740226665488e-01 1.754574344699170660e-02 -9.620490685573706013e-01
3.087000000000000000e+03 2.095878437651011339e+01 6.799302252727361662e-01 1.753078717768078235e-02 -9.582963173623610942e-01
3.088000000000000000e+03 2.090679242395160742e+01 6.791059627174734770e-01 1.751584482935937201e-02 -9.546195986219168095e-01
3.089000000000000000e+03 2.085497880807693249e+01 6.783002698416961129e-01 1.750091663731775243e-02 -9.510176635136923240e-01
3.090000000000000000e+03 2.080318454760955404e+01 6.775108623396489671e-01 1.748600283456780424e-02 -9.474915432934331028e-01
3.091000000000000000e+03 2.075154788604040235e+01 6.767384304836300268e-01 1.747110365029398704e-02 -9.440408348222345536e-01
3.092000000000000000e+03 2.069998432296797830e+01 6.759821818024545070e-01 1.745621930829644244e-02 -9.406659287554174353e-01
3.093000000000000000e+03 2.064855804705099729e+01 6.752420692753269282e-01 1.744135002553633823e-02 -9.373657807032377276e-01
3.094000000000000000e+03 2.059718481690746117e+01 6.745158196809355466e-01 1.742649601068805426e-02 -9.341401393845565337e-01
3.095000000000000000e+03 2.054600339289540756e+01 6.738048759672145005e-01 1.741165746283262344e-02 -9.309895462588786419e-01
3.096000000000000000e+03 2.049485556611814374e+01 6.731069685912730582e-01 1.739683457015986368e-02 -9.279116209674381777e-01
3.097000000000000000e+03 2.044388043912297448e+01 6.724228007253806316e-01 1.738202750882888309e-02 -9.249084892845134132e-01
3.098000000000000000e+03 2.039299445312668269e+01 6.717508481033347412e-01 1.736723644189673565e-02 -9.219778686836743731e-01
3.099000000000000000e+03 2.034218853274882122e+01 6.710910728879553311e-01 1.735246151839587789e-02 -9.191204962607130158e-01
3.100000000000000000e+03 2.029160237914222620e+01 6.704419520243404262e-01 1.733770287250364917e-02 -9.163356712829848760e-01
3.101000000000000000e+03 2.024107846024902457e+01 6.698042378532920171e-01 1.732296062287243602e-02 -9.136221141787361777e-01
3.102000000000000000e+03 2.019075533448221549e+01 6.691773838634902383e-01 1.730823487206895397e-02 -9.109798015646216607e-01
3.103000000000000000e+03 2.014054862377977884e+01 6.685594041567252122e-01 1.729352570615276183e-02 -9.084088731107262671e-01
3.104000000000000000e+03 2.009044846949535668e+01 6.679520262474579750e-01 1.727883319444318416e-02 -9.059102572797351760e-01
3.105000000000000000e+03 2.004051953575945078e+01 6.673540052474269402e-01 1.726415738942419648e-02 -9.034834423227817712e-01
3.106000000000000000e+03 1.999075244449882760e+01 6.667640949072868306e-01 1.724949832673163333e-02 -9.011287042750322218e-01
3.107000000000000000e+03 1.994113805962534869e+01 6.661832758249063291e-01 1.723485602537985772e-02 -8.988448779310070913e-01
3.108000000000000000e+03 1.989166748639365778e+01 6.656102981403914098e-01 1.722023048807197476e-02 -8.966330704902836235e-01
3.109000000000000000e+03 1.984233206945244632e+01 6.650453954183555005e-01 1.720562170169624705e-02 -8.944929468433590047e-01
3.110000000000000000e+03 1.979319767312361478e+01 6.644873130171472519e-01 1.719102963791713234e-02 -8.924242146932859221e-01
3.111000000000000000e+03 1.974418182644148700e+01 6.639370219754874292e-01 1.717645425396873218e-02 -8.904273668329929503e-01
3.112000000000000000e+03 1.969535085153293608e+01 6.633917760462590962e-01 1.716189549349152882e-02 -8.885014520733710564e-01
3.113000000000000000e+03 1.964669700636864746e+01 6.628540254332333514e-01 1.714735328755328386e-02 -8.866470460073777593e-01
3.114000000000000000e+03 1.959821276048657879e+01 6.623210168198024883e-01 1.713282755575698188e-02 -8.848625362498234725e-01
3.115000000000000000e+03 1.954989078625822074e+01 6.617937071111157366e-01 1.711831820745563643e-02 -8.831485788533236514e-01
3.116000000000000000e+03 1.950172394929167297e+01 6.612715633136160287e-01 1.710382514305727741e-02 -8.815036406947792669e-01
3.117000000000000000e+03 1.945377958157179421e+01 6.607540479328252170e-01 1.708934825539000849e-02 -8.799269702027716633e-01
3.118000000000000000e+03 1.940605090343370520e+01 6.602406187041560681e-01 1.707488743117656360e-02 -8.784193395706161311e-01
3.119000000000000000e+03 1.935853129549423457e+01 6.597314711620408945e-01 1.706044255251252043e-02 -8.769800727846471800e-01
3.120000000000000000e+03 1.931114000314498114e+01 6.592253098722684612e-01 1.704601349844434011e-02 -8.756077878180030805e-01
3.121000000000000000e+03 1.926401925824288242e+01 6.587230623480951897e-01 1.703160014646415074e-02 -8.743026244845963912e-01
3.122000000000000000e+03 1.921708856558251455e+01 6.582234217845243096e-01 1.701720237417587989e-02 -8.730632724378185605e-01
3.123000000000000000e+03 1.917041610782530014e+01 6.577258181466351106e-01 1.700282006085312991e-02 -8.718884561692790136e-01
3.124000000000000000e+03 1.912392159895896526e+01 6.572296750866186699e-01 1.698845308896836798e-02 -8.707784199969248462e-01
3.125000000000000000e+03 1.907759912244968703e+01 6.567358953697252089e-01 1.697410134576101542e-02 -8.697319560325796894e-01
3.126000000000000000e+03 1.903159140268477501e+01 6.562431464591124142e-01 1.695976472471535934e-02 -8.687493748187058440e-01
3.127000000000000000e+03 1.898574409231126481e+01 6.557508316199893716e-01 1.694544312702161992e-02 -8.678280476040644009e-01
3.128000000000000000e+03 1.894012574563388895e+01 6.552590896879531002e-01 1.693113646288723836e-02 -8.669683482985373058e-01
3.129000000000000000e+03 1.889473067412085783e+01 6.547673091714658611e-01 1.691684465288043060e-02 -8.661684528912962922e-01
3.130000000000000000e+03 1.884962750366275941e+01 6.542748708639133381e-01 1.690256762906787447e-02 -8.654273100429278331e-01
3.131000000000000000e+03 1.880466203164981565e+01 6.537826332950842367e-01 1.688830533611967305e-02 -8.647438974909169573e-01
3.132000000000000000e+03 1.876005148700049574e+01 6.532884755070086369e-01 1.687405773229912892e-02 -8.641172212787221474e-01
3.133000000000000000e+03 1.871556740464305335e+01 6.527932395248443598e-01 1.685982479025772626e-02 -8.635463149733453303e-01
3.134000000000000000e+03 1.867142702162470513e+01 6.522962731420105520e-01 1.684560649780187866e-02 -8.630294960363855683e-01
3.135000000000000000e+03 1.862747615379350208e+01 6.517969153903605539e-01 1.683140285843920392e-02 -8.625665935238554516e-01
3.136000000000000000e+03 1.858378346020703376e+01 6.512952391801106744e-01 1.681721389183794130e-02 -8.621552330944787235e-01
3.137000000000000000e+03 1.854034330672869402e+01 6.507898226045939483e-01 1.680303963408033910e-02 -8.617952931922236992e-01
3.138000000000000000e+03 1.849715004838163424e+01 6.502814629301032490e-01 1.678888013781924815e-02 -8.614844471976971230e-01
3.139000000000000000e+03 1.845419802945987087e+01 6.497694622404889264e-01 1.677473547225566061e-02 -8.612226195891320435e-01
3.140000000000000000e+03 1.841148158490380027e+01 6.492523700968950706e-01 1.676060572299509568e-02 -8.610075280729688751e-01
3.141000000000000000e+03 1.836899504293115371e+01 6.487309547077019234e-01 1.674649099168796368e-02 -8.608383968896895500e-01
3.142000000000000000e+03 1.832680701240684584e+01 6.482044885882577434e-01 1.673239139559839356e-02 -8.607129845949457181e-01
3.143000000000000000e+03 1.828483753740734485e+01 6.476729769059802466e-01 1.671830706698176558e-02 -8.606312973470866545e-01
3.144000000000000000e+03 1.824315523746482626e+01 6.471364144905089599e-01 1.670423815232703960e-02 -8.605903881657681609e-01
3.145000000000000000e+03 1.820168018090001283e+01 6.465940428490093428e-01 1.669018481147708025e-02 -8.605895558730994876e-01
3.146000000000000000e+03 1.816048102721972413e+01 6.460450928567019746e-01 1.667614721664529426e-02 -8.606273728421859337e-01
3.147000000000000000e+03 1.811955218596811790e+01 6.454902702876778031e-01 1.666212555124999342e-02 -8.607024269143010997e-01
3.148000000000000000e+03 1.807888811047564559e+01 6.449287843407071064e-01 1.664812000871408390e-02 -8.608125776400349372e-01
3.149000000000000000e+03 1.803840902540007107e+01 6.443598331804538670e-01 1.663413079112901691e-02 -8.609564410204353369e-01
3.150000000000000000e+03 1.799818378897471405e+01 6.437840894839192973e-01 1.662015810783493489e-02 -8.611319029035755523e-01
3.151000000000000000e+03 1.795820724739184371e+01 6.432007360235326709e-01 1.660620217394982723e-02 -8.613384971823174752e-01
3.152000000000000000e+03 1.791854939229508403e+01 6.426089723488589422e-01 1.659226320880850467e-02 -8.615741425679667165e-01
3.153000000000000000e+03 1.787905766227115834e+01 6.420094792238812964e-01 1.657834143437520932e-02 -8.618391467705189823e-01
3.154000000000000000e+03 1.783980246472652098e+01 6.414006973075164764e-01 1.656443707363638995e-02 -8.621323407516310322e-01
3.155000000000000000e+03 1.780078005541790276e+01 6.407832840662321949e-01 1.655055034895468527e-02 -8.624525634520635586e-01
3.156000000000000000e+03 1.776206111899385931e+01 6.401571423416305695e-01 1.653668148039579011e-02 -8.627994036849219173e-01
3.157000000000000000e+03 1.772349364839268659e+01 6.395214202632648615e-01 1.652283068411718528e-02 -8.631724563604795675e-01
3.158000000000000000e+03 1.768522294251454241e+01 6.388759968366791719e-01 1.650899817076995416e-02 -8.635690930435633295e-01
3.159000000000000000e+03 1.764717163448343484e+01 6.382199961965558943e-01 1.649518414389358409e-02 -8.639904036996138847e-01
3.160000000000000000e+03 1.760933683794119986e+01 6.375547588750709593e-01 1.648138879843566440e-02 -8.644352530846762805e-01
3.161000000000000000e+03 1.757179015872099370e+01 6.368786418901712931e-01 1.646761231926704289e-02 -8.649017654908321973e-01
3.162000000000000000e+03 1.753445485529180914e+01 6.361914756942245175e-01 1.645385487982764863e-02 -8.653895523325824124e-01
3.163000000000000000e+03 1.749732869939205671e+01 6.354945641176176219e-01 1.644011664085317723e-02 -8.658974827299614763e-01
3.164000000000000000e+03 1.746040970172948548e+01 6.347854844723078704e-01 1.642639774914522732e-02 -8.664251682742580840e-01
3.165000000000000000e+03 1.742377040367252761e+01 6.340662586907493958e-01 1.641269833657029928e-02 -8.669714764620329861e-01
3.166000000000000000e+03 1.738733503383709689e+01 6.333351820994387316e-01 1.639901851904912097e-02 -8.675352726430696215e-01
3.167000000000000000e+03 1.735110236452165111e+01 6.325920232278087196e-01 1.638535839578284664e-02 -8.681161619781390115e-01
3.168000000000000000e+03 1.731514571640656541e+01 6.318380237770204744e-01 1.637171804854159127e-02 -8.687122600667568362e-01
3.169000000000000000e+03 1.727931582796375665e+01 6.310714415835135815e-01 1.635809754115078937e-02 -8.693231634310365497e-01
3.170000000000000000e+03 1.724383512557663423e+01 6.302934932779211685e-01 1.634449691907689448e-02 -8.699477201656153902e-01
3.171000000000000000e+03 1.720848060576402005e+01 6.295024115884693128e-01 1.633091620919994644e-02 -8.705847719394880224e-01
3.172000000000000000e+03 1.717340095309332781e+01 6.286993880097212495e-01 1.631735541972359135e-02 -8.712331531749374358e-01
3.173000000000000000e+03 1.713852227017520136e+01 6.278826301158195733e-01 1.630381454022670346e-02 -8.718931759090901012e-01
3.174000000000000000e+03 1.710384520832407063e+01 6.270540470740123551e-01 1.629029354189432538e-02 -8.725614291529688593e-01
3.175000000000000000e+03 1.706937067936004127e+01 6.262110784625368742e-01 1.627679237789284028e-02 -8.732389492940841880e-01
3.176000000000000000e+03 1.703517413309999284e+01 6.253556082989525367e-01 1.626331098386369495e-02 -8.739237909766524037e-01
3.177000000000000000e+03 1.700110841606188927e+01 6.244872795377490737e-01 1.624984927857544767e-02 -8.746139976855271669e-01
3.178000000000000000e+03 1.696732374747458394e+01 6.236057225930137227e-01 1.623640716475307361e-02 -8.753098295084863478e-01
3.179000000000000000e+03 1.693367344159125665e+01 6.227120410309315846e-01 1.622298452995632120e-02 -8.760145052419086031e-01
3.180000000000000000e+03 1.690030816495720956e+01 6.218050974217858018e-01 1.620958124766705769e-02 -8.767156307991212927e-01
3.181000000000000000e+03 1.686715594013652009e+01 6.208852275470073678e-01 1.619619717841621481e-02 -8.774230830940408232e-01
3.182000000000000000e+03 1.683421926705378269e+01 6.199534976007745612e-01 1.618283217103352531e-02 -8.781244392501291740e-01
3.183000000000000000e+03 1.680142654250707679e+01 6.190087328911926257e-01 1.616948606401734378e-02 -8.788369743757070696e-01
3.184000000000000000e+03 1.676892917998784682e+01 6.180519748964189430e-01 1.615615868694925475e-02 -8.795408057480375019e-01
3.185000000000000000e+03 1.673658161037679903e+01 6.170820243051208243e-01 1.614284986198663563e-02 -8.802383189642845052e-01
3.186000000000000000e+03 1.670446125119466885e+01 6.160991552468126908e-01 1.612955940540230712e-02 -8.809393106023195585e-01
3.187000000000000000e+03 1.667257135696624459e+01 6.151036296816014826e-01 1.611628712917105924e-02 -8.816312741930443231e-01
3.188000000000000000e+03 1.664084100335798055e+01 6.140956974645223054e-01 1.610303284258046697e-02 -8.823165413567750637e-01
3.189000000000000000e+03 1.660934792171197927e+01 6.130741107443493654e-01 1.608979635384337123e-02 -8.829974244993142873e-01
3.190000000000000000e+03 1.657809563257946550e+01 6.120398382120526559e-01 1.607657747172119844e-02 -8.836687878693860743e-01
3.191000000000000000e+03 1.654701342990145463e+01 6.109930938385059740e-01 1.606337600708773392e-02 -8.843329036775695595e-01
3.192000000000000000e+03 1.651610493245742006e+01 6.099340797916418255e-01 1.605019177454137733e-02 -8.849845948247638816e-01
3.193000000000000000e+03 1.648537378519049312e+01 6.088622436879997935e-01 1.603702459389052745e-02 -8.856260910417498300e-01
3.194000000000000000e+03 1.645489792803870444e+01 6.077777643535978713e-01 1.602387429163961569e-02 -8.862521716376248193e-01
3.195000000000000000e+03 1.642460673136933025e+01 6.066815519190870143e-01 1.601074070234062563e-02 -8.868650216586569934e-01
3.196000000000000000e+03 1.639442954964527743e+01 6.055730194139636868e-01 1.599762366993238982e-02 -8.874593746555364815e-01
3.197000000000000000e+03 1.636451855941317746e+01 6.044523113751417709e-01 1.598452304894489376e-02 -8.880447972106577659e-01
3.198000000000000000e+03 1.633480304668002958e+01 6.033195611195171226e-01 1.597143870559802198e-02 -8.886085466723206983e-01
3.199000000000000000e+03 1.630528653030948760e+01 6.021748908556051605e-01 1.595837051878609344e-02 -8.891527123998297366e-01
3.200000000000000000e+03 1.627589818547215472e+01 6.010176689641092418e-01 1.594531838096126947e-02 -8.896793585653191005e-01
3.201000000000000000e+03 1.624664182547120816e+01 5.998494520289815446e-01 1.593228219885114982e-02 -8.901831500357059168e-01
3.202000000000000000e+03 1.621767144771699876e+01 5.986686968298670086e-01 1.591926189407701434e-02 -8.906663727571153544e-01
3.203000000000000000e+03 1.618876997352093028e+01 5.974753057651406296e-01 1.590625740359096277e-02 -8.911239124157703806e-01
3.204000000000000000e+03 1.616009165515850654e+01 5.962706564112971730e-01 1.589326868000448187e-02 -8.915580559514071357e-01
3.205000000000000000e+03 1.613156780440287008e+01 5.950531446472510089e-01 1.588029569175790356e-02 -8.919710627498600441e-01
3.206000000000000000e+03 1.610320392438076453e+01 5.938248703075643675e-01 1.586733842312118212e-02 -8.923577358436991513e-01
3.207000000000000000e+03 1.607500542520559605e+01 5.925842089736419460e-01 1.585439687406155207e-02 -8.927128498216098107e-01
3.208000000000000000e+03 1.604705190789089997e+01 5.913317547987393397e-01 1.584147105996842886e-02 -8.930460070965109409e-01
3.209000000000000000e+03 1.601912574849819748e+01 5.900680921509896537e-01 1.582856101122170553e-02 -8.933593524309011435e-01
3.210000000000000000e+03 1.599145493603459656e+01 5.887930529296436788e-01 1.581566677264781978e-02 -8.936327158214107946e-01
3.211000000000000000e+03 1.596389595796239824e+01 5.875064595544927659e-01 1.580278840280488137e-02 -8.938830388948942884e-01
3.212000000000000000e+03 1.593652807336222743e+01 5.862088679582967421e-01 1.578992597313725807e-02 -8.941049477099243248e-01
3.213000000000000000e+03 1.590928190160142464e+01 5.848993392419439274e-01 1.577707956708753259e-02 -8.943004657712460004e-01
3.214000000000000000e+03 1.588223656348536217e+01 5.835791540127437393e-01 1.576424927896939027e-02 -8.944641569526996516e-01
3.215000000000000000e+03 1.585524827176098306e+01 5.822466127050190954e-01 1.575143521285543580e-02 -8.945905534816510629e-01
3.216000000000000000e+03 1.582847032443109292e+01 5.809029784287479403e-01 1.573863748130103699e-02 -8.946964406349228183e-01
3.217000000000000000e+03 1.580183312971423959e+01 5.795480201303383483e-01 1.572585620402146972e-02 -8.947614295934313011e-01
3.218000000000000000e+03 1.577526706660392719e+01 5.781814984360031939e-01 1.571309150650603698e-02 -8.947948122632166656e-01
3.219000000000000000e+03 1.574885106238826893e+01 5.768031658274292983e-01 1.570034351853911297e-02 -8.947909908550916169e-01
3.220000000000000000e+03 1.572258975300495365e+01 5.754142524896581623e-01 1.568761237271924444e-02 -8.947591909799157417e-01
3.221000000000000000e+03 1.569641349413374698e+01 5.740152379859553289e-01 1.567489820293989713e-02 -8.946937479553945805e-01
3.222000000000000000e+03 1.567032693940395127e+01 5.726043657697248435e-01 1.566220114283411319e-02 -8.945889632284436122e-01
3.223000000000000000e+03 1.564440905158664386e+01 5.711835860485258154e-01 1.564952132426233183e-02 -8.944465324619755853e-01
3.224000000000000000e+03 1.561859026314918530e+01 5.697518704545242452e-01 1.563685887575209238e-02 -8.942755452864099563e-01
3.225000000000000000e+03 1.559280105407309414e+01 5.683104120769612022e-01 1.562421392104464991e-02 -8.940702000162353835e-01
3.226000000000000000e+03 1.556719481280979522e+01 5.668589114760229641e-01 1.561158657757686502e-02 -8.938246601337791475e-01
3.227000000000000000e+03 1.554162786173411348e+01 5.653970625432862551e-01 1.559897695512195946e-02 -8.935404824394106438e-01
3.228000000000000000e+03 1.551617945104791652e+01 5.639260383636323093e-01 1.558638515442363655e-02 -8.932191885181846036e-01
3.229000000000000000e+03 1.549085463346913549e+01 5.624447772332633599e-01 1.557381126595222716e-02 -8.928622645742442243e-01
3.230000000000000000e+03 1.546558427214834985e+01 5.609536970292368085e-01 1.556125536869016820e-02 -8.924637329327314017e-01
3.231000000000000000e+03 1.544029933121679932e+01 5.594539525699043780e-01 1.554871752909531626e-02 -8.920324369608825243e-01
3.232000000000000000e+03 1.541522801589115943e+01 5.579452073064006257e-01 1.553619780010834402e-02 -8.915623275557997829e-01
3.233000000000000000e+03 1.539015294252082455e+01 5.564278620252166574e-01 1.552369622029940895e-02 -8.910473197524951816e-01
3.234000000000000000e+03 1.536507969409906948e+01 5.549023122115245288e-01 1.551121281315032650e-02 -8.905035777011119924e-01
3.235000000000000000e+03 1.534016253961326726e+01 5.533682054133268746e-01 1.549874758643111396e-02 -8.899175161607090212e-01
3.236000000000000000e+03 1.531525873470572030e+01 5.518274127813848073e-01 1.548630053176528604e-02 -8.892903705655947899e-01
3.237000000000000000e+03 1.529044850665964717e+01 5.502795722595934524e-01 1.547387162426180386e-02 -8.886233403088469318e-01
3.238000000000000000e+03 1.526566363612834110e+01 5.487243172910659661e-01 1.546146082236305418e-02 -8.879175887458217176e-01
3.239000000000000000e+03 1.524091030564937910e+01 5.471627626897144214e-01 1.544906806778769369e-02 -8.871816715669498254e-01
3.240000000000000000e+03 1.521626909641970826e+01 5.455952763370756076e-01 1.543669328566326694e-02 -8.863943950884866085e-01
3.241000000000000000e+03 1.519159784984309702e+01 5.440214793846408492e-01 1.542433638470360954e-02 -8.855790998158125094e-01
3.242000000000000000e+03 1.516697736291060217e+01 5.424424749614323860e-01 1.541199725763441747e-02 -8.847219486704784863e-01
3.243000000000000000e+03 1.514241424740027675e+01 5.408578770366562205e-01 1.539967578170790830e-02 -8.838239255403346206e-01
3.244000000000000000e+03 1.511791520548023193e+01 5.392672962926773339e-01 1.538737181931973744e-02 -8.828859786957174993e-01
3.245000000000000000e+03 1.509341273725416777e+01 5.376725688330610264e-01 1.537508521880065308e-02 -8.819090209241196021e-01
3.246000000000000000e+03 1.506891369782816525e+01 5.360732993754221409e-01 1.536281581531123014e-02 -8.808865013322246806e-01
3.247000000000000000e+03 1.504449928646121748e+01 5.344690899595065936e-01 1.535056343180715016e-02 -8.798341189163196852e-01
3.248000000000000000e+03 1.502010218438005396e+01 5.328610258200771055e-01 1.533832788018900210e-02 -8.787378242967545106e-01
3.249000000000000000e+03 1.499565510936892743e+01 5.312501899196635513e-01 1.532610896242940328e-02 -8.776058183720318873e-01
3.250000000000000000e+03 1.497131365322147012e+01 5.296354346459968276e-01 1.531390647187099753e-02 -8.764314107856330249e-01
3.251000000000000000e+03 1.494693654110716530e+01 5.280178057929274527e-01 1.530172019456108208e-02 -8.752226703491298165e-01
3.252000000000000000e+03 1.492253209099489197e+01 5.263974717277664084e-01 1.528954991063976449e-02 -8.739650939055078060e-01
3.253000000000000000e+03 1.489818314337539995e+01 5.247745661224967328e-01 1.527739539575028935e-02 -8.726737946757530118e-01
3.254000000000000000e+03 1.487389822223110514e+01 5.231484785514346481e-01 1.526525642254266714e-02 -8.713489956434536943e-01
3.255000000000000000e+03 1.484953723689610072e+01 5.215215688671172023e-01 1.525313276213227827e-02 -8.699760298425177618e-01
3.256000000000000000e+03 1.482525716846042663e+01 5.198917390502686420e-01 1.524102418559950163e-02 -8.685699107584536893e-01
3.257000000000000000e+03 1.480091778728165153e+01 5.182606045947495410e-01 1.522893046544383441e-02 -8.671233341878323841e-01
3.258000000000000000e+03 1.477667590679371834e+01 5.166275520263411414e-01 1.521685137708983331e-02 -8.656289636111321739e-01
3.259000000000000000e+03 1.475239110164416267e+01 5.149927104412396206e-01 1.520478670026108661e-02 -8.641017155756310908e-01
3.260000000000000000e+03 1.472807139534386600e+01 5.133569517036280505e-01 1.519273622040918578e-02 -8.625341899357934494e-01
3.261000000000000000e+03 1.470379896398031505e+01 5.117204049724995985e-01 1.518069972997837698e-02 -8.609263836049712015e-01
3.262000000000000000e+03 1.467958155710846668e+01 5.100817140625647506e-01 1.516867702970981467e-02 -8.592782625643052841e-01
3.263000000000000000e+03 1.465527820291598715e+01 5.084424946494928710e-01 1.515666792979228870e-02 -8.575897622297971035e-01
3.264000000000000000e+03 1.463104489876394965e+01 5.068021346188539278e-01 1.514467225093413943e-02 -8.558533594763141350e-01
3.265000000000000000e+03 1.460674033362769464e+01 5.051607655992838009e-01 1.513268982536875029e-02 -8.540837864197301510e-01
3.266000000000000000e+03 1.458244586407929688e+01 5.035192631544728181e-01 1.512072049773692355e-02 -8.522734607028860099e-01
3.267000000000000000e+03 1.455816837280731058e+01 5.018762756339556486e-01 1.510876412580275732e-02 -8.504147709397591459e-01
3.268000000000000000e+03 1.453391454576392938e+01 5.002334242078574356e-01 1.509682058115528747e-02 -8.485223621650523906e-01
3.269000000000000000e+03 1.450961658346273175e+01 4.985908460451227153e-01 1.508488974969353184e-02 -8.465885661368311998e-01
3.270000000000000000e+03 1.448528076396989483e+01 4.969486801705484402e-01 1.507297153202363446e-02 -8.446131151463359688e-01
3.271000000000000000e+03 1.446098744009631787e+01 4.953078104853847474e-01 1.506106584371590465e-02 -8.426031424315431062e-01
3.272000000000000000e+03 1.443666818729699486e+01 4.936668946113079715e-01 1.504917261543549725e-02 -8.405508975441511321e-01
3.273000000000000000e+03 1.441232865379885197e+01 4.920283067531422971e-01 1.503729179293040660e-02 -8.384634601725363678e-01
3.274000000000000000e+03 1.438804856142247424e+01 4.903907095295050311e-01 1.502542333687328750e-02 -8.363404555169521304e-01
3.275000000000000000e+03 1.436368457357227868e+01 4.887549968321140970e-01 1.501356722264489234e-02 -8.341740547193156052e-01
3.276000000000000000e+03 1.433931599939767487e+01 4.871213226631354032e-01 1.500172343986968214e-02 -8.319786886977860174e-01
3.277000000000000000e+03 1.431494766403236341e+01 4.854898441456677594e-01 1.498989199194059908e-02 -8.297390501324033441e-01
3.278000000000000000e+03 1.429050991389464009e+01 4.838599788623075826e-01 1.497807289535840920e-02 -8.274695207082107817e-01
3.279000000000000000e+03 1.426615575698771110e+01 4.822326335317645984e-01 1.496626617898929278e-02 -8.251621731084081146e-01
3.280000000000000000e+03 1.424166660209052182e+01 4.806072328381842951e-01 1.495447188322926099e-02 -8.228164848641900120e-01
3.281000000000000000e+03 1.421719510183754309e+01 4.789854337735717782e-01 1.494269005902582916e-02 -8.204393388074612270e-01
3.282000000000000000e+03 1.419267089351276745e+01 4.773659259575998015e-01 1.493092076686677178e-02 -8.180227384768971044e-01
3.283000000000000000e+03 1.416817202604628534e+01 4.757496316454419838e-01 1.491916407567811693e-02 -8.155809503303261820e-01
3.284000000000000000e+03 1.414355355255988833e+01 4.741374773829839517e-01 1.490742006161930450e-02 -8.130985057582890141e-01
3.285000000000000000e+03 1.411896752541748512e+01 4.725289084944886420e-01 1.489568880689432460e-02 -8.105896283561140336e-01
3.286000000000000000e+03 1.409434302261172611e+01 4.709248605779292052e-01 1.488397039843676259e-02 -8.080462359468092437e-01
3.287000000000000000e+03 1.406968329294423903e+01 4.693247883173946589e-01 1.487226492664228683e-02 -8.054750828119860984e-01
3.288000000000000000e+03 1.404491720034927127e+01 4.677296369730427616e-01 1.486057248401307512e-02 -8.028754751258675437e-01
3.289000000000000000e+03 1.402012208578078045e+01 4.661388711880195546e-01 1.484889316383759990e-02 -8.002466997955969275e-01
3.290000000000000000e+03 1.399530092802827674e+01 4.645534464727164581e-01 1.483722705886908466e-02 -7.975880249568576552e-01
3.291000000000000000e+03 1.397045663838020602e+01 4.629728380059041082e-01 1.482557426001327415e-02 -7.948987004751180141e-01
3.292000000000000000e+03 1.394551778801696074e+01 4.613972692780452522e-01 1.481393485504090002e-02 -7.921853868029966605e-01
3.293000000000000000e+03 1.392048718554534581e+01 4.598277122264577410e-01 1.480230892734285715e-02 -7.894472987929433971e-01
3.294000000000000000e+03 1.389544188706608630e+01 4.582636588622814311e-01 1.479069655474133695e-02 -7.866762062164067704e-01
3.295000000000000000e+03 1.387031035518151434e+01 4.567053499044069764e-01 1.477909780835493132e-02 -7.838861476904193104e-01
3.296000000000000000e+03 1.384509531837987950e+01 4.551537749051033921e-01 1.476751275152475736e-02 -7.810688611078879795e-01
3.297000000000000000e+03 1.381987377919635307e+01 4.536084438672574604e-01 1.475594143884059392e-02 -7.782309259270412394e-01
3.298000000000000000e+03 1.379457417107894734e+01 4.520696158684071042e-01 1.474438391526047137e-02 -7.753714786653020941e-01
3.299000000000000000e+03 1.376919921541867531e+01 4.505382991763380307e-01 1.473284021531096055e-02 -7.724896418005030574e-01
3.300000000000000000e+03 1.374375164366405144e+01 4.490140228562085056e-01 1.472131036234247507e-02 -7.695919526784341658e-01
3.301000000000000000e+03 1.371823411566926154e+01 4.474977982432142287e-01 1.470979436802370179e-02 -7.666699753973411635e-01
3.302000000000000000e+03 1.369264896441862156e+01 4.459898606146533440e-01 1.469829223178644242e-02 -7.637371322436186105e-01
3.303000000000000000e+03 1.366699845764116716e+01 4.444889563846187164e-01 1.468680394051535658e-02 -7.607844450511836998e-01
3.304000000000000000e+03 1.364128488575690668e+01 4.429968101882796327e-01 1.467532946829765324e-02 -7.578103528122295263e-01
3.305000000000000000e+03 1.361551056246511315e+01 4.415121822962020381e-01 1.466386877627964824e-02 -7.548207122641552580e-01
3.306000000000000000e+03 1.358960354079168376e+01 4.400360685503723057e-01 1.465242181270424993e-02 -7.518139417812298442e-01
3.307000000000000000e+03 1.356371474562268631e+01 4.385687291114140351e-01 1.464098851298505609e-02 -7.487958786721118365e-01
3.308000000000000000e+03 1.353769798670533042e+01 4.371096885421804634e-01 1.462956879997883569e-02 -7.457574947307415991e-01
3.309000000000000000e+03 1.351155565620787868e+01 4.356592215578143912e-01 1.461816258432592497e-02 -7.426971818928290725e-01
3.310000000000000000e+03 1.348536444082765584e+01 4.342168674320159294e-01 1.460676976493736727e-02 -7.396281811956020302e-01
3.311000000000000000e+03 1.345912674951135557e+01 4.327844014099041514e-01 1.459539022950613087e-02 -7.365488699895337277e-01
3.312000000000000000e+03 1.343284499085395112e+01 4.313598920968060857e-01 1.458402385523928542e-02 -7.334427625538927353e-01
3.313000000000000000e+03 1.340637299922494563e+01 4.299451298739755956e-01 1.457267050957653312e-02 -7.303305091662219972e-01
3.314000000000000000e+03 1.337993601172376223e+01 4.285396842801496020e-01 1.456133005106899012e-02 -7.272030415695901473e-01
3.315000000000000000e+03 1.335338782497545829e+01 4.271438754098385027e-01 1.455000233029422017e-02 -7.240661436947251062e-01
3.316000000000000000e+03 1.332673077093546965e+01 4.257580311328676981e-01 1.453868719086074193e-02 -7.209181672304468824e-01
3.317000000000000000e+03 1.330004142422690272e+01 4.243810014753263693e-01 1.452738447045737180e-02 -7.177500322447794012e-01
3.318000000000000000e+03 1.327324774211753500e+01 4.230138728421148353e-01 1.451609400196821054e-02 -7.145749412065445227e-01
3.319000000000000000e+03 1.324642618875234668e+01 4.216569967207496883e-01 1.450481561460795904e-02 -7.113912378533101544e-01
3.320000000000000000e+03 1.321943030769777749e+01 4.203092468867016818e-01 1.449354913511273490e-02 -7.081972645093369545e-01
3.321000000000000000e+03 1.319248497995015690e+01 4.189717336154195060e-01 1.448229438892851759e-02 -7.049839343501911326e-01
3.322000000000000000e+03 1.316536929542539269e+01 4.176440895406307585e-01 1.447105120142233060e-02 -7.017718737658854566e-01
3.323000000000000000e+03 1.313823366162953299e+01 4.163259553544296221e-01 1.445981939905333427e-02 -6.985445678167034878e-01
3.324000000000000000e+03 1.311100552600296254e+01 4.150184655039053094e-01 1.444859881059109945e-02 -6.953077876390770795e-01
3.325000000000000000e+03 1.308368650060842064e+01 4.137212768743102620e-01 1.443738926825941134e-02 -6.920673059938762250e-01
3.326000000000000000e+03 1.305635235321260801e+01 4.124340544790404128e-01 1.442619060885459888e-02 -6.888214695096774864e-01
3.327000000000000000e+03 1.302893014834936380e+01 4.111572143112661171e-01 1.441500267484903917e-02 -6.855686276207554330e-01
3.328000000000000000e+03 1.300149537347030737e+01 4.098911805222967830e-01 1.440382531539639681e-02 -6.823071331482180035e-01
3.329000000000000000e+03 1.297397479772035211e+01 4.086363854317015543e-01 1.439265838732031039e-02 -6.790427712246239755e-01
3.330000000000000000e+03 1.294636931594486562e+01 4.073917838642297506e-01 1.438150175599169078e-02 -6.757813315106725449e-01
3.331000000000000000e+03 1.291875394296529578e+01 4.061578244937139592e-01 1.437035529614623039e-02 -6.725063237035567854e-01
3.332000000000000000e+03 1.289112924168104080e+01 4.049342213386603051e-01 1.435921889262413605e-02 -6.692384048900695825e-01
3.333000000000000000e+03 1.286334703555173675e+01 4.037221822649412206e-01 1.434809244099807465e-02 -6.659685249367892634e-01
3.334000000000000000e+03 1.283563039001646722e+01 4.025199519701710971e-01 1.433697584813137596e-02 -6.626950687751538283e-01
3.335000000000000000e+03 1.280783077531779490e+01 4.013294974904584311e-01 1.432586903262847954e-02 -6.594164285758522537e-01
3.336000000000000000e+03 1.277994804983715049e+01 4.001490798387194459e-01 1.431477192515494268e-02 -6.561458609647516926e-01
3.337000000000000000e+03 1.275205617639200462e+01 3.989799395054694497e-01 1.430368446870219218e-02 -6.528728601075548532e-01
3.338000000000000000e+03 1.272415465601598861e+01 3.978210965963302481e-01 1.429260661870204729e-02 -6.496025284624752372e-01
3.339000000000000000e+03 1.269616852972479926e+01 3.966730649869313896e-01 1.428153834305449961e-02 -6.463347778862048587e-01
3.340000000000000000e+03 1.266809694825349730e+01 3.955363666297762593e-01 1.427047962204404732e-02 -6.430717584610899928e-01
3.341000000000000000e+03 1.264008745923594823e+01 3.944107886932723406e-01 1.425943044817743616e-02 -6.398126591170224531e-01
3.342000000000000000e+03 1.261199031077994626e+01 3.932953835330326720e-01 1.424839082586719027e-02 -6.365589079339518674e-01
3.343000000000000000e+03 1.258387844144982459e+01 3.921906971654294805e-01 1.423736077105773774e-02 -6.333119440844110493e-01
3.344000000000000000e+03 1.255575035254984151e+01 3.910980263982895555e-01 1.422634031075691204e-02 -6.300717326013781650e-01
3.345000000000000000e+03 1.252753011519258308e+01 3.900149617837326832e-01 1.421532948248056122e-02 -6.268397361467710205e-01
3.346000000000000000e+03 1.249929022858963634e+01 3.889435587637677938e-01 1.420432833356896109e-02 -6.236159440902785400e-01
3.347000000000000000e+03 1.247110306147866154e+01 3.878829092776079901e-01 1.419333692049800158e-02 -6.204018442591512361e-01
3.348000000000000000e+03 1.244281801062594006e+01 3.868328558917368265e-01 1.418235530807818688e-02 -6.171974519987262209e-01
3.349000000000000000e+03 1.241458149485511697e+01 3.857932489171749246e-01 1.417138356859309369e-02 -6.140042819042195177e-01
3.350000000000000000e+03 1.238624269696086699e+01 3.847646891941749470e-01 1.416042178089074385e-02 -6.108231196987200518e-01
3.351000000000000000e+03 1.235787327263037838e+01 3.837463153771191182e-01 1.414947002944254295e-02 -6.076539711711593794e-01
3.352000000000000000e+03 1.232954365285659826e+01 3.827395655828960130e-01 1.413852840338192078e-02 -6.044973939030213739e-01
3.353000000000000000e+03 1.230117534523283140e+01 3.817421871238396158e-01 1.412759699545659831e-02 -6.013539091014437066e-01
3.354000000000000000e+03 1.227276408110235195e+01 3.807563917894005168e-01 1.411667590103045898e-02 -5.982240533865101906e-01
3.355000000000000000e+03 1.224430554282244366e+01 3.797806845977035883e-01 1.410576521704635586e-02 -5.951083791344164986e-01
3.356000000000000000e+03 1.221579537443664520e+01 3.788158064100735078e-01 1.409486504099028044e-02 -5.920074548133618109e-01
3.357000000000000000e+03 1.218730347567184502e+01 3.778617625227526089e-01 1.408397546988903078e-02 -5.889211224774313358e-01
3.358000000000000000e+03 1.215875116166443171e+01 3.769185654312981471e-01 1.407309659930504678e-02 -5.858507265936491182e-01
3.359000000000000000e+03 1.213020830686524221e+01 3.759854919224709935e-01 1.406222852237650790e-02 -5.827961430173329571e-01
3.360000000000000000e+03 1.210159622050994344e+01 3.750640543388433223e-01 1.405137132887590741e-02 -5.797580078061251863e-01
3.361000000000000000e+03 1.207298478962535704e+01 3.741528006556845143e-01 1.404052510436548835e-02 -5.767369746876603864e-01
3.362000000000000000e+03 1.204429535346601732e+01 3.732517714108807283e-01 1.402968992931789317e-02 -5.737344581911101304e-01
3.363000000000000000e+03 1.201567212886465974e+01 3.723624996222318351e-01 1.401886587842627631e-02 -5.707496625976545834e-01
3.364000000000000000e+03 1.198696223289091911e+01 3.714835536924360748e-01 1.400805301981628351e-02 -5.677847820701811266e-01
3.365000000000000000e+03 1.195823567383702724e+01 3.706157371669502876e-01 1.399725141448924029e-02 -5.648383154168306053e-01
3.366000000000000000e+03 1.192948822292883548e+01 3.697583744693901942e-01 1.398646111573931955e-02 -5.619117518790959220e-01
3.367000000000000000e+03 1.190071570277038937e+01 3.689115393148515443e-01 1.397568216870215436e-02 -5.590058572237950330e-01
3.368000000000000000e+03 1.187191399148320237e+01 3.680753117809632546e-01 1.396491460995844328e-02 -5.561191883342473385e-01
3.369000000000000000e+03 1.184307902602571438e+01 3.672490353767669524e-01 1.395415846723949485e-02 -5.532532933107701112e-01
3.370000000000000000e+03 1.181428108818789013e+01 3.664342882845698091e-01 1.394341375924851474e-02 -5.504089975449473204e-01
3.371000000000000000e+03 1.178536767224459680e+01 3.656289405794860836e-01 1.393268049550504956e-02 -5.475856611279156239e-01
3.372000000000000000e+03 1.175648347031546415e+01 3.648345824773124302e-01 1.392195867635222933e-02 -5.447834075925108710e-01
3.373000000000000000e+03 1.172762467138584519e+01 3.640498387149940784e-01 1.391124829299219927e-02 -5.420031241439946523e-01
3.374000000000000000e+03 1.169871324406125446e+01 3.632755682895110194e-01 1.390054932764146767e-02 -5.392457190491269925e-01
3.375000000000000000e+03 1.166974550206998629e+01 3.625111501745488241e-01 1.388986175378367598e-02 -5.365106361835625393e-01
3.376000000000000000e+03 1.164079210204242187e+01 3.617567117155773282e-01 1.387918553645031694e-02 -5.337980837472436901e-01
3.377000000000000000e+03 1.161184947360994357e+01 3.610123856829622890e-01 1.386852063264317793e-02 -5.311090344675216679e-01
3.378000000000000000e+03 1.158291409938464511e+01 3.602775673234156484e-01 1.385786699175699764e-02 -5.284437401246767640e-01
3.379000000000000000e+03 1.155390822736127809e+01 3.595523999147286487e-01 1.384722455616812543e-02 -5.258017317396800339e-01
3.380000000000000000e+03 1.152497700031792860e+01 3.588362889788843657e-01 1.383659326178897017e-02 -5.231840482589462660e-01
3.381000000000000000e+03 1.149596846623869517e+01 3.581301306686867636e-01 1.382597303871394186e-02 -5.205910082204550093e-01
3.382000000000000000e+03 1.146702784088980209e+01 3.574333403076781490e-01 1.381536381194922204e-02 -5.180222099163347416e-01
3.383000000000000000e+03 1.143800323404201258e+01 3.567453379388523249e-01 1.380476550210591249e-02 -5.154780172163122565e-01
3.384000000000000000e+03 1.140903991149025209e+01 3.560662910368708745e-01 1.379417802620950401e-02 -5.129595597118379313e-01
3.385000000000000000e+03 1.138013458786973864e+01 3.553963715490194297e-01 1.378360129845791933e-02 -5.104657615104961632e-01
3.386000000000000000e+03 1.135113542039239043e+01 3.547350129348213477e-01 1.377303523108917155e-02 -5.079977983705765698e-01
3.387000000000000000e+03 1.132218770357791016e+01 3.540816528746384417e-01 1.376247973515914644e-02 -5.055553836402454371e-01
3.388000000000000000e+03 1.129328816200790442e+01 3.534372188121087666e-01 1.375193472140718264e-02 -5.031382540312078211e-01
3.389000000000000000e+03 1.126443351122603964e+01 3.528011564854748316e-01 1.374140010104932946e-02 -5.007483982167136860e-01
3.390000000000000000e+03 1.123554616832578290e+01 3.521729154680597884e-01 1.373087578660519940e-02 -4.983841142331263407e-01
3.391000000000000000e+03 1.120669709681219395e+01 3.515526918728532624e-01 1.372036169268475714e-02 -4.960474379007270285e-01
3.392000000000000000e+03 1.117795723427805754e+01 3.509399425511990356e-01 1.370985773675454343e-02 -4.937374573675133438e-01
3.393000000000000000e+03 1.114917463696599320e+01 3.503356134658938137e-01 1.369936383985153293e-02 -4.914540273317058450e-01
3.394000000000000000e+03 1.112049445979882378e+01 3.497376825483496376e-01 1.368887992729086490e-02 -4.891985119123212211e-01
3.395000000000000000e+03 1.109183896786973733e+01 3.491478450805881040e-01 1.367840592928274736e-02 -4.869693276626083089e-01
3.396000000000000000e+03 1.106327895050252685e+01 3.485648280462265713e-01 1.366794178152991139e-02 -4.847678862618461926e-01
3.397000000000000000e+03 1.103466230086656807e+01 3.479888470063808859e-01 1.365748742577018240e-02 -4.825941375046167714e-01
3.398000000000000000e+03 1.100620828173770427e+01 3.474193774599914630e-01 1.364704281023991321e-02 -4.804480549582703652e-01
3.399000000000000000e+03 1.097776468885468937e+01 3.468566403789674624e-01 1.363660789005725904e-02 -4.783288931030595381e-01
3.400000000000000000e+03 1.094932783447919000e+01 3.463001164029597678e-01 1.362618262757547827e-02 -4.762374158003702673e-01
3.401000000000000000e+03 1.092096805616104049e+01 3.457493113770527260e-01 1.361576699265807863e-02 -4.741744403844110889e-01
3.402000000000000000e+03 1.089268052778374241e+01 3.452053104004225159e-01 1.360536096285832816e-02 -4.721386985281310067e-01
3.403000000000000000e+03 1.086453445000033646e+01 3.446662521666643553e-01 1.359496452354648499e-02 -4.701312037490457674e-01
3.404000000000000000e+03 1.083637612543071782e+01 3.441339915055549037e-01 1.358457766795219401e-02 -4.681515073393135440e-01
3.405000000000000000e+03 1.080827466209685106e+01 3.436066708974064299e-01 1.357420039716362818e-02 -4.662006696103875303e-01
3.406000000000000000e+03 1.078022484247609292e+01 3.430854058530984352e-01 1.356383272000552011e-02 -4.642782884460688875e-01
3.407000000000000000e+03 1.075229569418659636e+01 3.425698277688926652e-01 1.355347465289566747e-02 -4.623854705249950126e-01
3.408000000000000000e+03 1.072440764374614552e+01 3.420595694617421523e-01 1.354312621960956399e-02 -4.605211170172538448e-01
3.409000000000000000e+03 1.069662965539710875e+01 3.415550078698784131e-01 1.353278745099859882e-02 -4.586856376207931185e-01
3.410000000000000000e+03 1.066888210241769208e+01 3.410550354136985818e-01 1.352245838462588605e-02 -4.568802075777801952e-01
3.411000000000000000e+03 1.064123390691291782e+01 3.405607740372904035e-01 1.351213906434136323e-02 -4.551037961761466022e-01
3.412000000000000000e+03 1.061360541199418073e+01 3.400711180650998755e-01 1.350182953986730876e-02 -4.533576235920818154e-01
3.413000000000000000e+03 1.058606552233306886e+01 3.395871910795051907e-01 1.349152986626630038e-02 -4.516407037033049465e-01
3.414000000000000000e+03 1.055860886049426384e+01 3.391071459436170721e-01 1.348124010339213537e-02 -4.499543009139873595e-01
3.415000000000000000e+03 1.053123005751512231e+01 3.386321073500401790e-01 1.347096031534860024e-02 -4.482974729513198309e-01
3.416000000000000000e+03 1.050384947665538959e+01 3.381617146800285356e-01 1.346069056984027304e-02 -4.466707848394037561e-01
3.417000000000000000e+03 1.047661035477102942e+01 3.376956075434867088e-01 1.345043093757253456e-02 -4.450733373506932100e-01
3.418000000000000000e+03 1.044943310871207309e+01 3.372341684847326437e-01 1.344018149159642746e-02 -4.435064809654704621e-01
3.419000000000000000e+03 1.042238676023277399e+01 3.367770371839772237e-01 1.342994230664851588e-02 -4.419686158045446067e-01
3.420000000000000000e+03 1.039531752579932089e+01 3.363238531646728369e-01 1.341971345852180017e-02 -4.404611340810495324e-01
3.421000000000000000e+03 1.036836880828866292e+01 3.358742556667704271e-01 1.340949502337257689e-02 -4.389832200209312085e-01
3.422000000000000000e+03 1.034153550295633828e+01 3.354293691908413200e-01 1.339928707712912011e-02 -4.375348209632425878e-01
3.423000000000000000e+03 1.031473828766641709e+01 3.349880891980446806e-01 1.338908969482357006e-02 -4.361159042801239227e-01
3.424000000000000000e+03 1.028804647981724152e+01 3.345500533262407150e-01 1.337890295000536238e-02 -4.347264571269479072e-01
3.425000000000000000e+03 1.026138090838957062e+01 3.341156412670226450e-01 1.336872691415163204e-02 -4.333664861879361618e-01
3.426000000000000000e+03 1.023488533711118187e+01 3.336844889737151654e-01 1.335856165613343027e-02 -4.320352745824779239e-01
3.427000000000000000e+03 1.020840648514290017e+01 3.332562313755499939e-01 1.334840724168046694e-02 -4.307328672724847207e-01
3.428000000000000000e+03 1.018201401631402270e+01 3.328312450928574973e-01 1.333826373295976878e-02 -4.294600707960424257e-01
3.429000000000000000e+03 1.015570340931240523e+01 3.324091626484134698e-01 1.332813118808903394e-02 -4.282154816572484868e-01
3.430000000000000000e+03 1.012947024484229175e+01 3.319903580199196069e-01 1.331800966081866586e-02 -4.269992002280856291e-01
3.431000000000000000e+03 1.010331020871355001e+01 3.315737180186581479e-01 1.330789920014178312e-02 -4.258106019667894926e-01
3.432000000000000000e+03 1.007721909434960672e+01 3.311596135143988762e-01 1.329779985008222587e-02 -4.246498228083209758e-01
3.433000000000000000e+03 1.005126708820636594e+01 3.307476708164567292e-01 1.328771164944871075e-02 -4.235170160468520462e-01
3.434000000000000000e+03 1.002537592058621208e+01 3.303382572311155396e-01 1.327763463165911213e-02 -4.224108663802738639e-01
3.435000000000000000e+03 9.999541716873716624e+00 3.299309952802130796e-01 1.326756882464989393e-02 -4.213315609621858249e-01
3.436000000000000000e+03 9.973834997678460823e+00 3.295255054261393424e-01 1.325751425081531619e-02 -4.202785606058643264e-01
3.437000000000000000e+03 9.948177827898136982e+00 3.291214059631238364e-01 1.324747092703141421e-02 -4.192520851606383325e-01
3.438000000000000000e+03 9.922640949745790806e+00 3.287190557449748418e-01 1.323743886466923099e-02 -4.182516275454614685e-01
3.439000000000000000e+03 9.897220930729984545e+00 3.283180684090646895e-01 1.322741806974237627e-02 -4.172766962846767291e-01
3.440000000000000000e+03 9.871840161641676659e+00 3.279187979418797805e-01 1.321740854305736811e-02 -4.163268152061349592e-01
3.441000000000000000e+03 9.846569704580911520e+00 3.275201100708933222e-01 1.320741028041695110e-02 -4.154022659712487409e-01
3.442000000000000000e+03 9.821406439538588273e+00 3.271223535030950980e-01 1.319742327286078584e-02 -4.145026020972397696e-01
3.443000000000000000e+03 9.796347344598840934e+00 3.267251313198197282e-01 1.318744750698557476e-02 -4.136266486462600311e-01
3.444000000000000000e+03 9.771389492294352053e+00 3.263287865483121553e-01 1.317748296521653595e-02 -4.127739875814981918e-01
3.445000000000000000e+03 9.746455762161298608e+00 3.259329163946286800e-01 1.316752962624602626e-02 -4.119442146151047202e-01
3.446000000000000000e+03 9.721691970558534734e+00 3.255378578183912852e-01 1.315758746533789332e-02 -4.111376817226777836e-01
3.447000000000000000e+03 9.697021165264052556e+00 3.251424589338917648e-01 1.314765645479856228e-02 -4.103525254793824462e-01
3.448000000000000000e+03 9.672515038453889602e+00 3.247470502581090157e-01 1.313773656438464547e-02 -4.095898665777223391e-01
3.449000000000000000e+03 9.648022504563547486e+00 3.243519589502477096e-01 1.312782776173081548e-02 -4.088478668164092222e-01
3.450000000000000000e+03 9.623689680139371205e+00 3.239567658879577428e-01 1.311793001283691022e-02 -4.081261857758611278e-01
3.451000000000000000e+03 9.599439909698675777e+00 3.235610584056132222e-01 1.310804328249201393e-02 -4.074245629527947776e-01
3.452000000000000000e+03 9.575270940242759821e+00 3.231644601796776484e-01 1.309816753472312079e-02 -4.067430218472604664e-01
3.453000000000000000e+03 9.551254871688366066e+00 3.227673440097242885e-01 1.308830273327306858e-02 -4.060816651872284910e-01
3.454000000000000000e+03 9.527389570517092565e+00 3.223700789116742405e-01 1.307844884200024677e-02 -4.054391207654133300e-01
3.455000000000000000e+03 9.503598665666952883e+00 3.219715443680216671e-01 1.306860582530984353e-02 -4.048169980954225422e-01
3.456000000000000000e+03 9.479880111677214671e+00 3.215721015901050750e-01 1.305877364855307157e-02 -4.042139453736170451e-01
3.457000000000000000e+03 9.456306185115460394e+00 3.211721077721428341e-01 1.304895227840652261e-02 -4.036308489624149676e-01
3.458000000000000000e+03 9.432874914321667248e+00 3.207704303472236895e-01 1.303914168321651176e-02 -4.030663760144486685e-01
3.459000000000000000e+03 9.409510076510041898e+00 3.203681610904411392e-01 1.302934183331704542e-02 -4.025206882780925643e-01
3.460000000000000000e+03 9.386284045757786743e+00 3.199641590387609646e-01 1.301955270130861209e-02 -4.019939560542069024e-01
3.461000000000000000e+03 9.363194940379873543e+00 3.195587645981909364e-01 1.300977426230248181e-02 -4.014856149842533917e-01
3.462000000000000000e+03 9.340240904732029392e+00 3.191515709727771322e-01 1.300000649415146252e-02 -4.009965941750895935e-01
3.463000000000000000e+03 9.317345824438680424e+00 3.187429097708608938e-01 1.299024937759295055e-02 -4.005248588052324754e-01
3.464000000000000000e+03 9.294656459570758145e+00 3.183323652733030529e-01 1.298050289638036890e-02 -4.000713524183832637e-01
3.465000000000000000e+03 9.272022459734902355e+00 3.179202600439254844e-01 1.297076703739091785e-02 -3.996355395237802255e-01
3.466000000000000000e+03 9.249516348633909146e+00 3.175061692020288429e-01 1.296104179065662304e-02 -3.992168908740779121e-01
3.467000000000000000e+03 9.227136390527467924e+00 3.170904060371815270e-01 1.295132714936395729e-02 -3.988148830707742287e-01
3.468000000000000000e+03 9.204880874620695153e+00 3.166725362860592918e-01 1.294162310984671091e-02 -3.984304838377114577e-01
3.469000000000000000e+03 9.182748116347728029e+00 3.162521209166272995e-01 1.293192967148316420e-02 -3.980616946125442590e-01
3.470000000000000000e+03 9.160736459031134871e+00 3.158302017495366321e-01 1.292224683658914006e-02 -3.977094928270573648e-01
3.471000000000000000e+03 9.138844275890942725e+00 3.154048444015653541e-01 1.291257461027770642e-02 -3.973733744961450154e-01
3.472000000000000000e+03 9.117077400723754721e+00 3.149778237566840389e-01 1.290291300029144071e-02 -3.970528394861462806e-01
3.473000000000000000e+03 9.095426845467450505e+00 3.145479384089745478e-01 1.289326201676193467e-02 -3.967481339477679225e-01
3.474000000000000000e+03 9.073898516467469477e+00 3.141154676331453510e-01 1.288362167200811544e-02 -3.964580214089568067e-01
3.475000000000000000e+03 9.052483504152423421e+00 3.136806856771744423e-01 1.287399198026530599e-02 -3.961827537132580068e-01
3.476000000000000000e+03 9.031187799681143602e+00 3.132423760572636828e-01 1.286437295737785820e-02 -3.959225849487782445e-01
3.477000000000000000e+03 9.010017441615138623e+00 3.128008028651658168e-01 1.285476462055578674e-02 -3.956762853783956646e-01
3.478000000000000000e+03 8.988956234323010719e+00 3.123569679027947132e-01 1.284516698801202277e-02 -3.954433695464486531e-01
3.479000000000000000e+03 8.968017749925174087e+00 3.119103821490020190e-01 1.283558007867971300e-02 -3.952233530474280609e-01
3.480000000000000000e+03 8.947200761676860736e+00 3.114605514038302214e-01 1.282600391188645772e-02 -3.950164949669375258e-01
3.481000000000000000e+03 8.926496675750199117e+00 3.110077191000466534e-01 1.281643850701786810e-02 -3.948215689851733434e-01
3.482000000000000000e+03 8.905904391269254816e+00 3.105521234469023617e-01 1.280688388321664546e-02 -3.946380914937205331e-01
3.483000000000000000e+03 8.885437731854031185e+00 3.100939974112437714e-01 1.279734005906068423e-02 -3.944663212104921324e-01
3.484000000000000000e+03 8.865080878531260922e+00 3.096328258658759824e-01 1.278780705225763745e-02 -3.943050302934210105e-01
3.485000000000000000e+03 8.844847799327093085e+00 3.091680884102290805e-01 1.277828487938664596e-02 -3.941537324682825583e-01
3.486000000000000000e+03 8.824722824998023185e+00 3.087007450283673626e-01 1.276877355561210903e-02 -3.940126826557265871e-01
3.487000000000000000e+03 8.804712649723771989e+00 3.082295219040535050e-01 1.275927309444469318e-02 -3.938806480978314650e-01
3.488000000000000000e+03 8.784816619625182454e+00 3.077561112583581115e-01 1.274978350752987120e-02 -3.937578793347021877e-01
3.489000000000000000e+03 8.765026734334021796e+00 3.072784858291357502e-01 1.274030480442323726e-02 -3.936438813408556503e-01
3.490000000000000000e+03 8.745349933241518769e+00 3.067983272181285526e-01 1.273083699246077040e-02 -3.935381560070312923e-01
3.491000000000000000e+03 8.725778382904577413e+00 3.063143403748543325e-01 1.272138007658910400e-02 -3.934394589573761425e-01
3.492000000000000000e+03 8.706319190848446965e+00 3.058274534430013292e-01 1.271193405930841520e-02 -3.933487705472376583e-01
3.493000000000000000e+03 8.686972120503162031e+00 3.053363607537212254e-01 1.270249894057228802e-02 -3.932640956814629773e-01
3.494000000000000000e+03 8.667722162419563503e+00 3.048427226763632536e-01 1.269307471774325062e-02 -3.931849204937075681e-01
3.495000000000000000e+03 8.648591531866788529e+00 3.043452229459162606e-01 1.268366138561096909e-02 -3.931122120214784466e-01
3.496000000000000000e+03 8.629557955707999994e+00 3.038447685179502256e-01 1.267425893640707589e-02 -3.930439608768812043e-01
3.497000000000000000e+03 8.610636382573220615e+00 3.033407754052935834e-01 1.266486735988031111e-02 -3.929796379435167575e-01
3.498000000000000000e+03 8.591819553982194435e+00 3.028333971969567329e-01 1.265548664339368953e-02 -3.929201940691553485e-01
3.499000000000000000e+03 8.573107715292271891e+00 3.023227822389922270e-01 1.264611677202449012e-02 -3.928636027539784692e-01
3.500000000000000000e+03 8.554493756188193743e+00 3.018083308172954116e-01 1.263675772874031135e-02 -3.928100597000090954e-01
3.501000000000000000e+03 8.535985668612092070e+00 3.012901730478798057e-01 1.262740949456676344e-02 -3.927590545965481961e-01
3.502000000000000000e+03 8.517577357979490671e+00 3.007691454998381864e-01 1.261807204880884686e-02 -3.927109867528013054e-01
3.503000000000000000e+03 8.499270396458157961e+00 3.002438432776631250e-01 1.260874536922883433e-02 -3.926640632315797630e-01
3.504000000000000000e+03 8.481066414651289520e+00 2.997150848564131276e-01 1.259942943234697299e-02 -3.926194550050555732e-01
3.505000000000000000e+03 8.462959669103812033e+00 2.991829407690000941e-01 1.259012421364071044e-02 -3.925753540060196167e-01
3.506000000000000000e+03 8.444959323052451339e+00 2.986467336352890412e-01 1.258082968785368717e-02 -3.925336583795278611e-01
3.507000000000000000e+03 8.427059728609016531e+00 2.981065238630911662e-01 1.257154582924246457e-02 -3.924918010390224254e-01
3.508000000000000000e+03 8.409262707322442409e+00 2.975631096808199483e-01 1.256227261186475957e-02 -3.924509205975600379e-01
3.509000000000000000e+03 8.391570117310607202e+00 2.970157986668199857e-01 1.255301000983442307e-02 -3.924099184382281447e-01
3.510000000000000000e+03 8.373976420406407328e+00 2.964646362904733712e-01 1.254375799763341945e-02 -3.923691726442275485e-01
3.511000000000000000e+03 8.356490962762869401e+00 2.959096631149301104e-01 1.253451655034698055e-02 -3.923275664178715871e-01
3.512000000000000000e+03 8.339108257106605748e+00 2.953516576714785291e-01 1.252528564392570501e-02 -3.922854591839646243e-01
3.513000000000000000e+03 8.321830263585599852e+00 2.947891651603888330e-01 1.251606525542492236e-02 -3.922417150167190614e-01
3.514000000000000000e+03 8.304651529047079705e+00 2.942236973386152532e-01 1.250685536321268117e-02 -3.921974165858000405e-01
3.515000000000000000e+03 8.287566611586099086e+00 2.936537898835955285e-01 1.249765594722097861e-02 -3.921514079207121251e-01
3.516000000000000000e+03 8.270592362049558943e+00 2.930802022840469645e-01 1.248846698904922635e-02 -3.921040083639055207e-01
3.517000000000000000e+03 8.253715922324754928e+00 2.925022037118223950e-01 1.247928847216886634e-02 -3.920547838472199231e-01
3.518000000000000000e+03 8.236939292497563514e+00 2.919205444105150704e-01 1.247012038201407956e-02 -3.920025466767280142e-01
3.519000000000000000e+03 8.220257043200113856e+00 2.913352272402642273e-01 1.246096270608978117e-02 -3.919490694959967825e-01
3.520000000000000000e+03 8.203678598423101320e+00 2.907455077290608814e-01 1.245181543401195808e-02 -3.918916567272994755e-01
3.521000000000000000e+03 8.187198520257183532e+00 2.901521226304643042e-01 1.244267855754257329e-02 -3.918320583865922413e-01
3.522000000000000000e+03 8.170811364129347609e+00 2.895543186374699429e-01 1.243355207059585431e-02 -3.917690415312937158e-01
3.523000000000000000e+03 8.154526534441769670e+00 2.889535666129624536e-01 1.242443596916388386e-02 -3.917021042366931050e-01
3.524000000000000000e+03 8.138331142164730636e+00 2.883483618010974081e-01 1.241533025125737301e-02 -3.916322182356309356e-01
3.525000000000000000e+03 8.122227146337829495e+00 2.877394237303187441e-01 1.240623491677840355e-02 -3.915573717165931056e-01
3.526000000000000000e+03 8.106223925869317171e+00 2.871267249323242177e-01 1.239714996737438339e-02 -3.914785118155649224e-01
3.527000000000000000e+03 8.090308566674865531e+00 2.865102338373377022e-01 1.238807540627457661e-02 -3.913950874213880105e-01
3.528000000000000000e+03 8.074483004343766979e+00 2.858899148355646402e-01 1.237901123806784721e-02 -3.913065346650885790e-01
3.529000000000000000e+03 8.058749168709592681e+00 2.852657283397836974e-01 1.236995746847209705e-02 -3.912137624132950853e-01
3.530000000000000000e+03 8.043101557104353816e+00 2.846376308490832230e-01 1.236091410405990194e-02 -3.911154379206658871e-01
3.531000000000000000e+03 8.027534664618935167e+00 2.840063178486991746e-01 1.235188115198589641e-02 -3.910117008371003511e-01
3.532000000000000000e+03 8.012057842988857814e+00 2.833709953708380969e-01 1.234285861969152027e-02 -3.909026773743486949e-01
3.533000000000000000e+03 7.996658161269136755e+00 2.827316085667327950e-01 1.233384651456513950e-02 -3.907869944776442561e-01
3.534000000000000000e+03 7.981344978565263482e+00 2.820895846096618809e-01 1.232484484360599035e-02 -3.906662366826219035e-01
3.535000000000000000e+03 7.966112805075431069e+00 2.814433757537880831e-01 1.231585361309134666e-02 -3.905382604523750523e-01
3.536000000000000000e+03 7.950956161706067782e+00 2.807944020843325394e-01 1.230687282823869806e-02 -3.904046223856831310e-01
3.537000000000000000e+03 7.935877011415193749e+00 2.801425945783816984e-01 1.229790249283896700e-02 -3.902638935657687935e-01
3.538000000000000000e+03 7.920869905537889721e+00 2.794871380117633364e-01 1.228894260893738377e-02 -3.901168592756759645e-01
3.539000000000000000e+03 7.905944271850390948e+00 2.788294423719495096e-01 1.227999317648023440e-02 -3.899620618649732862e-01
3.540000000000000000e+03 7.891087275773348786e+00 2.781679430865472424e-01 1.227105419299502793e-02 -3.898002576434931310e-01
3.541000000000000000e+03 7.876300964972971386e+00 2.775047866130526675e-01 1.226212565328948720e-02 -3.896307025969500404e-01
3.542000000000000000e+03 7.861579987010533621e+00 2.768384021639784809e-01 1.225320754915346089e-02 -3.894533807900855127e-01
3.543000000000000000e+03 7.846926448549917943e+00 2.761694444632269985e-01 1.224429986910892040e-02 -3.892690042723280786e-01
3.544000000000000000e+03 7.832342489278691033e+00 2.754978224829489619e-01 1.223540259818109606e-02 -3.890760416512802355e-01
3.545000000000000000e+03 7.817822855554123151e+00 2.748234423563151729e-01 1.222651571768087683e-02 -3.888744321893123912e-01
3.546000000000000000e+03 7.803362330437041194e+00 2.741469502909860689e-01 1.221763920505361534e-02 -3.886648428984204040e-01
3.547000000000000000e+03 7.788963163379293952e+00 2.734675041432285125e-01 1.220877303373263910e-02 -3.884471828083504441e-01
3.548000000000000000e+03 7.774620214483255687e+00 2.727864876728855470e-01 1.219991717305188121e-02 -3.882206029134606662e-01
3.549000000000000000e+03 7.760335811758594993e+00 2.721030536137469813e-01 1.219107158819059990e-02 -3.879849817981700921e-01
3.550000000000000000e+03 7.746112322901733904e+00 2.714178379297865207e-01 1.218223624018457095e-02 -3.877409256013130134e-01
3.551000000000000000e+03 7.731937457134470115e+00 2.707307164331722582e-01 1.217341108595808644e-02 -3.874867869410882903e-01
3.552000000000000000e+03 7.717821882744364537e+00 2.700422456606595412e-01 1.216459607838840835e-02 -3.872245784532261648e-01
3.553000000000000000e+03 7.703754179182901396e+00 2.693514793273023011e-01 1.215579116646381581e-02 -3.869518307207340246e-01
3.554000000000000000e+03 7.689745246604727136e+00 2.686589547086070118e-01 1.214699629540649459e-02 -3.866697731669727078e-01
3.555000000000000000e+03 7.675783733589641500e+00 2.679644642192096082e-01 1.213821140695973445e-02 -3.863781342191553447e-01
3.556000000000000000e+03 7.661880604606424505e+00 2.672685411672702793e-01 1.212943643957829949e-02 -3.860766269957172092e-01
3.557000000000000000e+03 7.648024566824385140e+00 2.665709741690693302e-01 1.212067132876503556e-02 -3.857642064972810481e-01
3.558000000000000000e+03 7.634219208345428775e+00 2.658715500691051781e-01 1.211191600739935578e-02 -3.854427838162962083e-01
3.559000000000000000e+03 7.620468137574296641e+00 2.651707968605344079e-01 1.210317040610839161e-02 -3.851097978294599766e-01
3.560000000000000000e+03 7.606760122205199259e+00 2.644684981008508240e-01 1.209443445366548478e-02 -3.847671292688935041e-01
3.561000000000000000e+03 7.593113654658112388e+00 2.637644358329098160e-01 1.208570807742564285e-02 -3.844129295955588943e-01
3.562000000000000000e+03 7.579510091944481331e+00 2.630591335061799874e-01 1.207699120379809518e-02 -3.840483065808020235e-01
3.563000000000000000e+03 7.565953077209868205e+00 2.623523703931469608e-01 1.206828375871580976e-02 -3.836728673697595848e-01
3.564000000000000000e+03 7.552453677539152643e+00 2.616439245109449807e-01 1.205958566813554629e-02 -3.832854613970548274e-01
3.565000000000000000e+03 7.538993236522696151e+00 2.609335727081226741e-01 1.205089685852157345e-02 -3.828878946492242918e-01
3.566000000000000000e+03 7.525590223585870930e+00 2.602218335864735499e-01 1.204221725738046159e-02 -3.824775014081601698e-01
3.567000000000000000e+03 7.512225944574757897e+00 2.595084819178612445e-01 1.203354679378370977e-02 -3.820568012061530960e-01
3.568000000000000000e+03 7.498911390960059542e+00 2.587940344012035210e-01 1.202488539884018388e-02 -3.816238420758879535e-01
3.569000000000000000e+03 7.485642663804201291e+00 2.580775212442345534e-01 1.201623300622008811e-02 -3.811788861763321101e-01
3.570000000000000000e+03 7.472423252952423489e+00 2.573602004254362807e-01 1.200758955263806285e-02 -3.807229242382351719e-01
3.571000000000000000e+03 7.459241746247527338e+00 2.566418436056081553e-01 1.199895497830986459e-02 -3.802547043441408814e-01
3.572000000000000000e+03 7.446116394076688572e+00 2.559229647194848911e-01 1.199032922739063159e-02 -3.797759318978563003e-01
3.573000000000000000e+03 7.433035677246918382e+00 2.552025915570250159e-01 1.198171224836974344e-02 -3.792845842372928322e-01
3.574000000000000000e+03 7.419995443697041893e+00 2.544819800246232444e-01 1.197310399447322482e-02 -3.787823391163298581e-01
3.575000000000000000e+03 7.406998903790640298e+00 2.537601572208447731e-01 1.196450442395727461e-02 -3.782678893242081286e-01
3.576000000000000000e+03 7.394049197637060367e+00 2.530376356970495122e-01 1.195591350042658936e-02 -3.777421426682093797e-01
3.577000000000000000e+03 7.381141962833776660e+00 2.523149278725372313e-01 1.194733119305232787e-02 -3.772052507734578453e-01
3.578000000000000000e+03 7.368280187720472441e+00 2.515910604492394009e-01 1.193875747679298827e-02 -3.766558663900751447e-01
3.579000000000000000e+03 7.355459351727606787e+00 2.508672886712208228e-01 1.193019233248949172e-02 -3.760956005472426700e-01
3.580000000000000000e+03 7.342674851302530392e+00 2.501426393983465224e-01 1.192163574697745025e-02 -3.755238228538314571e-01
3.581000000000000000e+03 7.329929426387673530e+00 2.494176253647626684e-01 1.191308771308426280e-02 -3.749406329855557440e-01
3.582000000000000000e+03 7.317225730771365733e+00 2.486920167565519479e-01 1.190454822963256214e-02 -3.743461179983443299e-01
3.583000000000000000e+03 7.304551474675927913e+00 2.479663269640043632e-01 1.189601730128160215e-02 -3.737403524777960229e-01
3.584000000000000000e+03 7.291923994745562077e+00 2.472403269930433800e-01 1.188749493842134256e-02 -3.731233986895665100e-01
3.585000000000000000e+03 7.279323399381120829e+00 2.465145312161349800e-01 1.187898115693599224e-02 -3.724953067306513987e-01
3.586000000000000000e+03 7.266759424977921711e+00 2.457887117823455703e-01 1.187047597794706373e-02 -3.718568575164227230e-01
3.587000000000000000e+03 7.254234295850628733e+00 2.450633843667819611e-01 1.186197942745680078e-02 -3.712073344282588727e-01
3.588000000000000000e+03 7.241735298134872600e+00 2.443375797440817954e-01 1.185349153597038512e-02 -3.705474948072248198e-01
3.589000000000000000e+03 7.229264495996049256e+00 2.436133008762892127e-01 1.184501233807942408e-02 -3.698773416031000960e-01
3.590000000000000000e+03 7.216823878266874992e+00 2.428880946394955387e-01 1.183654187196624824e-02 -3.691961235295252441e-01
3.591000000000000000e+03 7.204407933933619113e+00 2.421639659201308692e-01 1.182808017887045267e-02 -3.685053065598933864e-01
3.592000000000000000e+03 7.192018513135352897e+00 2.414406921747913048e-01 1.181962730252256871e-02 -3.678048599092077486e-01
3.593000000000000000e+03 7.179657403532978321e+00 2.407180520093844256e-01 1.181118328856630394e-02 -3.670932561920829951e-01
3.594000000000000000e+03 7.167311478702388605e+00 2.399958252522589597e-01 1.180274818390077141e-02 -3.663726714271531293e-01
3.595000000000000000e+03 7.154989845303528995e+00 2.392737930262701651e-01 1.179432203604579253e-02 -3.656422996827132788e-01
3.596000000000000000e+03 7.142679278666926201e+00 2.385532234898838644e-01 1.178590489245035129e-02 -3.649020674142156584e-01
3.597000000000000000e+03 7.130388798796056804e+00 2.378339005670049855e-01 1.177749679984762057e-02 -3.641526336286080578e-01
3.598000000000000000e+03 7.118119963020722807e+00 2.371156096859177997e-01 1.176909780354144265e-02 -3.633946472157132401e-01
3.599000000000000000e+03 7.105866872142255097e+00 2.363988806820516431e-01 1.176070794672491593e-02 -3.626280042819963190e-01
3.600000000000000000e+03 7.093623604957220330e+00 2.356827593594761905e-01 1.175232726983549587e-02 -3.618525911569959730e-01
3.601000000000000000e+03 7.081391673003473386e+00 2.349692558182256419e-01 1.174395580986630633e-02 -3.610697281639956846e-01
3.602000000000000000e+03 7.069172659022584959e+00 2.342566327584344188e-01 1.173559359974034842e-02 -3.602783294016427273e-01
3.603000000000000000e+03 7.056968162054559457e+00 2.335468601385140286e-01 1.172724066771195159e-02 -3.594787433203717741e-01
3.604000000000000000e+03 7.044772354472088161e+00 2.328381956350346338e-01 1.171889703678770552e-02 -3.586720521452703703e-01
3.605000000000000000e+03 7.032579415684925728e+00 2.321311273835125755e-01 1.171056272421043196e-02 -3.578563578890643915e-01
3.606000000000000000e+03 7.020398393846198459e+00 2.314261455327236983e-01 1.170223774095223608e-02 -3.570334680594682841e-01
3.607000000000000000e+03 7.008223497052656903e+00 2.307229994677555962e-01 1.169392209131074091e-02 -3.562022103404974271e-01
3.608000000000000000e+03 6.996048954189719282e+00 2.300214407018865148e-01 1.168561577251631643e-02 -3.553628898034546513e-01
3.609000000000000000e+03 6.983876446920550762e+00 2.293227086021697170e-01 1.167731877445183156e-02 -3.545158034424670812e-01
3.610000000000000000e+03 6.971715112775331846e+00 2.286250734335951718e-01 1.166903107937498386e-02 -3.536597547146511089e-01
3.611000000000000000e+03 6.959551834251467284e+00 2.279297790922515665e-01 1.166075266176721040e-02 -3.527965107654299493e-01
3.612000000000000000e+03 6.947388382443789645e+00 2.272365861468871318e-01 1.165248348821703271e-02 -3.519256028034667971e-01
3.613000000000000000e+03 6.935226561574024728e+00 2.265460003943574607e-01 1.164422351741045171e-02 -3.510465548308879802e-01
3.614000000000000000e+03 6.923068209550162777e+00 2.258570444036723801e-01 1.163597270014771722e-02 -3.501603695434013508e-01
3.615000000000000000e+03 6.910907769489801566e+00 2.251702289038456650e-01 1.162773097950201874e-02 -3.492658143904103785e-01
3.616000000000000000e+03 6.898754573951151770e+00 2.244860671603622626e-01 1.161949829098809367e-02 -3.483646216602384049e-01
3.617000000000000000e+03 6.886595701667111769e+00 2.238043321853065704e-01 1.161127456285436510e-02 -3.474548032099602501e-01
3.618000000000000000e+03 6.874433117092231704e+00 2.231247996162647462e-01 1.160305971642466676e-02 -3.465388219004115755e-01
3.619000000000000000e+03 6.862276239171790415e+00 2.224479905939138746e-01 1.159485366652154674e-02 -3.456146778302210398e-01
3.620000000000000000e+03 6.850119652752415966e+00 2.217729432982214477e-01 1.158665632194396007e-02 -3.446833369448727424e-01
3.621000000000000000e+03 6.837957961113251493e+00 2.211009271635194229e-01 1.157846758603420408e-02 -3.437450171244299524e-01
3.622000000000000000e+03 6.825800637898113976e+00 2.204309859070395783e-01 1.157028735727363110e-02 -3.427999312854297931e-01
3.623000000000000000e+03 6.813642308386712365e+00 2.197643945764232165e-01 1.156211552996534372e-02 -3.418475448162429653e-01
3.624000000000000000e+03 6.801485028702956015e+00 2.190994597406392408e-01 1.155395199494487976e-02 -3.408880615208523257e-01
3.625000000000000000e+03 6.789323422808029918e+00 2.184374622049666537e-01 1.154579664035326574e-02 -3.399224238954306476e-01
3.626000000000000000e+03 6.777166960836382259e+00 2.177782000343810587e-01 1.153764935241931473e-02 -3.389500849023945883e-01
3.627000000000000000e+03 6.765010238631916195e+00 2.171214742558483513e-01 1.152951001627692922e-02 -3.379719795917667247e-01
3.628000000000000000e+03 6.752862683802977273e+00 2.164678317242662575e-01 1.152137851686625344e-02 -3.369875540439244976e-01
3.629000000000000000e+03 6.740718834760106581e+00 2.158170794821404059e-01 1.151325473976278282e-02 -3.359977369939099456e-01
3.630000000000000000e+03 6.728580618060722607e+00 2.151697704580712578e-01 1.150513857203832972e-02 -3.350027116111563008e-01
3.631000000000000000e+03 6.716442483931945873e+00 2.145249749887861157e-01 1.149702990318689222e-02 -3.340026586197331060e-01
3.632000000000000000e+03 6.704313683547994174e+00 2.138832521851961044e-01 1.148892862593169431e-02 -3.329970137482486381e-01
3.633000000000000000e+03 6.692195976285511883e+00 2.132444214519330639e-01 1.148083463709904939e-02 -3.319866965191392572e-01
3.634000000000000000e+03 6.680083622184660008e+00 2.126090481807808852e-01 1.147274783844359596e-02 -3.309718820266531747e-01
3.635000000000000000e+03 6.667978231340852879e+00 2.119762152677502065e-01 1.146466813742086886e-02 -3.299527440532142863e-01
3.636000000000000000e+03 6.655888756900118608e+00 2.113472373090723722e-01 1.145659544794283211e-02 -3.289294553485885841e-01
3.637000000000000000e+03 6.643801775029298362e+00 2.107212036106696773e-01 1.144852969108826370e-02 -3.279021879064032419e-01
3.638000000000000000e+03 6.631726048833476383e+00 2.100979495466566704e-01 1.144047079572006569e-02 -3.268711132375591299e-01
3.639000000000000000e+03 6.619655380931037669e+00 2.094780565764651770e-01 1.143241869907625496e-02 -3.258364026401117663e-01
3.640000000000000000e+03 6.607605750103194175e+00 2.088613665906681183e-01 1.142437334728157311e-02 -3.247989703002205908e-01
3.641000000000000000e+03 6.595563308368912914e+00 2.082484675956755571e-01 1.141633469577438623e-02 -3.237582450485833041e-01
3.642000000000000000e+03 6.583528947293094902e+00 2.076384652220061022e-01 1.140830270969612516e-02 -3.227151419574263436e-01
3.643000000000000000e+03 6.571510866568208264e+00 2.070319540765437616e-01 1.140027736413042232e-02 -3.216698340871717576e-01
3.644000000000000000e+03 6.559509715010374720e+00 2.064287892483235853e-01 1.139225864430611426e-02 -3.206224955679014554e-01
3.645000000000000000e+03 6.547511160702515376e+00 2.058288291531466252e-01 1.138424654571594877e-02 -3.195733018401577530e-01
3.646000000000000000e+03 6.535530460411345111e+00 2.052326783769777563e-01 1.137624107410096369e-02 -3.185231727249390743e-01
3.647000000000000000e+03 6.523560461290899504e+00 2.046402020129803878e-01 1.136824224536829749e-02 -3.174708013125332462e-01
3.648000000000000000e+03 6.511608743638853447e+00 2.040505256673382783e-01 1.136025008541772553e-02 -3.164185968654454340e-01
3.649000000000000000e+03 6.499660481002421442e+00 2.034650068038770521e-01 1.135226462989226935e-02 -3.153645138496108391e-01
3.650000000000000000e+03 6.487730441333470210e+00 2.028820349021943081e-01 1.134428592379666152e-02 -3.143109661648227360e-01
3.651000000000000000e+03 6.475803465500986178e+00 2.023037199106177131e-01 1.133631402106534923e-02 -3.132566230623802239e-01
3.652000000000000000e+03 6.463893603775686891e+00 2.017284727039200254e-01 1.132834898403860778e-02 -3.122022527202563125e-01
3.653000000000000000e+03 6.451992417170674621e+00 2.011561961207057603e-01 1.132039088281337411e-02 -3.111478503965671161e-01
3.654000000000000000e+03 6.440098794936564452e+00 2.005882820257572086e-01 1.131243979460022642e-02 -3.100941573854396616e-01
3.655000000000000000e+03 6.428211532784514404e+00 2.000238971317854497e-01 1.130449580294191035e-02 -3.090404326908768873e-01
3.656000000000000000e+03 6.416336768458735129e+00 1.994629543350505130e-01 1.129655899692811293e-02 -3.079874245399115140e-01
3.657000000000000000e+03 6.404465704500077905e+00 1.989061127096852233e-01 1.128862947026196273e-02 -3.069351420450228685e-01
3.658000000000000000e+03 6.392596901638984974e+00 1.983525489955301757e-01 1.128070732038516898e-02 -3.058843410362330206e-01
3.659000000000000000e+03 6.380736287596934453e+00 1.978036717649852838e-01 1.127279264745287453e-02 -3.048342957129867581e-01
3.660000000000000000e+03 6.368874881222799544e+00 1.972579215681266318e-01 1.126488555341187414e-02 -3.037850273014346403e-01
3.661000000000000000e+03 6.357025943738207729e+00 1.967159707670546043e-01 1.125698614087803674e-02 -3.027373042020426452e-01
3.662000000000000000e+03 6.345165561656119557e+00 1.961784950184935206e-01 1.124909451220166591e-02 -3.016911564632762666e-01
3.663000000000000000e+03 6.333314368495828184e+00 1.956446875903402050e-01 1.124121076830743131e-02 -3.006466187562807924e-01
3.664000000000000000e+03 6.321455842848179074e+00 1.951144878518323300e-01 1.123333500776321249e-02 -2.996029876764261801e-01
3.665000000000000000e+03 6.309595745064486394e+00 1.945885812575328111e-01 1.122546732568244394e-02 -2.985617932168459498e-01
3.666000000000000000e+03 6.297732413623132963e+00 1.940661708248687667e-01 1.121760781274194416e-02 -2.975215990541431044e-01
3.667000000000000000e+03 6.285864203041488629e+00 1.935472056205692903e-01 1.120975655421816222e-02 -2.964839453572483685e-01
3.668000000000000000e+03 6.273996921496038048e+00 1.930331235758321884e-01 1.120191362901866959e-02 -2.954488919041394768e-01
3.669000000000000000e+03 6.262114126315619700e+00 1.925223944549720456e-01 1.119407910886220138e-02 -2.944150182072875488e-01
3.670000000000000000e+03 6.250229130871280958e+00 1.920157196782573961e-01 1.118625305741044289e-02 -2.933846234831729016e-01
3.671000000000000000e+03 6.238333014029075585e+00 1.915130609581590648e-01 1.117843552955380057e-02 -2.923562984257136455e-01
3.672000000000000000e+03 6.226431769200416078e+00 1.910143831095806044e-01 1.117062657069743670e-02 -2.913308680096876047e-01
3.673000000000000000e+03 6.214524025916582595e+00 1.905189111887590769e-01 1.116282621621899653e-02 -2.903076774388626546e-01
3.674000000000000000e+03 6.202608484069641825e+00 1.900281018062129901e-01 1.115503449090175271e-02 -2.892883064444355945e-01
3.675000000000000000e+03 6.190683919012807124e+00 1.895411860881922317e-01 1.114725140855087060e-02 -2.882713695637850182e-01
3.676000000000000000e+03 6.178749185822736578e+00 1.890581409872780505e-01 1.113947697166449077e-02 -2.872577161101503851e-01
3.677000000000000000e+03 6.166803222682734287e+00 1.885789464166915952e-01 1.113171117124526349e-02 -2.862482017929101064e-01
3.678000000000000000e+03 6.154852481704697453e+00 1.881028423835515162e-01 1.112395398667341377e-02 -2.852414603389240022e-01
3.679000000000000000e+03 6.142896073764476661e+00 1.876313002961720044e-01 1.111620538569139428e-02 -2.842391034651472470e-01
3.680000000000000000e+03 6.130933197435928683e+00 1.871635659200358015e-01 1.110846532451778730e-02 -2.832405211621512042e-01
3.681000000000000000e+03 6.118963138615897357e+00 1.866996306830167041e-01 1.110073374804789424e-02 -2.822451103289734253e-01
3.682000000000000000e+03 6.106985269192420240e+00 1.862394888044444918e-01 1.109301059018776361e-02 -2.812545034092092111e-01
3.683000000000000000e+03 6.095006473116811208e+00 1.857831372582645635e-01 1.108529577426111030e-02 -2.802681115129356804e-01
3.684000000000000000e+03 6.083018858148454555e+00 1.853305757352366745e-01 1.107758921352792851e-02 -2.792853530548072283e-01
3.685000000000000000e+03 6.071029465153476856e+00 1.848818066042277886e-01 1.106989081180174972e-02 -2.783071395580322682e-01
3.686000000000000000e+03 6.059030549740448635e+00 1.844360920375827384e-01 1.106220046417281250e-02 -2.773336472837650279e-01
3.687000000000000000e+03 6.047036718233071539e+00 1.839941824757917177e-01 1.105451805777358729e-02 -2.763650602010932489e-01
3.688000000000000000e+03 6.035047779377951116e+00 1.835560880811257511e-01 1.104684347268112925e-02 -2.754008272869809537e-01
3.689000000000000000e+03 6.023056165452612021e+00 1.831218215306551211e-01 1.103917658283795969e-02 -2.744418911661853366e-01
3.690000000000000000e+03 6.011069209440005778e+00 1.826906551383984667e-01 1.103151725709066062e-02 -2.734877169054837909e-01
3.691000000000000000e+03 5.999086851541767906e+00 1.822633493169040220e-01 1.102386536023816643e-02 -2.725392634871232067e-01
3.692000000000000000e+03 5.987116486962568374e+00 1.818391811929709612e-01 1.101622075412697112e-02 -2.715960126007738729e-01
3.693000000000000000e+03 5.975158099897948993e+00 1.814189159028554432e-01 1.100858329883964981e-02 -2.706589401139693485e-01
3.694000000000000000e+03 5.963211682266398306e+00 1.810018352067214731e-01 1.100095285384316418e-02 -2.697275448600820469e-01
3.695000000000000000e+03 5.951277223876896727e+00 1.805879659476689325e-01 1.099332927916901563e-02 -2.688013344338276989e-01
3.696000000000000000e+03 5.939362130827185560e+00 1.801780800050962750e-01 1.098571243662584129e-02 -2.678820538186407196e-01
3.697000000000000000e+03 5.927458930478548105e+00 1.797707229074693158e-01 1.097810219097813435e-02 -2.669684856601736156e-01
3.698000000000000000e+03 5.915582403307021231e+00 1.793666707948361472e-01 1.097049841112020946e-02 -2.660609073909723232e-01
3.699000000000000000e+03 5.903725003073917676e+00 1.789659590306307002e-01 1.096290097121842798e-02 -2.651596056703569571e-01
3.700000000000000000e+03 5.891886560767053638e+00 1.785686249881867083e-01 1.095530975180112124e-02 -2.642641336542175812e-01
3.701000000000000000e+03 5.880066738348800115e+00 1.781739744917109902e-01 1.094772464082977882e-02 -2.633755394942395300e-01
3.702000000000000000e+03 5.868279550399459588e+00 1.777820954118581598e-01 1.094014553469684417e-02 -2.624933947756720176e-01
3.703000000000000000e+03 5.856516540680444471e+00 1.773938296412484739e-01 1.093257233915365979e-02 -2.616180234244724900e-01
3.704000000000000000e+03 5.844776596865778551e+00 1.770077923794691477e-01 1.092500497013850803e-02 -2.607490162221847152e-01
3.705000000000000000e+03 5.833073372122297151e+00 1.766255719279454239e-01 1.091744335457680605e-02 -2.598867165485840292e-01
3.706000000000000000e+03 5.821390709014072407e+00 1.762457869592258253e-01 1.090988743102775001e-02 -2.590322204465073663e-01
3.707000000000000000e+03 5.809742061151946579e+00 1.758692863113451854e-01 1.090233715027706142e-02 -2.581836625036614818e-01
3.708000000000000000e+03 5.798118490488853638e+00 1.754961775967213977e-01 1.089479247578960426e-02 -2.573421585814336665e-01
3.709000000000000000e+03 5.786525805767595010e+00 1.751258271509245346e-01 1.088725338407882381e-02 -2.565080916798444521e-01
3.710000000000000000e+03 5.774962275157516700e+00 1.747583456513194800e-01 1.087971986493826634e-02 -2.556811119689601508e-01
3.711000000000000000e+03 5.763433481665813929e+00 1.743938452304455433e-01 1.087219192159098735e-02 -2.548616224813741171e-01
3.712000000000000000e+03 5.751930037844179999e+00 1.740316965893015932e-01 1.086466957065379546e-02 -2.540492934556254911e-01
3.713000000000000000e+03 5.740457300007774322e+00 1.736735002855427645e-01 1.085715284206575579e-02 -2.532438051756248365e-01
3.714000000000000000e+03 5.729013085066352318e+00 1.733171440013169806e-01 1.084964177883636534e-02 -2.524463336359293320e-01
3.715000000000000000e+03 5.717602530165218688e+00 1.729642308414165164e-01 1.084213643670506842e-02 -2.516565791879232794e-01
3.716000000000000000e+03 5.706215811617540545e+00 1.726141366009135425e-01 1.083463688365933660e-02 -2.508735093520882975e-01
3.717000000000000000e+03 5.694857863305531787e+00 1.722669810530075007e-01 1.082714319935635175e-02 -2.500990729614985253e-01
3.718000000000000000e+03 5.683533525962501720e+00 1.719221422266270782e-01 1.081965547445687230e-02 -2.493315146063398990e-01
3.719000000000000000e+03 5.672232697392622036e+00 1.715804848591688525e-01 1.081217380979412369e-02 -2.485720601004300367e-01
3.720000000000000000e+03 5.660967482027431608e+00 1.712413890039190534e-01 1.080469831554157351e-02 -2.478204594142571215e-01
3.721000000000000000e+03 5.649720201102289785e+00 1.709049784827192942e-01 1.079722911019287586e-02 -2.470764722802455404e-01
3.722000000000000000e+03 5.638510257190241681e+00 1.705713779984177891e-01 1.078976631954266067e-02 -2.463406109556804946e-01
3.723000000000000000e+03 5.627319860757840964e+00 1.702399702473742227e-01 1.078231007553161896e-02 -2.456126544733393535e-01
3.724000000000000000e+03 5.616153467618395290e+00 1.699116243720085739e-01 1.077486051507823249e-02 -2.448931342256827626e-01
3.725000000000000000e+03 5.605008076685374263e+00 1.695857245681989534e-01 1.076741777883057603e-02 -2.441811053676490872e-01
3.726000000000000000e+03 5.593888098236172723e+00 1.692623985378305662e-01 1.075998200992089177e-02 -2.434763752239894607e-01
3.727000000000000000e+03 5.582790509084448516e+00 1.689417746013331945e-01 1.075255335261181625e-02 -2.427802460213337177e-01
3.728000000000000000e+03 5.571712293010739003e+00 1.686232388101611690e-01 1.074513195101658991e-02 -2.420925434404981313e-01
3.729000000000000000e+03 5.560657881295232308e+00 1.683069205644550370e-01 1.073771794773810059e-02 -2.414123593398455336e-01
3.730000000000000000e+03 5.549616879845773454e+00 1.679936925606388687e-01 1.073031148257936121e-02 -2.407402801451768992e-01
3.731000000000000000e+03 5.538593794666967440e+00 1.676821993990232074e-01 1.072291269122212579e-02 -2.400761582265478478e-01
3.732000000000000000e+03 5.527585758659967929e+00 1.673725717066798235e-01 1.071552170395168209e-02 -2.394198546126649896e-01
3.733000000000000000e+03 5.516589971500909684e+00 1.670656832502211697e-01 1.070813864444906949e-02 -2.387719817036597914e-01
3.734000000000000000e+03 5.505618567444914291e+00 1.667609223786732375e-01 1.070076362858284058e-02 -2.381309318072316883e-01
3.735000000000000000e+03 5.494654055803214199e+00 1.664584204765484077e-01 1.069339676331498498e-02 -2.374988196945578833e-01
3.736000000000000000e+03 5.483708757704911285e+00 1.661575662419017829e-01 1.068603814568948318e-02 -2.368740541253943621e-01
3.737000000000000000e+03 5.472772816895305148e+00 1.658592341397248648e-01 1.067868786182005897e-02 -2.362572804039505259e-01
3.738000000000000000e+03 5.461851349944208955e+00 1.655628130101923501e-01 1.067134598609137397e-02 -2.356484089152331984e-01
3.739000000000000000e+03 5.450942168782187736e+00 1.652676916873357105e-01 1.066401258034229554e-02 -2.350466150026188084e-01
3.740000000000000000e+03 5.440043215697842882e+00 1.649747446177593779e-01 1.065668769329209190e-02 -2.344525673521791198e-01
3.741000000000000000e+03 5.429152568984150662e+00 1.646833604695825959e-01 1.064937135990924599e-02 -2.338661993686761975e-01
3.742000000000000000e+03 5.418283304231599651e+00 1.643936705865762515e-01 1.064206360108479500e-02 -2.332874518940696584e-01
3.743000000000000000e+03 5.407418927722913438e+00 1.641065489376008213e-01 1.063476442329900490e-02 -2.327155302584045238e-01
3.744000000000000000e+03 5.396572805601310918e+00 1.638198978911367398e-01 1.062747381845031286e-02 -2.321511326736592495e-01
3.745000000000000000e+03 5.385736166631765798e+00 1.635353336803943292e-01 1.062019176386039265e-02 -2.315942216204203985e-01
3.746000000000000000e+03 5.374915243999289771e+00 1.632522436733729043e-01 1.061291822234154171e-02 -2.310447665776752535e-01
3.747000000000000000e+03 5.364101560786575185e+00 1.629700148284755901e-01 1.060565314243584918e-02 -2.305020010858600532e-01
3.748000000000000000e+03 5.353316497793853657e+00 1.626895193154573593e-01 1.059839645877370951e-02 -2.299659083180784491e-01
3.749000000000000000e+03 5.342544434963753197e+00 1.624108859616170686e-01 1.059114809256298841e-02 -2.294364781495325245e-01
3.750000000000000000e+03 5.331784745298040917e+00 1.621327573684673284e-01 1.058390795217537678e-02 -2.289144499001133370e-01
3.751000000000000000e+03 5.321051760778634510e+00 1.618560108602234426e-01 1.057667593388354581e-02 -2.283991084612283784e-01
3.752000000000000000e+03 5.310337538571924476e+00 1.615800647250723310e-01 1.056945192268938377e-02 -2.278898440432529648e-01
3.753000000000000000e+03 5.299641652246992685e+00 1.613058290444573106e-01 1.056223579327486041e-02 -2.273875635977003207e-01
3.754000000000000000e+03 5.288971211753738189e+00 1.610327274852589308e-01 1.055502741102081095e-02 -2.268916946741928176e-01
3.755000000000000000e+03 5.278325997408296999e+00 1.607601829238964330e-01 1.054782663314856282e-02 -2.264024138461209479e-01
3.756000000000000000e+03 5.267705878192169955e+00 1.604891030710606237e-01 1.054063330987917331e-02 -2.259199037978669167e-01
3.757000000000000000e+03 5.257110801054214910e+00 1.602189090868139654e-01 1.053344728572501790e-02 -2.254443532485511659e-01
3.758000000000000000e+03 5.246540779663273035e+00 1.599497640415027955e-01 1.052626840081740192e-02 -2.249752140415789414e-01
3.759000000000000000e+03 5.236010739413325510e+00 1.596818300372449539e-01 1.051909649225256892e-02 -2.245119439049792220e-01
3.760000000000000000e+03 5.225498506935484677e+00 1.594145253300575937e-01 1.051193139549434601e-02 -2.240554920466926725e-01
3.761000000000000000e+03 5.215026509683085010e+00 1.591480099577508578e-01 1.050477294579979862e-02 -2.236053277395752548e-01
3.762000000000000000e+03 5.204587480042424552e+00 1.588824428635115527e-01 1.049762097961442174e-02 -2.231624115855249668e-01
3.763000000000000000e+03 5.194189013042172398e+00 1.586172390201579518e-01 1.049047533602773079e-02 -2.227254812633340242e-01
3.764000000000000000e+03 5.183823840668943639e+00 1.583532978953610393e-01 1.048333585811654298e-02 -2.222947656247408199e-01
3.765000000000000000e+03 5.173499533206632250e+00 1.580907749073988955e-01 1.047620239436466288e-02 -2.218704989432041808e-01
3.766000000000000000e+03 5.163216202457416415e+00 1.578283385518585713e-01 1.046907479994687619e-02 -2.214529208298834650e-01
3.767000000000000000e+03 5.152973918805942688e+00 1.575661417042449886e-01 1.046195293801404323e-02 -2.210407904763619924e-01
3.768000000000000000e+03 5.142772700480699122e+00 1.573050787483454283e-01 1.045483668087329905e-02 -2.206351007388279439e-01
3.769000000000000000e+03 5.132612503462459230e+00 1.570445570353851683e-01 1.044772591112034729e-02 -2.202361067029890707e-01
3.770000000000000000e+03 5.122508068835472272e+00 1.567847253542356267e-01 1.044062052266078212e-02 -2.198425827495162910e-01
3.771000000000000000e+03 5.112436915816329197e+00 1.565257310624189879e-01 1.043352042163157856e-02 -2.194555366247430139e-01
3.772000000000000000e+03 5.102421045998100091e+00 1.562669772179764160e-01 1.042642552726408788e-02 -2.190737523209763116e-01
3.773000000000000000e+03 5.092452653222301784e+00 1.560086082174158006e-01 1.041933577254275378e-02 -2.186982469714669752e-01
3.774000000000000000e+03 5.082531259751145392e+00 1.557507669294537767e-01 1.041225110480612642e-02 -2.183285565544040019e-01
3.775000000000000000e+03 5.072656283439617830e+00 1.554935946647213185e-01 1.040517148621616927e-02 -2.179642214361839914e-01
3.776000000000000000e+03 5.062827034402639370e+00 1.552364883113874494e-01 1.039809689409743401e-02 -2.176062719084576325e-01
3.777000000000000000e+03 5.053050141211586244e+00 1.549795859768419715e-01 1.039102732109691875e-02 -2.172527710387477939e-01
3.778000000000000000e+03 5.043317264892030138e+00 1.547230241251937033e-01 1.038396277527212606e-02 -2.169055000401432509e-01
3.779000000000000000e+03 5.033634812587110652e+00 1.544669375508233022e-01 1.037690327995951893e-02 -2.165632726042418243e-01
3.780000000000000000e+03 5.024001653984617732e+00 1.542114593527723065e-01 1.036984887361340132e-02 -2.162271345882155194e-01
3.781000000000000000e+03 5.014409123999763906e+00 1.539559780751828255e-01 1.036279960938542126e-02 -2.158951640052711729e-01
3.782000000000000000e+03 5.004870740042536070e+00 1.537006233536356292e-01 1.035575555468527115e-02 -2.155684135346672414e-01
3.783000000000000000e+03 4.995377636934349219e+00 1.534455230574398865e-01 1.034871679053157335e-02 -2.152464533353153631e-01
3.784000000000000000e+03 4.985928286435839851e+00 1.531900604328242099e-01 1.034168341079812550e-02 -2.149295993691593409e-01
3.785000000000000000e+03 4.976528504429288624e+00 1.529358454221358965e-01 1.033465552139227299e-02 -2.146174275442129242e-01
3.786000000000000000e+03 4.967176602392942897e+00 1.526807719637643668e-01 1.032763323921184577e-02 -2.143102591926664691e-01
3.787000000000000000e+03 4.957855968146319903e+00 1.524264463232849198e-01 1.032061669113349539e-02 -2.140069323694392123e-01
3.788000000000000000e+03 4.948587074236764138e+00 1.521715015601214638e-01 1.031360601281399933e-02 -2.137077729918527014e-01
3.789000000000000000e+03 4.939353205122400503e+00 1.519175401904641065e-01 1.030660134745978347e-02 -2.134131089654487945e-01
3.790000000000000000e+03 4.930152466964159430e+00 1.516631914907230483e-01 1.029960284446378334e-02 -2.131217843067712836e-01
3.791000000000000000e+03 4.920990371168121769e+00 1.514085684921019914e-01 1.029261065807456597e-02 -2.128348731088456069e-01
3.792000000000000000e+03 4.911864990022896116e+00 1.511537822958983757e-01 1.028562494593174975e-02 -2.125512223192951577e-01
3.793000000000000000e+03 4.902774397720249588e+00 1.508989420596583697e-01 1.027864586760402973e-02 -2.122719085374304426e-01
3.794000000000000000e+03 4.893709254893404470e+00 1.506441549841261163e-01 1.027167358312805825e-02 -2.119950379552185404e-01
3.795000000000000000e+03 4.884682535006406034e+00 1.503895263010406325e-01 1.026470825149637493e-02 -2.117216888234393357e-01
3.796000000000000000e+03 4.875677538872075445e+00 1.501344164266837367e-01 1.025775002917339238e-02 -2.114514542280226117e-01
3.797000000000000000e+03 4.866699905935735870e+00 1.498796694563142295e-01 1.025079906862373311e-02 -2.111846703826065486e-01
3.798000000000000000e+03 4.857747913450161548e+00 1.496238989791496832e-01 1.024385551689215544e-02 -2.109201879127092782e-01
3.799000000000000000e+03 4.848827345380311016e+00 1.493686879144665858e-01 1.023691951416501843e-02 -2.106583429873687685e-01
3.800000000000000000e+03 4.839921790721494865e+00 1.491126458229555807e-01 1.022999119251025331e-02 -2.103987286086154707e-01
3.801000000000000000e+03 4.831037278979635197e+00 1.488566083356703540e-01 1.022307067452214203e-02 -2.101409609531700862e-01
3.802000000000000000e+03 4.822172739958215715e+00 1.485999217459067212e-01 1.021615807222742318e-02 -2.098862359711277659e-01
3.803000000000000000e+03 4.813327278980866986e+00 1.483434155691771839e-01 1.020925348590819709e-02 -2.096328010558398403e-01
3.804000000000000000e+03 4.804500131384720873e+00 1.480864316062217301e-01 1.020235700317805201e-02 -2.093818738270862845e-01
3.805000000000000000e+03 4.795683241947736875e+00 1.478290524433262254e-01 1.019546869806228252e-02 -2.091331849381151686e-01
3.806000000000000000e+03 4.786890985024439438e+00 1.475706157781500327e-01 1.018858863025480337e-02 -2.088857207338744026e-01
3.807000000000000000e+03 4.778108171720412578e+00 1.473126857564321934e-01 1.018171684446192785e-02 -2.086406944206012082e-01
3.808000000000000000e+03 4.769342052807393983e+00 1.470538531240498659e-01 1.017485336993344952e-02 -2.083970888918403874e-01
3.809000000000000000e+03 4.760592608577465690e+00 1.467941922351606587e-01 1.016799822004913097e-02 -2.081553707466156922e-01
3.810000000000000000e+03 4.751859979206944473e+00 1.465345182157410941e-01 1.016115139215527027e-02 -2.079152616346364446e-01
3.811000000000000000e+03 4.743137037155107372e+00 1.462741584578794996e-01 1.015431286741068362e-02 -2.076772237837629098e-01
3.812000000000000000e+03 4.734431671688717813e+00 1.460139239597965100e-01 1.014748261090668915e-02 -2.074402313600001435e-01
3.813000000000000000e+03 4.725744502029185057e+00 1.457523951514116123e-01 1.014066057183199768e-02 -2.072047416799799036e-01
3.814000000000000000e+03 4.717076302637503105e+00 1.454911217408248469e-01 1.013384668384441703e-02 -2.069712094208615849e-01
3.815000000000000000e+03 4.708420570558442542e+00 1.452286800361712871e-01 1.012704086551695186e-02 -2.067378580025742152e-01
3.816000000000000000e+03 4.699785804959602409e+00 1.449666156284828145e-01 1.012024302099497758e-02 -2.065066221627357701e-01
3.817000000000000000e+03 4.691165787058879211e+00 1.447027578798988356e-01 1.011345304070595738e-02 -2.062764623432958577e-01
3.818000000000000000e+03 4.682569285749420551e+00 1.444393911129823460e-01 1.010667080226850846e-02 -2.060463359393856220e-01
3.819000000000000000e+03 4.673990335384502259e+00 1.441743405952552459e-01 1.009989617144244935e-02 -2.058181685549635986e-01
3.820000000000000000e+03 4.665430511051487983e+00 1.439091437299604703e-01 1.009312900322252224e-02 -2.055901684094306459e-01
3.821000000000000000e+03 4.656891489566879372e+00 1.436438502170704901e-01 1.008636914306265155e-02 -2.053635117807986465e-01
3.822000000000000000e+03 4.648375038035461593e+00 1.433770220602716139e-01 1.007961642809407886e-02 -2.051371430940479301e-01
3.823000000000000000e+03 4.639883001723569933e+00 1.431101905847285416e-01 1.007287068852437233e-02 -2.049107462000193391e-01
3.824000000000000000e+03 4.631417291352114773e+00 1.428419137653346993e-01 1.006613174899586606e-02 -2.046854871539105225e-01
3.825000000000000000e+03 4.622979869920599505e+00 1.425737189159999307e-01 1.005939943009777002e-02 -2.044610428230360932e-01
3.826000000000000000e+03 4.614565310827568823e+00 1.423041600193894196e-01 1.005267354981304387e-02 -2.042363436733619919e-01
3.827000000000000000e+03 4.606190497508186432e+00 1.420347604177102929e-01 1.004595392510042838e-02 -2.040118022293967992e-01
3.828000000000000000e+03 4.597835182755295236e+00 1.417640701439702722e-01 1.003924037336487336e-02 -2.037870845265928599e-01
3.829000000000000000e+03 4.589523686704602312e+00 1.414928657792740019e-01 1.003253271403824719e-02 -2.035625957410611142e-01
3.830000000000000000e+03 4.581235742895075624e+00 1.412204362906900046e-01 1.002583077003360232e-02 -2.033379944807076622e-01
3.831000000000000000e+03 4.572980768287662201e+00 1.409475543850092216e-01 1.001913436927798391e-02 -2.031136784176664212e-01
3.832000000000000000e+03 4.564768136751625960e+00 1.406742480181916999e-01 1.001244334611219207e-02 -2.028885557459911837e-01
3.833000000000000000e+03 4.556584881388257458e+00 1.403998004106099540e-01 1.000575754269057011e-02 -2.026630164846122129e-01
3.834000000000000000e+03 4.548440252605177037e+00 1.401249785681924209e-01 9.999076810258850437e-03 -2.024374467695780611e-01
3.835000000000000000e+03 4.540335993392188740e+00 1.398490619590883055e-01 9.992401010433055175e-03 -2.022107431454371052e-01
3.836000000000000000e+03 4.532266328802085908e+00 1.395728138714019406e-01 9.985730016285686295e-03 -2.019840267001433154e-01
3.837000000000000000e+03 4.524240241377923688e+00 1.392955100914365640e-01 9.979063713393495141e-03 -2.017561860130764329e-01
3.838000000000000000e+03 4.516251749109006397e+00 1.390179102629014729e-01 9.972402000765379082e-03 -2.015275912858776053e-01
3.839000000000000000e+03 4.508302182894079913e+00 1.387400294017246127e-01 9.965744791635701774e-03 -2.012986086257242679e-01
3.840000000000000000e+03 4.500392751724779927e+00 1.384611379166753864e-01 9.959092014132323034e-03 -2.010681143255799996e-01
3.841000000000000000e+03 4.492524537396142215e+00 1.381812473007615338e-01 9.952443611829429188e-03 -2.008364661514874805e-01
3.842000000000000000e+03 4.484698490439073204e+00 1.379011101533269001e-01 9.945799544135486628e-03 -2.006047604514845373e-01
3.843000000000000000e+03 4.476907998957979196e+00 1.376207345327967180e-01 9.939159786550817027e-03 -2.003711179208000348e-01
3.844000000000000000e+03 4.469161172147396499e+00 1.373401268151814292e-01 9.932524330795647685e-03 -2.001358833838625950e-01
3.845000000000000000e+03 4.461451126645727960e+00 1.370585488832276044e-01 9.925893184773241715e-03 -1.998993972223424009e-01
3.846000000000000000e+03 4.453778272628468038e+00 1.367760038213115814e-01 9.919266372383488128e-03 -1.996619953046627205e-01
3.847000000000000000e+03 4.446142887775712538e+00 1.364939787759223977e-01 9.912643933216514977e-03 -1.994225232419131189e-01
3.848000000000000000e+03 4.438545120840744929e+00 1.362109879716329741e-01 9.906025922065700429e-03 -1.991813076503559377e-01
3.849000000000000000e+03 4.430984996434202294e+00 1.359270297478741563e-01 9.899412408395858592e-03 -1.989379275656001367e-01
3.850000000000000000e+03 4.423447564276064448e+00 1.356428437512832985e-01 9.892803475506445343e-03 -1.986934428636722150e-01
3.851000000000000000e+03 4.415947548878304652e+00 1.353584198299156161e-01 9.886199219809849170e-03 -1.984466840121945908e-01
3.852000000000000000e+03 4.408477576751935523e+00 1.350737245064421999e-01 9.879599749747084922e-03 -1.981979781948241814e-01
3.853000000000000000e+03 4.401037681331973594e+00 1.347887173971761277e-01 9.873005184788796046e-03 -1.979476515112529589e-01
3.854000000000000000e+03 4.393627812066466021e+00 1.345033567048458667e-01 9.866415654207920383e-03 -1.976945392011547897e-01
3.855000000000000000e+03 4.386247845160203163e+00 1.342175992483067848e-01 9.859831295840625759e-03 -1.974396997249024954e-01
3.856000000000000000e+03 4.378882738304619160e+00 1.339306576576658192e-01 9.853252254745672317e-03 -1.971827004931827054e-01
3.857000000000000000e+03 4.371547112789251344e+00 1.336439717449229292e-01 9.846678681781961817e-03 -1.969238462765129927e-01
3.858000000000000000e+03 4.364233267527047211e+00 1.333567515246704138e-01 9.840110732187752271e-03 -1.966619506047391774e-01
3.859000000000000000e+03 4.356940905282986165e+00 1.330689485854556209e-01 9.833548564017063204e-03 -1.963980498474555969e-01
3.860000000000000000e+03 4.349654860681646085e+00 1.327805132861637760e-01 9.826992336708183576e-03 -1.961316889455183565e-01
3.861000000000000000e+03 4.342397111826186595e+00 1.324921376228567760e-01 9.820442209487596080e-03 -1.958631498245227420e-01
3.862000000000000000e+03 4.335145081598984262e+00 1.322022839206447586e-01 9.813898339854217404e-03 -1.955912228006261022e-01
3.863000000000000000e+03 4.327913362531052854e+00 1.319131275460693475e-01 9.807360882071441271e-03 -1.953169206694430893e-01
3.864000000000000000e+03 4.320686874408654177e+00 1.316223857541769515e-01 9.800829985699430549e-03 -1.950405072833678033e-01
3.865000000000000000e+03 4.313472875106954874e+00 1.313322317413621876e-01 9.794305794122120171e-03 -1.947607546380295540e-01
3.866000000000000000e+03 4.306263830728241260e+00 1.310411234927051916e-01 9.787788443176915695e-03 -1.944786569735283410e-01
3.867000000000000000e+03 4.299059711938985728e+00 1.307497464948960408e-01 9.781278059846430784e-03 -1.941937165305619717e-01
3.868000000000000000e+03 4.291868004547099602e+00 1.304580424289359109e-01 9.774774761014173516e-03 -1.939061719923826366e-01
3.869000000000000000e+03 4.284674005870871660e+00 1.301659520380161472e-01 9.768278652307629817e-03 -1.936155127577850743e-01
3.870000000000000000e+03 4.277492832061265737e+00 1.298734151603599118e-01 9.761789827083736451e-03 -1.933227073956159114e-01
3.871000000000000000e+03 4.270302570837921863e+00 1.295803707621233092e-01 9.755308365466725321e-03 -1.930264894260740050e-01
3.872000000000000000e+03 4.263118571823344638e+00 1.292867569702136066e-01 9.748834333566332166e-03 -1.927278142945184902e-01
3.873000000000000000e+03 4.255934025451218794e+00 1.289932539401790201e-01 9.742367782756453445e-03 -1.924254023324340479e-01
3.874000000000000000e+03 4.248749680902510484e+00 1.286990553838801288e-01 9.735908749139342289e-03 -1.921209385816001203e-01
3.875000000000000000e+03 4.241566421070973369e+00 1.284048399422852982e-01 9.729457253142755405e-03 -1.918123872657782336e-01
3.876000000000000000e+03 4.234377836277493756e+00 1.281097998780190705e-01 9.723013299221133082e-03 -1.915014201360068780e-01
3.877000000000000000e+03 4.227192510112761425e+00 1.278146124480050161e-01 9.716576875723321322e-03 -1.911874737936877233e-01
3.878000000000000000e+03 4.219996877196479090e+00 1.275192114308053570e-01 9.710147954922433364e-03 -1.908699782071217321e-01
3.879000000000000000e+03 4.212807219860016161e+00 1.272235299939970254e-01 9.703726493155540034e-03 -1.905498424013675474e-01
3.880000000000000000e+03 4.205610238310036664e+00 1.269267578913297889e-01 9.697312431148265993e-03 -1.902264831460102890e-01
3.881000000000000000e+03 4.198415044806184326e+00 1.266310556699903334e-01 9.690905694410275467e-03 -1.899000534961347852e-01
3.882000000000000000e+03 4.191216016432814051e+00 1.263341263522760050e-01 9.684506193853392383e-03 -1.895707000011250531e-01
3.883000000000000000e+03 4.184022501868037480e+00 1.260373866527224329e-01 9.678113826481392346e-03 -1.892378199209931722e-01
3.884000000000000000e+03 4.176829100254040306e+00 1.257400243296242504e-01 9.671728476208757419e-03 -1.889022897901456721e-01
3.885000000000000000e+03 4.169630509140551666e+00 1.254427123917367659e-01 9.665350014809538648e-03 -1.885634941430416045e-01
3.886000000000000000e+03 4.162436371477545194e+00 1.251453806246305145e-01 9.658978302989229547e-03 -1.882215540915581353e-01
3.887000000000000000e+03 4.155248979992454572e+00 1.248479584570600931e-01 9.652613191515356517e-03 -1.878765845685253233e-01
3.888000000000000000e+03 4.148063265847420134e+00 1.245503749921482994e-01 9.646254522471425438e-03 -1.875286944120350408e-01
3.889000000000000000e+03 4.140881643328161665e+00 1.242525590384746109e-01 9.639902130556215684e-03 -1.871779864549892036e-01
3.890000000000000000e+03 4.133713997269921059e+00 1.239551819760284640e-01 9.633555844495727064e-03 -1.868245576194134949e-01
3.891000000000000000e+03 4.126540528282191644e+00 1.236574292820244725e-01 9.627215488426391077e-03 -1.864677561799622241e-01
3.892000000000000000e+03 4.119386022893264609e+00 1.233599719016968271e-01 9.620880883407215492e-03 -1.861076675361834354e-01
3.893000000000000000e+03 4.112238128124718450e+00 1.230619949388410128e-01 9.614551848905070197e-03 -1.857451143177458186e-01
3.894000000000000000e+03 4.105099336276734512e+00 1.227649118614768248e-01 9.608228204293014704e-03 -1.853794279871601725e-01
3.895000000000000000e+03 4.097972114588726456e+00 1.224671646871017677e-01 9.601909770366861066e-03 -1.850106774545509647e-01
3.896000000000000000e+03 4.090851463399861387e+00 1.221701666932258346e-01 9.595596370849631893e-03 -1.846396691885839048e-01
3.897000000000000000e+03 4.083754616329658305e+00 1.218723597674475911e-01 9.589287833832839739e-03 -1.842649759881586080e-01
3.898000000000000000e+03 4.076661600642239591e+00 1.215758999528521594e-01 9.582983993203484513e-03 -1.838881369394685661e-01
3.899000000000000000e+03 4.069589508415219825e+00 1.212784862928127511e-01 9.576684690034215769e-03 -1.835077148473516773e-01
3.900000000000000000e+03 4.062540486363571013e+00 1.209822748813188381e-01 9.570389773869607611e-03 -1.831252390260571794e-01
3.901000000000000000e+03 4.055501752640414459e+00 1.206864456341368297e-01 9.564099103939030511e-03 -1.827407344386789978e-01
3.902000000000000000e+03 4.048482811824085204e+00 1.203909017681566718e-01 9.557812550316797939e-03 -1.823526799255806019e-01
3.903000000000000000e+03 4.041485648775275052e+00 1.200955417217819121e-01 9.551529994946241289e-03 -1.819632500333084879e-01
3.904000000000000000e+03 4.034512120850600958e+00 1.198002640931909862e-01 9.545251332559141072e-03 -1.815701578911020353e-01
3.905000000000000000e+03 4.027556522280265838e+00 1.195057105049529278e-01 9.538976471519846831e-03 -1.811748264951944798e-01
3.906000000000000000e+03 4.020627863060932228e+00 1.192117799635667025e-01 9.532705334466718902e-03 -1.807771889591626158e-01
3.907000000000000000e+03 4.013720150563055533e+00 1.189183717238853077e-01 9.526437858914082665e-03 -1.803764314408018987e-01
3.908000000000000000e+03 4.006827242447882576e+00 1.186246424834776214e-01 9.520173997641026911e-03 -1.799732217350678842e-01
3.909000000000000000e+03 3.999957700822740492e+00 1.183319777519029198e-01 9.513913719040293163e-03 -1.795674808527861210e-01
3.910000000000000000e+03 3.993112505902724152e+00 1.180395348697648311e-01 9.507657007184580275e-03 -1.791583831000228000e-01
3.911000000000000000e+03 3.986285055988606718e+00 1.177479572127607121e-01 9.501403861899624867e-03 -1.787473274933438494e-01
3.912000000000000000e+03 3.979483453757093336e+00 1.174564028804540305e-01 9.495154298608110902e-03 -1.783327379853909544e-01
3.913000000000000000e+03 3.972693366995676989e+00 1.171647732300367256e-01 9.488908348059949677e-03 -1.779160062114718555e-01
3.914000000000000000e+03 3.965930030760489000e+00 1.168744557398929823e-01 9.482666055910377728e-03 -1.774962917065193158e-01
3.915000000000000000e+03 3.959178825462974061e+00 1.165838670277452443e-01 9.476427482213245837e-03 -1.770742361382509344e-01
3.916000000000000000e+03 3.952447281344726449e+00 1.162943955590124839e-01 9.470192700722350476e-03 -1.766489920210984610e-01
3.917000000000000000e+03 3.945735372175761313e+00 1.160052018295330001e-01 9.463961798109869761e-03 -1.762211941066613441e-01
3.918000000000000000e+03 3.939035523361822388e+00 1.157169325683328337e-01 9.457734873078190233e-03 -1.757899880904827128e-01
3.919000000000000000e+03 3.932347477683369785e+00 1.154287494249253143e-01 9.451512035345220261e-03 -1.753567448308465948e-01
3.920000000000000000e+03 3.925670876829802314e+00 1.151413003365177462e-01 9.445293404544877203e-03 -1.749206033795995541e-01
3.921000000000000000e+03 3.919005272036901300e+00 1.148544910497386051e-01 9.439079109031309547e-03 -1.744821851957206738e-01
3.922000000000000000e+03 3.912350135378173999e+00 1.145674851470754457e-01 9.432869284645416588e-03 -1.740406228417415990e-01
3.923000000000000000e+03 3.905704871605049977e+00 1.142816754131090184e-01 9.426664073362751167e-03 -1.735965313587304049e-01
3.924000000000000000e+03 3.899061402075593374e+00 1.139962268500882281e-01 9.420463621931532763e-03 -1.731497797949924089e-01
3.925000000000000000e+03 3.892419034059649174e+00 1.137117908783812775e-01 9.414268080451161300e-03 -1.727002340742735120e-01
3.926000000000000000e+03 3.885784473552843288e+00 1.134275340212740762e-01 9.408077600945394942e-03 -1.722477570287082871e-01
3.927000000000000000e+03 3.879149553131472139e+00 1.131441092695044948e-01 9.401892335928549102e-03 -1.717936941022265573e-01
3.928000000000000000e+03 3.872513529882598338e+00 1.128614276002013195e-01 9.395712436916040314e-03 -1.713371592095262186e-01
3.929000000000000000e+03 3.865875669788680469e+00 1.125786580003420162e-01 9.389538053020386049e-03 -1.708780061117132765e-01
3.930000000000000000e+03 3.859242688553015110e+00 1.122971988298073348e-01 9.383369329552136359e-03 -1.704168284535569344e-01
3.931000000000000000e+03 3.852599050300356431e+00 1.120169636687238235e-01 9.377206406606509656e-03 -1.699534741329610243e-01
3.932000000000000000e+03 3.845958977647661481e+00 1.117363813392699967e-01 9.371049417807735676e-03 -1.694877881783459495e-01
3.933000000000000000e+03 3.839307035933583023e+00 1.114575957721753718e-01 9.364898489014615232e-03 -1.690203556290751918e-01
3.934000000000000000e+03 3.832650142015234351e+00 1.111790376771391586e-01 9.358753737163041583e-03 -1.685510159144708309e-01
3.935000000000000000e+03 3.825987860433221588e+00 1.109013672431074932e-01 9.352615269159302372e-03 -1.680796057417855427e-01
3.936000000000000000e+03 3.819312412113792021e+00 1.106237599825698470e-01 9.346483180904339300e-03 -1.676067019885046083e-01
3.937000000000000000e+03 3.812623538830858916e+00 1.103476209254886514e-01 9.340357556378506287e-03 -1.671321360941279699e-01
3.938000000000000000e+03 3.805928509958714567e+00 1.100721276272657867e-01 9.334238466871315823e-03 -1.666549941268816448e-01
3.939000000000000000e+03 3.799219843107146222e+00 1.097979443613115030e-01 9.328125970332983713e-03 -1.661765881956323021e-01
3.940000000000000000e+03 3.792505022092533373e+00 1.095235079607367740e-01 9.322020110788030098e-03 -1.656967423517504978e-01
3.941000000000000000e+03 3.785776786953486628e+00 1.092509705145813942e-01 9.315920917976259347e-03 -1.652160211766278974e-01
3.942000000000000000e+03 3.779027992887041609e+00 1.089787710329885168e-01 9.309828407033444303e-03 -1.647335013644501411e-01
3.943000000000000000e+03 3.772273896337768662e+00 1.087075781420860782e-01 9.303742578348169964e-03 -1.642497431556780019e-01
3.944000000000000000e+03 3.765515013082337159e+00 1.084373187578278330e-01 9.297663417582995374e-03 -1.637653047658171324e-01
3.945000000000000000e+03 3.758737116868488659e+00 1.081679209343426040e-01 9.291590895743650005e-03 -1.632799996545624133e-01
3.946000000000000000e+03 3.751948378625247216e+00 1.078993138764547943e-01 9.285524969478032437e-03 -1.627936394704023459e-01
3.947000000000000000e+03 3.745149649368624267e+00 1.076321707866105815e-01 9.279465581415262052e-03 -1.623060341651469118e-01
3.948000000000000000e+03 3.738341883743979466e+00 1.073656803709280988e-01 9.273412660713596656e-03 -1.618184777834807686e-01
3.949000000000000000e+03 3.731526134152593599e+00 1.071005181897930481e-01 9.267366123654358426e-03 -1.613300344119824314e-01
3.950000000000000000e+03 3.724703543869928968e+00 1.068358753274909756e-01 9.261325874433280064e-03 -1.608412524826838275e-01
3.951000000000000000e+03 3.717867880495064004e+00 1.065724290748378822e-01 9.255291805958448109e-03 -1.603519197968645560e-01
3.952000000000000000e+03 3.711027721180299999e+00 1.063101124326742697e-01 9.249263800811742195e-03 -1.598617566856119776e-01
3.953000000000000000e+03 3.704176820893634758e+00 1.060481161194334748e-01 9.243241732334046834e-03 -1.593719516295870609e-01
3.954000000000000000e+03 3.697331274386138844e+00 1.057878605850387232e-01 9.237225465682320780e-03 -1.588814638292536663e-01
3.955000000000000000e+03 3.690470078633024453e+00 1.055285390072107365e-01 9.231214859056495817e-03 -1.583899946891685062e-01
3.956000000000000000e+03 3.683616833435484850e+00 1.052700886374541844e-01 9.225209764920815764e-03 -1.578987307988990729e-01
3.957000000000000000e+03 3.676758017928941857e+00 1.050131908062918312e-01 9.219210031335052860e-03 -1.574073727401387734e-01
3.958000000000000000e+03 3.669902405467221129e+00 1.047570424228788377e-01 9.213215503267625783e-03 -1.569163637395856459e-01
3.959000000000000000e+03 3.663051338135891122e+00 1.045023273192285662e-01 9.207226023931100803e-03 -1.564246613119331664e-01
3.960000000000000000e+03 3.656206142961686556e+00 1.042482449136167139e-01 9.201241436186920544e-03 -1.559327087476608253e-01
3.961000000000000000e+03 3.649360691478788610e+00 1.039954815537486449e-01 9.195261583856362275e-03 -1.554409495897259019e-01
3.962000000000000000e+03 3.642523672865415563e+00 1.037439820141292102e-01 9.189286313111661234e-03 -1.549490849438734108e-01
3.963000000000000000e+03 3.635696297257990039e+00 1.034936923330826569e-01 9.183315473792570335e-03 -1.544568164570470081e-01
3.964000000000000000e+03 3.628872284501767798e+00 1.032445598142835430e-01 9.177348920658237250e-03 -1.539653321282214715e-01
3.965000000000000000e+03 3.622060138441622001e+00 1.029965330277660268e-01 9.171386514648783780e-03 -1.534728494362603002e-01
3.966000000000000000e+03 3.615260851698239630e+00 1.027495618104996150e-01 9.165428124061278381e-03 -1.529805581545206905e-01
3.967000000000000000e+03 3.608467896174948564e+00 1.025035972665598732e-01 9.159473625625691451e-03 -1.524889063063099015e-01
3.968000000000000000e+03 3.601689499380844595e+00 1.022593346018688398e-01 9.153522905537569282e-03 -1.519968574561531005e-01
3.969000000000000000e+03 3.594918923146304568e+00 1.020159846184140601e-01 9.147575860411252466e-03 -1.515048621715519017e-01
3.970000000000000000e+03 3.588164170055317737e+00 1.017735022183112459e-01 9.141632398056735373e-03 -1.510133724694869006e-01
3.971000000000000000e+03 3.581425692402636862e+00 1.015325864022928321e-01 9.135692438266307738e-03 -1.505213562577417952e-01
3.972000000000000000e+03 3.574703815581059096e+00 1.012931945978913506e-01 9.129755913383413857e-03 -1.500307544507719359e-01
3.973000000000000000e+03 3.567991305840861660e+00 1.010544683737275018e-01 9.123822768839121022e-03 -1.495397955545216540e-01
3.974000000000000000e+03 3.561303080905199980e+00 1.008171105091071884e-01 9.117892963502374076e-03 -1.490489384406629425e-01
3.975000000000000000e+03 3.554624209861496187e+00 1.005810079190763845e-01 9.111966469947123740e-03 -1.485586439294894756e-01
3.976000000000000000e+03 3.547961911095885323e+00 1.003461230532601972e-01 9.106043274595205378e-03 -1.480693748719124347e-01
3.977000000000000000e+03 3.541315839517181097e+00 1.001124196088846868e-01 9.100123377698032465e-03 -1.475801105551189096e-01
3.978000000000000000e+03 3.534685516665412308e+00 9.987993681045054251e-02 9.094206793222439633e-03 -1.470913181122924795e-01
3.979000000000000000e+03 3.528070333583566143e+00 9.964871512209684534e-02 9.088293548611988196e-03 -1.466034669162666615e-01
3.980000000000000000e+03 3.521469554774423028e+00 9.941864767615551934e-02 9.082383684425468853e-03 -1.461155429671464334e-01
3.981000000000000000e+03 3.514882323202289882e+00 9.918985168590067902e-02 9.076477253862567582e-03 -1.456287631194333743e-01
3.982000000000000000e+03 3.508307666291637705e+00 9.896229702300422815e-02 9.070574322150059751e-03 -1.451428609532789127e-01
3.983000000000000000e+03 3.501751931214721392e+00 9.873588049566109359e-02 9.064674965851839475e-03 -1.446575724857161738e-01
3.984000000000000000e+03 3.495206507651165140e+00 9.851064869340488139e-02 9.058779272081998735e-03 -1.441733790418512628e-01
3.985000000000000000e+03 3.488670121447868144e+00 9.828664941410965306e-02 9.052887337624259192e-03 -1.436892787812192596e-01
3.986000000000000000e+03 3.482141415596243128e+00 9.806385737421129123e-02 9.046999267916928239e-03 -1.432072437350861149e-01
3.987000000000000000e+03 3.475626388540526523e+00 9.784224848551838216e-02 9.041115176074952103e-03 -1.427255343144783473e-01
3.988000000000000000e+03 3.469123547973998356e+00 9.762172556480301633e-02 9.035235181724974446e-03 -1.422446420099660047e-01
3.989000000000000000e+03 3.462623921776530445e+00 9.740248974397403003e-02 9.029359409889848448e-03 -1.417650609032023168e-01
3.990000000000000000e+03 3.456125925993295045e+00 9.718437191095931349e-02 9.023487989746106427e-03 -1.412872876807308442e-01
3.991000000000000000e+03 3.449642804700010945e+00 9.696742696971012709e-02 9.017621053422103516e-03 -1.408103359756668616e-01
3.992000000000000000e+03 3.443165499898380943e+00 9.675163669785834253e-02 9.011758734740610288e-03 -1.403347077176348989e-01
3.993000000000000000e+03 3.436692376589853826e+00 9.653705830501183027e-02 9.005901167965478515e-03 -1.398601646363112627e-01
3.994000000000000000e+03 3.430221806018056707e+00 9.632360157318016480e-02 9.000048486538658396e-03 -1.393879567741990455e-01
3.995000000000000000e+03 3.423752177077722170e+00 9.611132598135152527e-02 8.994200821825124384e-03 -1.389171083189005840e-01
3.996000000000000000e+03 3.417289335787144555e+00 9.590021784510550928e-02 8.988358301935400405e-03 -1.384481317855971449e-01
3.997000000000000000e+03 3.410824310974538420e+00 9.569026458991855555e-02 8.982521050519444786e-03 -1.379807995198870096e-01
3.998000000000000000e+03 3.404363037935834946e+00 9.548138045702000976e-02 8.976689185648371178e-03 -1.375156293765373017e-01
3.999000000000000000e+03 3.397904083070190762e+00 9.527355505934952118e-02 8.970862818752730131e-03 -1.370523990594901265e-01
4.000000000000000000e+03 3.391438652911859641e+00 9.506692765360924557e-02 8.965042053622033352e-03 -1.365908889685302774e-01
4.001000000000000000e+03 3.384972837297973935e+00 9.486134446023294919e-02 8.959226985458753484e-03 -1.361316196703647174e-01
4.002000000000000000e+03 3.378505181267274171e+00 9.465681345059431817e-02 8.953417700054311368e-03 -1.356743501120393214e-01
4.003000000000000000e+03 3.372041698937743526e+00 9.445342095227593493e-02 8.947614273054177794e-03 -1.352188366067125225e-01
4.004000000000000000e+03 3.365566215997996657e+00 9.425110575262832247e-02 8.941816769261271003e-03 -1.347663239021716919e-01
4.005000000000000000e+03 3.359092372903332624e+00 9.404988193567044574e-02 8.936025242125783183e-03 -1.343150881946539310e-01
4.006000000000000000e+03 3.352611630166193457e+00 9.384976458458940685e-02 8.930239733298211621e-03 -1.338671226710840545e-01
4.007000000000000000e+03 3.346122984470059958e+00 9.365076976732852887e-02 8.924460272285448040e-03 -1.334207091888760244e-01
4.008000000000000000e+03 3.339640398686714473e+00 9.345284023820382702e-02 8.918686876260779536e-03 -1.329771038245270709e-01
4.009000000000000000e+03 3.333148232388268184e+00 9.325606827317667324e-02 8.912919549916116166e-03 -1.325353370648768569e-01
4.010000000000000000e+03 3.326653239861233846e+00 9.306039852009689861e-02 8.907158285533362668e-03 -1.320959280219557441e-01
4.011000000000000000e+03 3.320147426879780816e+00 9.286577654962584194e-02 8.901403063078686811e-03 -1.316593988056101172e-01
4.012000000000000000e+03 3.313645189964048221e+00 9.267229740575505526e-02 8.895653850421748540e-03 -1.312247888991100730e-01
4.013000000000000000e+03 3.307138742801356113e+00 9.247990845484056754e-02 8.889910603730177829e-03 -1.307933693828213784e-01
4.014000000000000000e+03 3.300627825224453193e+00 9.228863221885548473e-02 8.884173267886688943e-03 -1.303641859750700460e-01
4.015000000000000000e+03 3.294119697893286514e+00 9.209841779069909140e-02 8.878441777056477260e-03 -1.299370304256881326e-01
4.016000000000000000e+03 3.287599422736846133e+00 9.190936366667723512e-02 8.872716055336611271e-03 -1.295131834064991438e-01
4.017000000000000000e+03 3.281089282823733910e+00 9.172134631061246157e-02 8.866996017488807530e-03 -1.290917003935015683e-01
4.018000000000000000e+03 3.274574491225814121e+00 9.153439155266263061e-02 8.861281569732851540e-03 -1.286723830655807088e-01
4.019000000000000000e+03 3.268062609561037224e+00 9.134852600324010197e-02 8.855572610682937301e-03 -1.282565221993831328e-01
4.020000000000000000e+03 3.261553825791444705e+00 9.116377703371415786e-02 8.849869032263785185e-03 -1.278431835545994766e-01
4.021000000000000000e+03 3.255048373318167876e+00 9.098009847328793198e-02 8.844170720717409520e-03 -1.274321792747848403e-01
4.022000000000000000e+03 3.248546521363203876e+00 9.079751915610555224e-02 8.838477557668613510e-03 -1.270240679479787416e-01
4.023000000000000000e+03 3.242055993433006211e+00 9.061599433414296856e-02 8.832789421185986006e-03 -1.266186689966806722e-01
4.024000000000000000e+03 3.235569672208842285e+00 9.043555422381535647e-02 8.827106186928041984e-03 -1.262158055719677652e-01
4.025000000000000000e+03 3.229095302813964619e+00 9.025615541844957124e-02 8.821427729226172243e-03 -1.258160474460636447e-01
4.026000000000000000e+03 3.222633197651673775e+00 9.007775515101308639e-02 8.815753922232428402e-03 -1.254192253981091243e-01
4.027000000000000000e+03 3.216176226413419936e+00 8.990038555669149778e-02 8.810084641044631584e-03 -1.250251741025963370e-01
4.028000000000000000e+03 3.209739519702328625e+00 8.972407936835108400e-02 8.804419762783826514e-03 -1.246344750151616027e-01
4.029000000000000000e+03 3.203315889460942589e+00 8.954879561182088610e-02 8.798759167692500258e-03 -1.242457079306512613e-01
4.030000000000000000e+03 3.196898104947035524e+00 8.937441958462857827e-02 8.793102740147957369e-03 -1.238601308878896912e-01
4.031000000000000000e+03 3.190501169189949859e+00 8.920113425212949920e-02 8.787450369664523420e-03 -1.234774460503236526e-01
4.032000000000000000e+03 3.184125169205222594e+00 8.902875167454948890e-02 8.781801951826484487e-03 -1.230975825461646384e-01
4.033000000000000000e+03 3.177762696945016785e+00 8.885730725353911674e-02 8.776157389147356408e-03 -1.227206222164213961e-01
4.034000000000000000e+03 3.171421127650684291e+00 8.868683686014916523e-02 8.770516591892372690e-03 -1.223464282241987361e-01
4.035000000000000000e+03 3.165100328866257140e+00 8.851730252988303238e-02 8.764879478736501556e-03 -1.219750907774187348e-01
4.036000000000000000e+03 3.158800083667964831e+00 8.834874100813878972e-02 8.759245977484651086e-03 -1.216066300113265719e-01
4.037000000000000000e+03 3.152512658053458594e+00 8.818104087831475646e-02 8.753616025547158661e-03 -1.212409959995423558e-01
4.038000000000000000e+03 3.146252510979078210e+00 8.801423967439024609e-02 8.747989570419605065e-03 -1.208782173265623289e-01
4.039000000000000000e+03 3.140019150168825046e+00 8.784830100909706008e-02 8.742366570024258376e-03 -1.205182525207048050e-01
4.040000000000000000e+03 3.133804558968610099e+00 8.768318883614842352e-02 8.736746992976383505e-03 -1.201610643317067989e-01
4.041000000000000000e+03 3.127608052503586755e+00 8.751886742911693662e-02 8.731130818700819085e-03 -1.198067682862584554e-01
4.042000000000000000e+03 3.121443706439029242e+00 8.735544992736350711e-02 8.725518037504391769e-03 -1.194552612532928104e-01
4.043000000000000000e+03 3.115295788235138641e+00 8.719275261408247768e-02 8.719908650529921770e-03 -1.191066671222008738e-01
4.044000000000000000e+03 3.109170757883247482e+00 8.703081488007037569e-02 8.714302669548892183e-03 -1.187608167900580242e-01
4.045000000000000000e+03 3.103067557691527423e+00 8.686960206898942938e-02 8.708700116771104713e-03 -1.184177681125168496e-01
4.046000000000000000e+03 3.096985044690144573e+00 8.670915402390949600e-02 8.703101024452430945e-03 -1.180775830145958383e-01
4.047000000000000000e+03 3.090929423861354941e+00 8.654943649993000754e-02 8.697505434465620938e-03 -1.177401045964894255e-01
4.048000000000000000e+03 3.084891968744825963e+00 8.639041542751445257e-02 8.691913397751892950e-03 -1.174054027862834332e-01
4.049000000000000000e+03 3.078886169562866648e+00 8.623198260892590838e-02 8.686324973749232764e-03 -1.170735514367788332e-01
4.050000000000000000e+03 3.072895741797739166e+00 8.607432711592276353e-02 8.680740229672741920e-03 -1.167444054182995850e-01
4.051000000000000000e+03 3.066926605853692589e+00 8.591727010525865293e-02 8.675159239770009398e-03 -1.164179791631728411e-01
4.052000000000000000e+03 3.060977102568724906e+00 8.576079494377918111e-02 8.669582084540002065e-03 -1.160943195971158581e-01
4.053000000000000000e+03 3.055045509334835430e+00 8.560503702905604417e-02 8.664008849804774245e-03 -1.157734845104002180e-01
4.054000000000000000e+03 3.049137503759094425e+00 8.544983468246732106e-02 8.658439625865963635e-03 -1.154553867342797691e-01
4.055000000000000000e+03 3.043243887783555035e+00 8.529524911477368021e-02 8.652874506535086080e-03 -1.151402397705843933e-01
4.056000000000000000e+03 3.037370310433263221e+00 8.514126727332824163e-02 8.647313588170913237e-03 -1.148278148836304607e-01
4.057000000000000000e+03 3.031507563850077691e+00 8.498795039046740107e-02 8.641756968695754257e-03 -1.145184067113661358e-01
4.058000000000000000e+03 3.025661306127752415e+00 8.483513683107639369e-02 8.636204746597634166e-03 -1.142118675045084852e-01
4.059000000000000000e+03 3.019837213955975486e+00 8.468296205882278049e-02 8.630657019966377422e-03 -1.139082013188733034e-01
4.060000000000000000e+03 3.014018706738218700e+00 8.453141291705171256e-02 8.625113885507362105e-03 -1.136074896560227698e-01
4.061000000000000000e+03 3.008211525600766656e+00 8.438040189435670746e-02 8.619575437591961778e-03 -1.133097428208245661e-01
4.062000000000000000e+03 3.002421456907038433e+00 8.422998995730983374e-02 8.614041767336618957e-03 -1.130148998466327381e-01
4.063000000000000000e+03 2.996639483701664108e+00 8.408008939884181743e-02 8.608512961715327622e-03 -1.127230512721400513e-01
4.064000000000000000e+03 2.990871506762398546e+00 8.393076095478181620e-02 8.602989102724582435e-03 -1.124342162185529154e-01
4.065000000000000000e+03 2.985116066638092480e+00 8.378199093603150294e-02 8.597470266609055431e-03 -1.121483423190186984e-01
4.066000000000000000e+03 2.979364350113141491e+00 8.363376549489739964e-02 8.591956523135419951e-03 -1.118655285005692307e-01
4.067000000000000000e+03 2.973622481042204058e+00 8.348607060806231828e-02 8.586447934940871773e-03 -1.115857277837807582e-01
4.068000000000000000e+03 2.967889240353871028e+00 8.333889205970529401e-02 8.580944556937865689e-03 -1.113088957859594413e-01
4.069000000000000000e+03 2.962156070333757274e+00 8.319214114122108761e-02 8.575446435838586165e-03 -1.110351392269452869e-01
4.070000000000000000e+03 2.956436791502817130e+00 8.304595176862808459e-02 8.569953609712337855e-03 -1.107644187367704119e-01
4.071000000000000000e+03 2.950723035161538110e+00 8.290023476505038735e-02 8.564466107657512858e-03 -1.104967716507029574e-01
4.072000000000000000e+03 2.945021386936717001e+00 8.275497497837348837e-02 8.558983949552316159e-03 -1.102322376733721881e-01
4.073000000000000000e+03 2.939316245966068220e+00 8.261015698147999853e-02 8.553507145923585839e-03 -1.099706359788970716e-01
4.074000000000000000e+03 2.933629251774720892e+00 8.246576505619440667e-02 8.548035697830294252e-03 -1.097120851490376581e-01
4.075000000000000000e+03 2.927944999992576847e+00 8.232185746077863575e-02 8.542569596916382499e-03 -1.094564831454688802e-01
4.076000000000000000e+03 2.922263039186463462e+00 8.217841784710445963e-02 8.537108825501822998e-03 -1.092038044033733224e-01
4.077000000000000000e+03 2.916597868423506323e+00 8.203535524490600250e-02 8.531653356815971020e-03 -1.089540997940375289e-01
4.078000000000000000e+03 2.910934363947029091e+00 8.189265261324540912e-02 8.526203155241478954e-03 -1.087073480229710232e-01
4.079000000000000000e+03 2.905287202007386771e+00 8.175044110858002699e-02 8.520758176676506562e-03 -1.084633813142266978e-01
4.080000000000000000e+03 2.899641427385575732e+00 8.160862865193881099e-02 8.515318368989058945e-03 -1.082223310814574985e-01
4.081000000000000000e+03 2.894011874868730239e+00 8.146712276428602628e-02 8.509883672527494836e-03 -1.079841079156052680e-01
4.082000000000000000e+03 2.888391164876539907e+00 8.132605340203703792e-02 8.504454020696999503e-03 -1.077486244094619794e-01
4.083000000000000000e+03 2.882786838759018089e+00 8.118525295774445261e-02 8.499029340556383399e-03 -1.075159437002722040e-01
4.084000000000000000e+03 2.877184210126039421e+00 8.104485051339975488e-02 8.493609553565279607e-03 -1.072859823126642576e-01
4.085000000000000000e+03 2.871598355986425322e+00 8.090482612498300918e-02 8.488194576261322635e-03 -1.070587329869949617e-01
4.086000000000000000e+03 2.866029539014368854e+00 8.076501080811140931e-02 8.482784321081333553e-03 -1.068341160909166560e-01
4.087000000000000000e+03 2.860478056375613143e+00 8.062560650849107113e-02 8.477378697112738018e-03 -1.066121281652435832e-01
4.088000000000000000e+03 2.854936803339431339e+00 8.048644325294522506e-02 8.471977610956712632e-03 -1.063926933357687149e-01
4.089000000000000000e+03 2.849406121858063301e+00 8.034757340373081813e-02 8.466580967566176077e-03 -1.061756632917754822e-01
4.090000000000000000e+03 2.843901220792288687e+00 8.020897451110052534e-02 8.461188671039910833e-03 -1.059611143978404085e-01
4.091000000000000000e+03 2.838407597761232637e+00 8.007062358349013864e-02 8.455800625531301531e-03 -1.057489019696407073e-01
4.092000000000000000e+03 2.832940458049967525e+00 7.993249707456437370e-02 8.450416736027878059e-03 -1.055390316668924910e-01
4.093000000000000000e+03 2.827485280143164470e+00 7.979464515393221158e-02 8.445036909194991379e-03 -1.053313623331880999e-01
4.094000000000000000e+03 2.822057235166323341e+00 7.965704312768893958e-02 8.439661054131422646e-03 -1.051259773853372298e-01
4.095000000000000000e+03 2.816649181446289951e+00 7.951959142615895593e-02 8.434289083155974490e-03 -1.049226647985406213e-01
4.096000000000000000e+03 2.811261371362901329e+00 7.938233844250912330e-02 8.428920912487852107e-03 -1.047214370581096565e-01
4.097000000000000000e+03 2.805894016948975001e+00 7.924533195410736475e-02 8.423556462913161375e-03 -1.045222339899261332e-01
4.098000000000000000e+03 2.800554712745240149e+00 7.910847054416242363e-02 8.418195660420423054e-03 -1.043249227220562902e-01
4.099000000000000000e+03 2.795236145858018606e+00 7.897172644122153751e-02 8.412838436755798802e-03 -1.041295947773183961e-01
4.100000000000000000e+03 2.789938376765977335e+00 7.883521979204616281e-02 8.407484729849548644e-03 -1.039360460440432038e-01
4.101000000000000000e+03 2.784668848107570316e+00 7.869877393171462177e-02 8.402134484298247677e-03 -1.037443077962170584e-01
4.102000000000000000e+03 2.779420133826723482e+00 7.856243830273611228e-02 8.396787651693854437e-03 -1.035543084755523591e-01
4.103000000000000000e+03 2.774199613416641785e+00 7.842626265031588106e-02 8.391444190898392219e-03 -1.033660632361026038e-01
4.104000000000000000e+03 2.769007173157533863e+00 7.829014746454304730e-02 8.386104068231059819e-03 -1.031795885188661471e-01
4.105000000000000000e+03 2.763835205510192683e+00 7.815414110546768656e-02 8.380767257606063989e-03 -1.029949019900203294e-01
4.106000000000000000e+03 2.758690894316208286e+00 7.801821694403611451e-02 8.375433740590883594e-03 -1.028120224758004159e-01
4.107000000000000000e+03 2.753566502295070162e+00 7.788234763745606470e-02 8.370103506344140493e-03 -1.026308213270437503e-01
4.108000000000000000e+03 2.748476514426135164e+00 7.774650512141971503e-02 8.364776551513604733e-03 -1.024513937651678613e-01
4.109000000000000000e+03 2.743405641838077891e+00 7.761080916971729859e-02 8.359452880053554191e-03 -1.022736873900688820e-01
4.110000000000000000e+03 2.738360823282670165e+00 7.747515596971789320e-02 8.354132502991967746e-03 -1.020977249532398490e-01
4.111000000000000000e+03 2.733341515400447452e+00 7.733958953329862773e-02 8.348815438095862421e-03 -1.019233071438042509e-01
4.112000000000000000e+03 2.728347125340251811e+00 7.720407884017085887e-02 8.343501709457874088e-03 -1.017506067741935083e-01
4.113000000000000000e+03 2.723377015582965743e+00 7.706859211553226952e-02 8.338191347112276428e-03 -1.015795001441771317e-01
4.114000000000000000e+03 2.718430509266478445e+00 7.693324539176052412e-02 8.332884386455454914e-03 -1.014100869391910964e-01
4.115000000000000000e+03 2.713506895954107989e+00 7.679793108581857430e-02 8.327580867790109961e-03 -1.012421701580978745e-01
4.116000000000000000e+03 2.708605437784334935e+00 7.666261512878770612e-02 8.322280835621309603e-03 -1.010759245758229147e-01
4.117000000000000000e+03 2.703725375936684827e+00 7.652733696157244803e-02 8.316984338141252334e-03 -1.009112281021204427e-01
4.118000000000000000e+03 2.698865937345641175e+00 7.639213524768291574e-02 8.311691426488758763e-03 -1.007481073923256892e-01
4.119000000000000000e+03 2.694026341592151486e+00 7.625682501931507762e-02 8.306402154089896281e-03 -1.005865891900830089e-01
4.120000000000000000e+03 2.689205807901720480e+00 7.612159194232402670e-02 8.301116575994556615e-03 -1.004265516701268041e-01
4.121000000000000000e+03 2.684403562176683966e+00 7.598632376213658446e-02 8.295834748122571031e-03 -1.002680957661920697e-01
4.122000000000000000e+03 2.679626272340676962e+00 7.585105600248584490e-02 8.290556726594114009e-03 -1.001111736649360345e-01
4.123000000000000000e+03 2.674858341823379337e+00 7.571567482957318462e-02 8.285282566996749615e-03 -9.995573728538337255e-02
4.124000000000000000e+03 2.670113914719096204e+00 7.558036275155895212e-02 8.280012323727469967e-03 -9.980173819317428308e-02
4.125000000000000000e+03 2.665377455445840482e+00 7.544500434945550227e-02 8.274746049285635827e-03 -9.964920180005368278e-02
4.126000000000000000e+03 2.660663181697946911e+00 7.530955769379221731e-02 8.269483793703309021e-03 -9.949807871518970281e-02
4.127000000000000000e+03 2.655955643423358215e+00 7.517412862778764804e-02 8.264225603850742022e-03 -9.934839323285379886e-02
4.128000000000000000e+03 2.651269154976354070e+00 7.503859934969726864e-02 8.258971522925743006e-03 -9.920002040532940879e-02
4.129000000000000000e+03 2.646595801536584247e+00 7.490307411409646843e-02 8.253721589916950679e-03 -9.905305738695248385e-02
4.130000000000000000e+03 2.641935156852826427e+00 7.476743353146171611e-02 8.248475839122294123e-03 -9.890737766261346875e-02
4.131000000000000000e+03 2.637286858666886502e+00 7.463170598657964394e-02 8.243234299731932307e-03 -9.876292811474771116e-02
4.132000000000000000e+03 2.632650611883526892e+00 7.449591907278800551e-02 8.237996995439493889e-03 -9.861980324328213643e-02
4.133000000000000000e+03 2.628018762756410442e+00 7.436002530994076376e-02 8.232763944192094882e-03 -9.847779940469617022e-02
4.134000000000000000e+03 2.623406014169630929e+00 7.422405071329207793e-02 8.227535157894188406e-03 -9.833700902385744680e-02
4.135000000000000000e+03 2.618804856745023724e+00 7.408794622856849921e-02 8.222310642266915034e-03 -9.819730055698157323e-02
4.136000000000000000e+03 2.614215282771436222e+00 7.395181058489636028e-02 8.217090396711196690e-03 -9.805876414400600816e-02
4.137000000000000000e+03 2.609629929350277155e+00 7.381559316343580535e-02 8.211874414292363519e-03 -9.792119157916881478e-02
4.138000000000000000e+03 2.605063790964931680e+00 7.367924256729491139e-02 8.206662681789642089e-03 -9.778459625436632108e-02
4.139000000000000000e+03 2.600502219532503378e+00 7.354292947532629909e-02 8.201455179698795631e-03 -9.764899027100683304e-02
4.140000000000000000e+03 2.595952920711921408e+00 7.340645237746659668e-02 8.196251882476399131e-03 -9.751423583909846204e-02
4.141000000000000000e+03 2.591423666087915301e+00 7.326998041351323598e-02 8.191052758706240944e-03 -9.738026809715433219e-02
4.142000000000000000e+03 2.586892576414338674e+00 7.313345910902385727e-02 8.185857771403631453e-03 -9.724716936830020420e-02
4.143000000000000000e+03 2.582382401207816702e+00 7.299690751353885010e-02 8.180666878305065462e-03 -9.711479771845807352e-02
4.144000000000000000e+03 2.577878802475162434e+00 7.286026963792464894e-02 8.175480032324251509e-03 -9.698308406893418887e-02
4.145000000000000000e+03 2.573389776632540205e+00 7.272356302607625722e-02 8.170297181911615955e-03 -9.685195789402710476e-02
4.146000000000000000e+03 2.568915935810179629e+00 7.258680447623427900e-02 8.165118271577342934e-03 -9.672149577150786215e-02
4.147000000000000000e+03 2.564450502203079019e+00 7.245001004609094575e-02 8.159943242363014437e-03 -9.659147566716590194e-02
4.148000000000000000e+03 2.560001587176230053e+00 7.231312077455750997e-02 8.154772032404432672e-03 -9.646197119021783506e-02
4.149000000000000000e+03 2.555562471684193593e+00 7.217615125424980960e-02 8.149604577515892276e-03 -9.633290588116778796e-02
4.150000000000000000e+03 2.551141313322559334e+00 7.203918963722072411e-02 8.144440811749821194e-03 -9.620420176884768304e-02
4.151000000000000000e+03 2.546731458828604300e+00 7.190217322565468916e-02 8.139280667986784415e-03 -9.607578466793442740e-02
4.152000000000000000e+03 2.542341248056764424e+00 7.176503235080121390e-02 8.134124078590846893e-03 -9.594774865714517098e-02
4.153000000000000000e+03 2.537964197046329140e+00 7.162791792395700741e-02 8.128970975976090863e-03 -9.581996873401726900e-02
4.154000000000000000e+03 2.533601244345771164e+00 7.149068302318437040e-02 8.123821293180472775e-03 -9.569246691776496505e-02
4.155000000000000000e+03 2.529253316449276312e+00 7.135347716793349893e-02 8.118674964540058270e-03 -9.556526367396742105e-02
4.156000000000000000e+03 2.524928750154292523e+00 7.121615205800768678e-02 8.113531926162920876e-03 -9.543822933855214408e-02
4.157000000000000000e+03 2.520613573447653799e+00 7.107870728159045026e-02 8.108392116528280805e-03 -9.531138124216094465e-02
4.158000000000000000e+03 2.516323498581312990e+00 7.094121603903807971e-02 8.103255476971530161e-03 -9.518480941578855159e-02
4.159000000000000000e+03 2.512051918633904979e+00 7.080367658331204739e-02 8.098121952169209589e-03 -9.505830516125356178e-02
4.160000000000000000e+03 2.507799616363321160e+00 7.066601222761986767e-02 8.092991490574484581e-03 -9.493195530574630170e-02
4.161000000000000000e+03 2.503559903439496193e+00 7.052821992022227648e-02 8.087864044825964285e-03 -9.480569648564102225e-02
4.162000000000000000e+03 2.499348330299500098e+00 7.039029596898242758e-02 8.082739572040326809e-03 -9.467946369657213868e-02
4.163000000000000000e+03 2.495150684703468347e+00 7.025231033301539141e-02 8.077618034142166475e-03 -9.455326455815522835e-02
4.164000000000000000e+03 2.490974987774556393e+00 7.011425806404948669e-02 8.072499398101229406e-03 -9.442710500962447906e-02
4.165000000000000000e+03 2.486821778788117943e+00 6.997605931501112153e-02 8.067383636072435193e-03 -9.430098928704763739e-02
4.166000000000000000e+03 2.482684113978296025e+00 6.983778219920805386e-02 8.062270725562493620e-03 -9.417484561485811589e-02
4.167000000000000000e+03 2.478569851019750914e+00 6.969934566526739261e-02 8.057160649442948047e-03 -9.404867474582451203e-02
4.168000000000000000e+03 2.474479364034235740e+00 6.956089092366740667e-02 8.052053396010507361e-03 -9.392240136508457626e-02
4.169000000000000000e+03 2.470405544268897025e+00 6.942233575506433219e-02 8.046948958833852542e-03 -9.379602262610466090e-02
4.170000000000000000e+03 2.466348658085094847e+00 6.928374593714549390e-02 8.041847336717740033e-03 -9.366960811776436913e-02
4.171000000000000000e+03 2.462308920488366137e+00 6.914503812022851359e-02 8.036748533509208842e-03 -9.354307697928725129e-02
4.172000000000000000e+03 2.458293925927282686e+00 6.900620268755883191e-02 8.031652557836187201e-03 -9.341642071440023343e-02
4.173000000000000000e+03 2.454296366229377302e+00 6.886730376519439867e-02 8.026559422865045881e-03 -9.328962887026913398e-02
4.174000000000000000e+03 2.450316319141839561e+00 6.872833066511829792e-02 8.021469145937258627e-03 -9.316261471503677061e-02
4.175000000000000000e+03 2.446353823933847149e+00 6.858919789544838663e-02 8.016381748229790133e-03 -9.303543804846166332e-02
4.176000000000000000e+03 2.442408885766276239e+00 6.845004230486043117e-02 8.011297254328130293e-03 -9.290808231076497226e-02
4.177000000000000000e+03 2.438481480429501858e+00 6.831070310865150486e-02 8.006215691744323834e-03 -9.278045454149004556e-02
4.178000000000000000e+03 2.434564131045521052e+00 6.817131616742370948e-02 8.001137090478406197e-03 -9.265268247218151620e-02
4.179000000000000000e+03 2.430671626779593364e+00 6.803179401339715104e-02 7.996061482521845884e-03 -9.252459450060067370e-02
4.180000000000000000e+03 2.426789029898305472e+00 6.789219727895839940e-02 7.990988901293030744e-03 -9.239631391781089054e-02
4.181000000000000000e+03 2.422916251519376285e+00 6.775251185724434633e-02 7.985919381118904842e-03 -9.226781316697940660e-02
4.182000000000000000e+03 2.419060628985578276e+00 6.761279748039962512e-02 7.980852956706233417e-03 -9.213898808757477188e-02
4.183000000000000000e+03 2.415222074901619109e+00 6.747296488046114482e-02 7.975789662579075429e-03 -9.200995501145242672e-02
4.184000000000000000e+03 2.411385654471253304e+00 6.733299865135647377e-02 7.970729532551359964e-03 -9.188060502547547304e-02
4.185000000000000000e+03 2.407566161174066188e+00 6.719303154404362988e-02 7.965672599188759403e-03 -9.175097535455928321e-02
4.186000000000000000e+03 2.403756123715540483e+00 6.705304734423886415e-02 7.960618893286464798e-03 -9.162110076228560662e-02
4.187000000000000000e+03 2.399962952947715333e+00 6.691295516772116647e-02 7.955568443422544878e-03 -9.149079067064055937e-02
4.188000000000000000e+03 2.396171804998426413e+00 6.677281232284776324e-02 7.950521275428610798e-03 -9.136022340070763803e-02
4.189000000000000000e+03 2.392390155910336880e+00 6.663260147200851524e-02 7.945477412041421217e-03 -9.122927759706667139e-02
4.190000000000000000e+03 2.388618092385499381e+00 6.649237921081335712e-02 7.940436872456269057e-03 -9.109797790764684322e-02
4.191000000000000000e+03 2.384855743842908549e+00 6.635205322981592435e-02 7.935399671964880539e-03 -9.096627211550006864e-02
4.192000000000000000e+03 2.381095857296375851e+00 6.621175374424373428e-02 7.930365821721612613e-03 -9.083425397513338051e-02
4.193000000000000000e+03 2.377346085118858809e+00 6.607146208892429595e-02 7.925335328424286396e-03 -9.070179178443005252e-02
4.194000000000000000e+03 2.373606702159626547e+00 6.593123358116657895e-02 7.920308194169823485e-03 -9.056897407890569796e-02
4.195000000000000000e+03 2.369870607342271285e+00 6.579097468282921191e-02 7.915284416225770725e-03 -9.043573821120566569e-02
4.196000000000000000e+03 2.366138181374764393e+00 6.565081443026897501e-02 7.910263987052315593e-03 -9.030209320276300078e-02
4.197000000000000000e+03 2.362417287157890122e+00 6.551065874603877182e-02 7.905246894157910362e-03 -9.016804546505929885e-02
4.198000000000000000e+03 2.358700984535982759e+00 6.537063615245539139e-02 7.900233120205435444e-03 -9.003367309211780800e-02
4.199000000000000000e+03 2.354989814542364002e+00 6.523065208329806297e-02 7.895222643070203342e-03 -8.989882873907667493e-02
4.200000000000000000e+03 2.351284369644204286e+00 6.509076031405285068e-02 7.890215435947941711e-03 -8.976351105631449889e-02
4.201000000000000000e+03 2.347577885503986828e+00 6.495101216370870179e-02 7.885211467604305580e-03 -8.962786167083937328e-02
4.202000000000000000e+03 2.343886018131326132e+00 6.481137549244088414e-02 7.880210702552094965e-03 -8.949178467616439314e-02
4.203000000000000000e+03 2.340202204370985584e+00 6.467174144592446883e-02 7.875213101441428873e-03 -8.935517862637522291e-02
4.204000000000000000e+03 2.336519921238853215e+00 6.453229812959306033e-02 7.870218621312943807e-03 -8.921808817234481992e-02
4.205000000000000000e+03 2.332847538536732657e+00 6.439286206982447469e-02 7.865227216059745424e-03 -8.908048124447529026e-02
4.206000000000000000e+03 2.329186029283889514e+00 6.425354677830938388e-02 7.860238836776882454e-03 -8.894239765586962887e-02
4.207000000000000000e+03 2.325528964812861421e+00 6.411431706370034067e-02 7.855253432326901250e-03 -8.880372629043077615e-02
4.208000000000000000e+03 2.321877366230258755e+00 6.397521189494563554e-02 7.850270949751313523e-03 -8.866450227759833935e-02
4.209000000000000000e+03 2.318239698895701917e+00 6.383619584698481397e-02 7.845291334812938555e-03 -8.852468418461445498e-02
4.210000000000000000e+03 2.314602153275133745e+00 6.369723339692548447e-02 7.840314532558336977e-03 -8.838422834424186636e-02
4.211000000000000000e+03 2.310980637482382249e+00 6.355843750375571310e-02 7.835340487820851088e-03 -8.824316318388114588e-02
4.212000000000000000e+03 2.307376201164540674e+00 6.341977248691771374e-02 7.830369145824687613e-03 -8.810144070513566128e-02
4.213000000000000000e+03 2.303775029448151379e+00 6.328112832243779073e-02 7.825400452692336459e-03 -8.795901081439494451e-02
4.214000000000000000e+03 2.300185578659891483e+00 6.314269207292511066e-02 7.820434356048421021e-03 -8.781596993741259960e-02
4.215000000000000000e+03 2.296608856981548819e+00 6.300427934855407086e-02 7.815470805527380618e-03 -8.767226393267320284e-02
4.216000000000000000e+03 2.293038418654524069e+00 6.286607715448133682e-02 7.810509753323281561e-03 -8.752783670550991213e-02
4.217000000000000000e+03 2.289490071795836634e+00 6.272797535169870320e-02 7.805551154661880507e-03 -8.738270453805785376e-02
4.218000000000000000e+03 2.285949874630346379e+00 6.258993808679856607e-02 7.800594968295404032e-03 -8.723688185129692407e-02
4.219000000000000000e+03 2.282418700602250716e+00 6.245207808766945617e-02 7.795641156946473901e-03 -8.709038124927472035e-02
4.220000000000000000e+03 2.278904805413676904e+00 6.231435954163302288e-02 7.790689687670265297e-03 -8.694313927841403056e-02
4.221000000000000000e+03 2.275408966141849731e+00 6.217667239093983139e-02 7.785740532241239124e-03 -8.679509075205275870e-02
4.222000000000000000e+03 2.271917049179955406e+00 6.203920376221570138e-02 7.780793667457622416e-03 -8.664631735659174272e-02
4.223000000000000000e+03 2.268444577144180130e+00 6.190184371025675425e-02 7.775849075406915563e-03 -8.649682483794031429e-02
4.224000000000000000e+03 2.264984727776424123e+00 6.176455664729221806e-02 7.770906743640178249e-03 -8.634646875264744004e-02
4.225000000000000000e+03 2.261538045278710829e+00 6.162738135460065630e-02 7.765966665308987604e-03 -8.619532591763272300e-02
4.226000000000000000e+03 2.258105010498679732e+00 6.149035671043991819e-02 7.761028839308738506e-03 -8.604347158942068918e-02
4.227000000000000000e+03 2.254686040085021492e+00 6.135352170148022921e-02 7.756093270241981932e-03 -8.589083092407462372e-02
4.228000000000000000e+03 2.251281486273807086e+00 6.121676686701021941e-02 7.751159968410061864e-03 -8.573740185219810850e-02
4.229000000000000000e+03 2.247891637309864965e+00 6.108020572755978872e-02 7.746228949712156107e-03 -8.558325510061942643e-02
4.230000000000000000e+03 2.244509290151076808e+00 6.094380337837745215e-02 7.741300235466487892e-03 -8.542845992792906518e-02
4.231000000000000000e+03 2.241142037198122328e+00 6.080752506720883688e-02 7.736373852242269325e-03 -8.527293557408581470e-02
4.232000000000000000e+03 2.237789983531861537e+00 6.067155905554651174e-02 7.731449831517708468e-03 -8.511667412480160289e-02
4.233000000000000000e+03 2.234445749788768421e+00 6.053572236107618992e-02 7.726528209404076412e-03 -8.495981480679057340e-02
4.234000000000000000e+03 2.231116760646899344e+00 6.040005503610077625e-02 7.721609026224668208e-03 -8.480227257960630538e-02
4.235000000000000000e+03 2.227795535385985293e+00 6.026467161068314177e-02 7.716692326132850582e-03 -8.464410956051858503e-02
4.236000000000000000e+03 2.224489405735948999e+00 6.012938968523377781e-02 7.711778156571277507e-03 -8.448523789606079970e-02
4.237000000000000000e+03 2.221190807365213349e+00 5.999439849183381412e-02 7.706866567820118766e-03 -8.432579118343692948e-02
4.238000000000000000e+03 2.217892141863366362e+00 5.985959035243869353e-02 7.701957612400461665e-03 -8.416575305557881526e-02
4.239000000000000000e+03 2.214615495762629838e+00 5.972500638936659167e-02 7.697051344540344932e-03 -8.400503146615474759e-02
4.240000000000000000e+03 2.211338362937688817e+00 5.959061368413082899e-02 7.692147819549208752e-03 -8.384375582427967821e-02
4.241000000000000000e+03 2.208067934231149998e+00 5.945652813710505108e-02 7.687247093184486520e-03 -8.368190557708456156e-02
4.242000000000000000e+03 2.204803961982797045e+00 5.932256877538038403e-02 7.682349221102323725e-03 -8.351960734391668251e-02
4.243000000000000000e+03 2.201546194752990182e+00 5.918900059664244234e-02 7.677454258132727222e-03 -8.335676349882108205e-02
4.244000000000000000e+03 2.198294383721812295e+00 5.905556889212787430e-02 7.672562257724584688e-03 -8.319349787225262249e-02
4.245000000000000000e+03 2.195048289047443202e+00 5.892246494057225281e-02 7.667673271285629227e-03 -8.302978433494255517e-02
4.246000000000000000e+03 2.191800257766466142e+00 5.878965746481568111e-02 7.662787347624389241e-03 -8.286574393437391717e-02
4.247000000000000000e+03 2.188557514921277480e+00 5.865718977383115040e-02 7.657904532323613241e-03 -8.270134776472083671e-02
4.248000000000000000e+03 2.185319884347585617e+00 5.852495691993381960e-02 7.653024867255080708e-03 -8.253656553953515884e-02
4.249000000000000000e+03 2.182079794211265966e+00 5.839300284042816397e-02 7.648148389999768169e-03 -8.237143988283021634e-02
4.250000000000000000e+03 2.178844567235418861e+00 5.826144608141599346e-02 7.643275133442909222e-03 -8.220608633911680174e-02
4.251000000000000000e+03 2.175614138380029594e+00 5.813010737715964410e-02 7.638405125296611649e-03 -8.204046365983819200e-02
4.252000000000000000e+03 2.172373624695839833e+00 5.799910089399972629e-02 7.633538387751487644e-03 -8.187450175914495754e-02
4.253000000000000000e+03 2.169137905282915835e+00 5.786846585064647080e-02 7.628674937186600245e-03 -8.170827092575118356e-02
4.254000000000000000e+03 2.165907056429125177e+00 5.773809325170272538e-02 7.623814783823587224e-03 -8.154169158578768173e-02
4.255000000000000000e+03 2.162666354224333176e+00 5.760802302793890245e-02 7.618957931649414719e-03 -8.137483146168913994e-02
4.256000000000000000e+03 2.159430846646982260e+00 5.747836975911071317e-02 7.614104378167591870e-03 -8.120760846632366081e-02
4.257000000000000000e+03 2.156193356443909526e+00 5.734902554584409007e-02 7.609254114442107024e-03 -8.104023643582576597e-02
4.258000000000000000e+03 2.152954195190246001e+00 5.721995714955729895e-02 7.604407125009229190e-03 -8.087248232992419461e-02
4.259000000000000000e+03 2.149713734913993868e+00 5.709135456501111122e-02 7.599563388039663053e-03 -8.070455767297333993e-02
4.260000000000000000e+03 2.146479835732464370e+00 5.696303675781856646e-02 7.594722875400490743e-03 -8.053630147796075889e-02
4.261000000000000000e+03 2.143238131050477779e+00 5.683512022118587109e-02 7.589885552922978444e-03 -8.036777456073029846e-02
4.262000000000000000e+03 2.140004023934503952e+00 5.670757328000680664e-02 7.585051380667235353e-03 -8.019896245552567138e-02
4.263000000000000000e+03 2.136763257571594021e+00 5.658043894629693343e-02 7.580220313254526845e-03 -8.002992403503236818e-02
4.264000000000000000e+03 2.133523910344511165e+00 5.645361207342219911e-02 7.575392300296508383e-03 -7.986049443246519275e-02
4.265000000000000000e+03 2.130286678445934445e+00 5.632713649473226891e-02 7.570567286817648026e-03 -7.969087936876359524e-02
4.266000000000000000e+03 2.127059728022363760e+00 5.620105646091180795e-02 7.565745213837901835e-03 -7.952083809605726972e-02
4.267000000000000000e+03 2.123821548336810583e+00 5.607541664432926648e-02 7.560926018858397414e-03 -7.935050058071492496e-02
4.268000000000000000e+03 2.120595229703508444e+00 5.595003929255067815e-02 7.556109636554778596e-03 -7.917984758559060143e-02
4.269000000000000000e+03 2.117374173989315267e+00 5.582511850038460177e-02 7.551295999356442620e-03 -7.900885930581660888e-02
4.270000000000000000e+03 2.114151801648000983e+00 5.570055166212488362e-02 7.546485038167937906e-03 -7.883758972273131882e-02
4.271000000000000000e+03 2.110936401745747482e+00 5.557638517623882113e-02 7.541676683049567190e-03 -7.866601810859216726e-02
4.272000000000000000e+03 2.107721411642182741e+00 5.545266588185022300e-02 7.536870863973253384e-03 -7.849419766635100382e-02
4.273000000000000000e+03 2.104515123299176338e+00 5.532929249512451297e-02 7.532067511529003979e-03 -7.832203275232897666e-02
4.274000000000000000e+03 2.101318391034232125e+00 5.520631274650416448e-02 7.527266557664112276e-03 -7.814957608383765741e-02
4.275000000000000000e+03 2.098132052643915557e+00 5.508370053327389659e-02 7.522467936436980605e-03 -7.797688024551385766e-02
4.276000000000000000e+03 2.094949493868447643e+00 5.496157877302664668e-02 7.517671584722151849e-03 -7.780392347852875534e-02
4.277000000000000000e+03 2.091778926372779956e+00 5.483977370545183028e-02 7.512877442927055546e-03 -7.763068403605032086e-02
4.278000000000000000e+03 2.088613667463707468e+00 5.471840916304259589e-02 7.508085455654657514e-03 -7.745714025371161493e-02
4.279000000000000000e+03 2.085454418517864728e+00 5.459738658908738773e-02 7.503295572369737647e-03 -7.728341918552275591e-02
4.280000000000000000e+03 2.082316687037249370e+00 5.447683074110572232e-02 7.498507747983693822e-03 -7.710935096965131075e-02
4.281000000000000000e+03 2.079178782297828931e+00 5.435664399207387754e-02 7.493721943426063896e-03 -7.693506316092847686e-02
4.282000000000000000e+03 2.076056093409653691e+00 5.423680346655321977e-02 7.488938126150757914e-03 -7.676060937500653325e-02
4.283000000000000000e+03 2.072949085939221003e+00 5.411743532620133523e-02 7.484156270541912279e-03 -7.658589506365570676e-02
4.284000000000000000e+03 2.069850725904114785e+00 5.399851763751438438e-02 7.479376358380637919e-03 -7.641097470421701066e-02
4.285000000000000000e+03 2.066761332737240942e+00 5.387995465707364623e-02 7.474598379088009947e-03 -7.623590328459538268e-02
4.286000000000000000e+03 2.063688576212330261e+00 5.376179968357714528e-02 7.469822329981438969e-03 -7.606073635141245848e-02
4.287000000000000000e+03 2.060625189017540659e+00 5.364403220867330208e-02 7.465048216472939570e-03 -7.588553005436556032e-02
4.288000000000000000e+03 2.057578678509436543e+00 5.352678076870517193e-02 7.460276052138804619e-03 -7.571019261943574830e-02
4.289000000000000000e+03 2.054541612416382446e+00 5.340987724475104725e-02 7.455505858730723974e-03 -7.553478151904609306e-02
4.290000000000000000e+03 2.051513903760774138e+00 5.329345113152873098e-02 7.450737666106336567e-03 -7.535942922030171298e-02
4.291000000000000000e+03 2.048502811505962029e+00 5.317740955359864796e-02 7.445971512073827799e-03 -7.518397179511539241e-02
4.292000000000000000e+03 2.045508085277980559e+00 5.306180868336467932e-02 7.441207442214260032e-03 -7.500861749502572839e-02
4.293000000000000000e+03 2.042514539206356616e+00 5.294655660749912618e-02 7.436445509484725970e-03 -7.483327821866696261e-02
4.294000000000000000e+03 2.039536624969824352e+00 5.283178474455243329e-02 7.431685773913533459e-03 -7.465794094428720995e-02
4.295000000000000000e+03 2.036573865370669090e+00 5.271747642746005269e-02 7.426928302091397212e-03 -7.448274202406526823e-02
4.296000000000000000e+03 2.033610858711309533e+00 5.260354118676593971e-02 7.422173166700197708e-03 -7.430767005720985419e-02
4.297000000000000000e+03 2.030661853937232308e+00 5.248996331728138925e-02 7.417420445837924828e-03 -7.413271446022924593e-02
4.298000000000000000e+03 2.027726186197047031e+00 5.237687616082820075e-02 7.412670222493036691e-03 -7.395793975038122969e-02
4.299000000000000000e+03 2.024795711424875133e+00 5.226419068801331502e-02 7.407922583693127630e-03 -7.378341125888654428e-02
4.300000000000000000e+03 2.021869669787154322e+00 5.215196691455564054e-02 7.403177619873055164e-03 -7.360919512467897774e-02
4.301000000000000000e+03 2.018954674846903607e+00 5.204011745758561208e-02 7.398435424014929152e-03 -7.343520539414774562e-02
4.302000000000000000e+03 2.016042381995146737e+00 5.192870674272582338e-02 7.393696090847249811e-03 -7.326156245426315716e-02
4.303000000000000000e+03 2.013131835504019307e+00 5.181772607720701307e-02 7.388959715999282064e-03 -7.308823457544090518e-02
4.304000000000000000e+03 2.010229494701520903e+00 5.170716723987079516e-02 7.384226395100010679e-03 -7.291519078856208147e-02
4.305000000000000000e+03 2.007334385575006319e+00 5.159702247890596283e-02 7.379496222943098156e-03 -7.274247515288033428e-02
4.306000000000000000e+03 2.004430680809044851e+00 5.148728450943900609e-02 7.374769292548963989e-03 -7.257005817258758984e-02
4.307000000000000000e+03 2.001532278278473242e+00 5.137802079423691576e-02 7.370045694387612062e-03 -7.239798534722799439e-02
4.308000000000000000e+03 1.998638239260177585e+00 5.126922497388905486e-02 7.365325515391487991e-03 -7.222622858797683731e-02
4.309000000000000000e+03 1.995740224937490703e+00 5.116081686350300306e-02 7.360608838240097380e-03 -7.205483476853472014e-02
4.310000000000000000e+03 1.992837361015447728e+00 5.105286529985914035e-02 7.355895740484049393e-03 -7.188377714276583674e-02
4.311000000000000000e+03 1.989936245317744712e+00 5.094529100366188695e-02 7.351186293861584377e-03 -7.171302961421499589e-02
4.312000000000000000e+03 1.987036098289491903e+00 5.083823799322808451e-02 7.346480563502354004e-03 -7.154271529058871260e-02
4.313000000000000000e+03 1.984128769734413433e+00 5.073162787926070033e-02 7.341778607352469725e-03 -7.137280933930904847e-02
4.314000000000000000e+03 1.981213601718154083e+00 5.062545699451140996e-02 7.337080475556207425e-03 -7.120328754637554602e-02
4.315000000000000000e+03 1.978297434172741509e+00 5.051972210570800093e-02 7.332386209909572995e-03 -7.103420059422142774e-02
4.316000000000000000e+03 1.975379753144122175e+00 5.041449469220524171e-02 7.327695843449911865e-03 -7.086559977560956403e-02
4.317000000000000000e+03 1.972452695031370995e+00 5.030962380697639319e-02 7.323009400055710896e-03 -7.069738842699532788e-02
4.318000000000000000e+03 1.969523335122239649e+00 5.020533033935001277e-02 7.318326894207939463e-03 -7.052969334992849337e-02
4.319000000000000000e+03 1.966591405234222600e+00 5.010138989108456342e-02 7.313648330750804200e-03 -7.036241911729591847e-02
4.320000000000000000e+03 1.963649295581477494e+00 4.999794988923991768e-02 7.308973704819175105e-03 -7.019561950182713617e-02
4.321000000000000000e+03 1.960704340845162763e+00 4.989493531237319118e-02 7.304303001794461118e-03 -7.002927464033546767e-02
4.322000000000000000e+03 1.957756535278746490e+00 4.979242010204653485e-02 7.299636197407468816e-03 -6.986343961932983682e-02
4.323000000000000000e+03 1.954798531994128341e+00 4.969033002267683047e-02 7.294973257903626142e-03 -6.969802164684769930e-02
4.324000000000000000e+03 1.951845354779361719e+00 4.958873978927252901e-02 7.290314140287454392e-03 -6.953315149630612257e-02
4.325000000000000000e+03 1.948882397205006889e+00 4.948757592695599700e-02 7.285658792708964854e-03 -6.936866355194733214e-02
4.326000000000000000e+03 1.945909989442299537e+00 4.938683961495373559e-02 7.281007154859386529e-03 -6.920476439395482904e-02
4.327000000000000000e+03 1.942943394165628668e+00 4.928660667986223265e-02 7.276359158555834733e-03 -6.904129000061817734e-02
4.328000000000000000e+03 1.939968231573024005e+00 4.918673045492393675e-02 7.271714728279209811e-03 -6.887837434032204054e-02
4.329000000000000000e+03 1.936999900572606848e+00 4.908736175760455844e-02 7.267073781926064457e-03 -6.871592943052060032e-02
4.330000000000000000e+03 1.934024145676937589e+00 4.898850318172275065e-02 7.262436231463765407e-03 -6.855401680166431366e-02
4.331000000000000000e+03 1.931049048519416056e+00 4.889000909037222870e-02 7.257801983803465265e-03 -6.839262469553761270e-02
4.332000000000000000e+03 1.928075306949822210e+00 4.879195702638196297e-02 7.253170941655047964e-03 -6.823181668343043793e-02
4.333000000000000000e+03 1.925111083731763761e+00 4.869435057119970295e-02 7.248543004439301878e-03 -6.807150886848652160e-02
4.334000000000000000e+03 1.922142284713908245e+00 4.859719362130850845e-02 7.243918069189358468e-03 -6.791169279063596909e-02
4.335000000000000000e+03 1.919177120157361971e+00 4.850041609750826294e-02 7.239296031595627255e-03 -6.775250976559475669e-02
4.336000000000000000e+03 1.916223810647487813e+00 4.840409678831773116e-02 7.234676786961312736e-03 -6.759380523988257894e-02
4.337000000000000000e+03 1.913268292828067985e+00 4.830824049229121703e-02 7.230060231235998190e-03 -6.743564883169912705e-02
4.338000000000000000e+03 1.910326208548360771e+00 4.821277801093113574e-02 7.225446261984467926e-03 -6.727811153647969555e-02
4.339000000000000000e+03 1.907390897106707728e+00 4.811771470851997773e-02 7.220834779456106189e-03 -6.712104293174245284e-02
4.340000000000000000e+03 1.904463099436668250e+00 4.802305622157752862e-02 7.216225687537985468e-03 -6.696459121582341856e-02
4.341000000000000000e+03 1.901543520721892477e+00 4.792880845187637295e-02 7.211618894668213146e-03 -6.680860899254284502e-02
4.342000000000000000e+03 1.898640249979680839e+00 4.783497755937177881e-02 7.207014314843649717e-03 -6.665324758983032227e-02
4.343000000000000000e+03 1.895739038248341890e+00 4.774149567182121162e-02 7.202411868447940006e-03 -6.649836283982188401e-02
4.344000000000000000e+03 1.892855289066068813e+00 4.764844372841899739e-02 7.197811483079273771e-03 -6.634403510873701504e-02
4.345000000000000000e+03 1.889989480914972875e+00 4.755575433899952159e-02 7.193213094294966317e-03 -6.619027220471818129e-02
4.346000000000000000e+03 1.887134588711719241e+00 4.746343462777296435e-02 7.188616646334718488e-03 -6.603700941639462085e-02
4.347000000000000000e+03 1.884290934312697674e+00 4.737149194318223538e-02 7.184022092709236966e-03 -6.588440668109553366e-02
4.348000000000000000e+03 1.881466181048226716e+00 4.727993385129723031e-02 7.179429396730953837e-03 -6.573232863054449815e-02
4.349000000000000000e+03 1.878653043992349003e+00 4.718869384579287701e-02 7.174838531960198336e-03 -6.558079031733461683e-02
4.350000000000000000e+03 1.875858999522972637e+00 4.709785419196439032e-02 7.170249482572540155e-03 -6.542995723556892240e-02
4.351000000000000000e+03 1.873083981862716296e+00 4.700735018384510217e-02 7.165662243535690472e-03 -6.527962624325976682e-02
4.352000000000000000e+03 1.870320334691746966e+00 4.691712289712881429e-02 7.161076820832269936e-03 -6.513004536504837794e-02
4.353000000000000000e+03 1.867575141437218811e+00 4.682733784114447018e-02 7.156493231448142651e-03 -6.498101972159629758e-02
4.354000000000000000e+03 1.864840527175769758e+00 4.673786357065948943e-02 7.151911503344150593e-03 -6.483257918970687650e-02
4.355000000000000000e+03 1.862130801208049524e+00 4.664871738076158125e-02 7.147331675256203207e-03 -6.468482982974735340e-02
4.356000000000000000e+03 1.859430460397782925e+00 4.655999101721351036e-02 7.142753796454376358e-03 -6.453773102408447149e-02
4.357000000000000000e+03 1.856746190371070249e+00 4.647155353638843939e-02 7.138177926344181808e-03 -6.439124402778069467e-02
4.358000000000000000e+03 1.854069727450266658e+00 4.638342271671562489e-02 7.133604134004779482e-03 -6.424540623053087707e-02
4.359000000000000000e+03 1.851415005000507596e+00 4.629569076915174969e-02 7.129032497616032138e-03 -6.410025684659113876e-02
4.360000000000000000e+03 1.848766160445347584e+00 4.620830148064677956e-02 7.124463103804063585e-03 -6.395576259979389444e-02
4.361000000000000000e+03 1.846136968363435660e+00 4.612127305865944965e-02 7.119896046864860641e-03 -6.381204053789760189e-02
4.362000000000000000e+03 1.843511420754420538e+00 4.603462384157974013e-02 7.115331427986437002e-03 -6.366891229123743112e-02
4.363000000000000000e+03 1.840895733270961232e+00 4.594822372571523428e-02 7.110769354314127808e-03 -6.352649829619713695e-02
4.364000000000000000e+03 1.838296068591145582e+00 4.586223986021580740e-02 7.106209938009036380e-03 -6.338484632962457233e-02
4.365000000000000000e+03 1.835696260360005105e+00 4.577661665650499534e-02 7.101653295169476840e-03 -6.324385717382267902e-02
4.366000000000000000e+03 1.833109821121189587e+00 4.569129863251376877e-02 7.097099544885358130e-03 -6.310365597992302622e-02
4.367000000000000000e+03 1.830527953746619252e+00 4.560630469007208310e-02 7.092548808038961865e-03 -6.296422079352313739e-02
4.368000000000000000e+03 1.827949275031045540e+00 4.552165382510658942e-02 7.088001206196465308e-03 -6.282553106302163348e-02
4.369000000000000000e+03 1.825372397752939913e+00 4.543729083778577649e-02 7.083456860473390584e-03 -6.268749329593474584e-02
4.370000000000000000e+03 1.822803369557579378e+00 4.535330917657229982e-02 7.078915890405892974e-03 -6.255031241522866770e-02
4.371000000000000000e+03 1.820233398462946184e+00 4.526965379775780424e-02 7.074378412745900915e-03 -6.241382314607128723e-02
4.372000000000000000e+03 1.817661148392029302e+00 4.518634400929207040e-02 7.069844540399844272e-03 -6.227815850560128319e-02
4.373000000000000000e+03 1.815085321130460949e+00 4.510332489712851056e-02 7.065314381266033124e-03 -6.214322975717026520e-02
4.374000000000000000e+03 1.812512094713372601e+00 4.502061588537480813e-02 7.060788037210372937e-03 -6.200909776762413006e-02
4.375000000000000000e+03 1.809932848044777609e+00 4.493823644589317601e-02 7.056265603021756594e-03 -6.187575009787208563e-02
4.376000000000000000e+03 1.807353883509446257e+00 4.485620609125189062e-02 7.051747165472781013e-03 -6.174317522958063659e-02
4.377000000000000000e+03 1.804766722234661946e+00 4.477439580061215452e-02 7.047232802391729944e-03 -6.161143679408476875e-02
4.378000000000000000e+03 1.802177825522416121e+00 4.469297371348245063e-02 7.042722581850257603e-03 -6.148045067010697584e-02
4.379000000000000000e+03 1.799586317118962331e+00 4.461188513782252812e-02 7.038216561451481577e-03 -6.135035635275616628e-02
4.380000000000000000e+03 1.796983989752582334e+00 4.453100110964225422e-02 7.033714787622820201e-03 -6.122099692382938774e-02
4.381000000000000000e+03 1.794377595874088849e+00 4.445048980287667068e-02 7.029217295135972883e-03 -6.109251327881903143e-02
4.382000000000000000e+03 1.791759139039873272e+00 4.437022225377171281e-02 7.024724106593372569e-03 -6.096482410523993561e-02
4.383000000000000000e+03 1.789143019492009490e+00 4.429029233760407164e-02 7.020235232133686942e-03 -6.083792298406800331e-02
4.384000000000000000e+03 1.786514038540008009e+00 4.421064534338173951e-02 7.015750669155448351e-03 -6.071180407817319824e-02
4.385000000000000000e+03 1.783879398818375428e+00 4.413122653286891128e-02 7.011270402272158295e-03 -6.058653639261675494e-02
4.386000000000000000e+03 1.781231563292215769e+00 4.405212969973115039e-02 7.006794403209270009e-03 -6.046204090563410405e-02
4.387000000000000000e+03 1.778585396703349142e+00 4.397330002740144905e-02 7.002322631015779619e-03 -6.033831340582010427e-02
4.388000000000000000e+03 1.775926165750020713e+00 4.389475693158161052e-02 6.997855032245665213e-03 -6.021535019996544780e-02
4.389000000000000000e+03 1.773268963463340064e+00 4.381644548513484450e-02 6.993391541321231607e-03 -6.009314810956725011e-02
4.390000000000000000e+03 1.770599278941407562e+00 4.373838497701753453e-02 6.988932080967558830e-03 -5.997170447193415910e-02
4.391000000000000000e+03 1.767924991325579231e+00 4.366059462063913432e-02 6.984476562821934770e-03 -5.985094286264396046e-02
4.392000000000000000e+03 1.765246650949489959e+00 4.358309354579164435e-02 6.980024888100300369e-03 -5.973093595643252235e-02
4.393000000000000000e+03 1.762572329661489245e+00 4.350582650716631333e-02 6.975576948308696151e-03 -5.961160840789061360e-02
4.394000000000000000e+03 1.759887900172836250e+00 4.342873815977656843e-02 6.971132626192842914e-03 -5.949303400410553555e-02
4.395000000000000000e+03 1.757201598098912632e+00 4.335192161812955608e-02 6.966691796602341932e-03 -5.937506426958034933e-02
4.396000000000000000e+03 1.754521728110796097e+00 4.327532131433327323e-02 6.962254327562132986e-03 -5.925777419299992077e-02
4.397000000000000000e+03 1.751834369427835769e+00 4.319895584088850188e-02 6.957820081348375929e-03 -5.914109083833139768e-02
4.398000000000000000e+03 1.749155364239333821e+00 4.312276937608815197e-02 6.953388915623339751e-03 -5.902509051013072466e-02
4.399000000000000000e+03 1.746478308740109675e+00 4.304685452702276122e-02 6.948960684665196619e-03 -5.890955308583791655e-02
4.400000000000000000e+03 1.743804255632674494e+00 4.297108090481242121e-02 6.944535240536352932e-03 -5.879470488570531783e-02
4.401000000000000000e+03 1.741141701540460884e+00 4.289554165644875877e-02 6.940112434381599284e-03 -5.868033133058321582e-02
4.402000000000000000e+03 1.738476858034511574e+00 4.282011027083860999e-02 6.935692117688581348e-03 -5.856653188475292870e-02
4.403000000000000000e+03 1.735825642842688366e+00 4.274495804258764131e-02 6.931274143540434168e-03 -5.845333660409947341e-02
4.404000000000000000e+03 1.733181671381669897e+00 4.266995895942287537e-02 6.926858367893961969e-03 -5.834062786545750334e-02
4.405000000000000000e+03 1.730553387225931994e+00 4.259520968043103983e-02 6.922444650804492582e-03 -5.822843753609305978e-02
4.406000000000000000e+03 1.727934337666016784e+00 4.252058382899403383e-02 6.918032857614846501e-03 -5.811687272429204298e-02
4.407000000000000000e+03 1.725325448063950384e+00 4.244617768796557500e-02 6.913622860163076526e-03 -5.800589296108230042e-02
4.408000000000000000e+03 1.722735011604730193e+00 4.237193877666577124e-02 6.909214537838820683e-03 -5.789545879685326080e-02
4.409000000000000000e+03 1.720156394541472622e+00 4.229788869607655627e-02 6.904807778670299899e-03 -5.778553182836040913e-02
4.410000000000000000e+03 1.717597740529761774e+00 4.222404884043813589e-02 6.900402480201853900e-03 -5.767614900551584073e-02
4.411000000000000000e+03 1.715052248884234576e+00 4.215044039245334495e-02 6.895998550473960223e-03 -5.756734836782587128e-02
4.412000000000000000e+03 1.712520452092916479e+00 4.207693575192693325e-02 6.891595908745852365e-03 -5.745902049286537999e-02
4.413000000000000000e+03 1.710010209159790850e+00 4.200362994914270953e-02 6.887194486196487712e-03 -5.735127992489035681e-02
4.414000000000000000e+03 1.707521843191915467e+00 4.193054350701221761e-02 6.882794226516698866e-03 -5.724409376365295621e-02
4.415000000000000000e+03 1.705048136689569560e+00 4.185754815408033319e-02 6.878395086319548553e-03 -5.713735594905105381e-02
4.416000000000000000e+03 1.702589184587163240e+00 4.178481252224273967e-02 6.873997035534516048e-03 -5.703118439108990217e-02
4.417000000000000000e+03 1.700159820033060543e+00 4.171220787574637240e-02 6.869600057640796661e-03 -5.692554954277528195e-02
4.418000000000000000e+03 1.697737614484427615e+00 4.163975380958015449e-02 6.865204149697916140e-03 -5.682042295197997639e-02
4.419000000000000000e+03 1.695344589242786082e+00 4.156746967998996983e-02 6.860809322375815110e-03 -5.671577724055378716e-02
4.420000000000000000e+03 1.692961047416762010e+00 4.149530031881779046e-02 6.856415599805478975e-03 -5.661158607779816915e-02
4.421000000000000000e+03 1.690599116555612902e+00 4.142333888216888360e-02 6.852023019221171150e-03 -5.650797271522736698e-02
4.422000000000000000e+03 1.688254467465438946e+00 4.135152971462514870e-02 6.847631630669620550e-03 -5.640483853130506819e-02
4.423000000000000000e+03 1.685927117785048557e+00 4.127989119842412347e-02 6.843241496367376796e-03 -5.630216012213215548e-02
4.424000000000000000e+03 1.683615494569078663e+00 4.120836718509143098e-02 6.838852690193276095e-03 -5.620006353647045982e-02
4.425000000000000000e+03 1.681319411914392825e+00 4.113704984506218187e-02 6.834465296782525276e-03 -5.609837852106617367e-02
4.426000000000000000e+03 1.679037106875335583e+00 4.106580824917280964e-02 6.830079410818029953e-03 -5.599715844701652623e-02
4.427000000000000000e+03 1.676768218964689305e+00 4.099473406906022771e-02 6.825695135998480385e-03 -5.589645739632697480e-02
4.428000000000000000e+03 1.674510827807078162e+00 4.092377015908662402e-02 6.821312584015526426e-03 -5.579625581172027032e-02
4.429000000000000000e+03 1.672265177061042385e+00 4.085293340643580268e-02 6.816931873427945453e-03 -5.569653470964121278e-02
4.430000000000000000e+03 1.670028484985259798e+00 4.078224044724276798e-02 6.812553128534146706e-03 -5.559727560657293927e-02
4.431000000000000000e+03 1.667800898101885476e+00 4.071163338295610140e-02 6.808176478041623632e-03 -5.549846044267723461e-02
4.432000000000000000e+03 1.665580302805417023e+00 4.064120263067137057e-02 6.803802053801566788e-03 -5.540014578660373834e-02
4.433000000000000000e+03 1.663365308523918396e+00 4.057088978897367693e-02 6.799429989541270168e-03 -5.530231418822972173e-02
4.434000000000000000e+03 1.661155259798343442e+00 4.050071048846400762e-02 6.795060419433210722e-03 -5.520494838061069248e-02
4.435000000000000000e+03 1.658948762839668856e+00 4.043060582463732511e-02 6.790693476819073364e-03 -5.510803119788237892e-02
4.436000000000000000e+03 1.656743697790151737e+00 4.036066520848528155e-02 6.786329292715980593e-03 -5.501161977659427271e-02
4.437000000000000000e+03 1.654539459410950153e+00 4.029075494877035202e-02 6.781967994637537120e-03 -5.491569690714783597e-02
4.438000000000000000e+03 1.652334740567183324e+00 4.022103823657399019e-02 6.777609705164428996e-03 -5.482017095318948707e-02
4.439000000000000000e+03 1.650127543913860961e+00 4.015145516063188535e-02 6.773254540692957675e-03 -5.472517290676735813e-02
4.440000000000000000e+03 1.647917421673553928e+00 4.008194555766879386e-02 6.768902610201317678e-03 -5.463053632704820139e-02
4.441000000000000000e+03 1.645703257884273185e+00 4.001252329561042625e-02 6.764554014122361146e-03 -5.453639153445700993e-02
4.442000000000000000e+03 1.643484021366307779e+00 3.994320198981881481e-02 6.760208843199558108e-03 -5.444264555535495431e-02
4.443000000000000000e+03 1.641258032302274517e+00 3.987399500265111779e-02 6.755867177505353767e-03 -5.434935347244136683e-02
4.444000000000000000e+03 1.639024456515119299e+00 3.980491544296980294e-02 6.751529085513739356e-03 -5.425649551138986282e-02
4.445000000000000000e+03 1.636784056021946210e+00 3.973590188202573426e-02 6.747194623304292489e-03 -5.416397698245705578e-02
4.446000000000000000e+03 1.634533995943620477e+00 3.966704120329009320e-02 6.742863833832121387e-03 -5.407185107753703646e-02
4.447000000000000000e+03 1.632276021415075107e+00 3.959819718410618333e-02 6.738536746373814147e-03 -5.398009597146516403e-02
4.448000000000000000e+03 1.630008291038639312e+00 3.952953047933532860e-02 6.734213376029314635e-03 -5.388868906287930943e-02
4.449000000000000000e+03 1.627730580234749702e+00 3.946090435231299626e-02 6.729893723402156566e-03 -5.379760693730185894e-02
4.450000000000000000e+03 1.625443540743360948e+00 3.939240465826427534e-02 6.725577774394467766e-03 -5.370682533619252491e-02
4.451000000000000000e+03 1.623147226156617773e+00 3.932396821167415124e-02 6.721265500104832251e-03 -5.361632229858565718e-02
4.452000000000000000e+03 1.620840379200402914e+00 3.925567927709310012e-02 6.716956856961999248e-03 -5.352616192562834052e-02
4.453000000000000000e+03 1.618525600113565499e+00 3.918739879221971867e-02 6.712651786835086704e-03 -5.343633630122775202e-02
4.454000000000000000e+03 1.616201162914384426e+00 3.911928456489406625e-02 6.708350217419633589e-03 -5.334676231911752997e-02
4.455000000000000000e+03 1.613869182913039380e+00 3.905119700367384872e-02 6.704052062645629410e-03 -5.325750453286647035e-02
4.456000000000000000e+03 1.611529669202116377e+00 3.898321910076707475e-02 6.699757223340497767e-03 -5.316855231095230644e-02
4.457000000000000000e+03 1.609183490051746324e+00 3.891528501308525595e-02 6.695465587854819781e-03 -5.307989413135069667e-02
4.458000000000000000e+03 1.606830880230073699e+00 3.884747719469205246e-02 6.691177032920209503e-03 -5.299159188171900792e-02
4.459000000000000000e+03 1.604474404330647808e+00 3.877972926124840375e-02 6.686891424610058414e-03 -5.290348374719631985e-02
4.460000000000000000e+03 1.602113005146578617e+00 3.871204883908717365e-02 6.682608619322212909e-03 -5.281570422140310916e-02
4.461000000000000000e+03 1.599750165056975204e+00 3.864444328023722286e-02 6.678328464946594982e-03 -5.272808986943969961e-02
4.462000000000000000e+03 1.597384981441866802e+00 3.857691966113633436e-02 6.674050801989439216e-03 -5.264084791437515648e-02
4.463000000000000000e+03 1.595019583796719598e+00 3.850948478123649571e-02 6.669775464973859945e-03 -5.255373915729548429e-02
4.464000000000000000e+03 1.592655407751640828e+00 3.844207087844531828e-02 6.665502283668834314e-03 -5.246689513732159804e-02
4.465000000000000000e+03 1.590293925637927597e+00 3.837468419503911599e-02 6.661231084531593627e-03 -5.238022390760604940e-02
4.466000000000000000e+03 1.587935891032631108e+00 3.830740497682809387e-02 6.656961692078320302e-03 -5.229378149895885786e-02
4.467000000000000000e+03 1.585584297241656060e+00 3.824023890539584442e-02 6.652693930372021065e-03 -5.220754911671569853e-02
4.468000000000000000e+03 1.583239164477973748e+00 3.817304281412189221e-02 6.648427624427115205e-03 -5.212143318906136552e-02
4.469000000000000000e+03 1.580901983894227536e+00 3.810604467236881204e-02 6.644162601676824147e-03 -5.203556254957757143e-02
4.470000000000000000e+03 1.578574961888450146e+00 3.803902646688108596e-02 6.639898693392375616e-03 -5.194976850098829285e-02
4.471000000000000000e+03 1.576258778976080244e+00 3.797206703699729929e-02 6.635635736056431054e-03 -5.186417913046892370e-02
4.472000000000000000e+03 1.573954806024698394e+00 3.790524494099198338e-02 6.631373572791641677e-03 -5.177869937113378784e-02
4.473000000000000000e+03 1.571665092449613610e+00 3.783841560637071777e-02 6.627112054550726890e-03 -5.169330817985962750e-02
4.474000000000000000e+03 1.569388640809405544e+00 3.777165703180029865e-02 6.622851041425619791e-03 -5.160805857870515156e-02
4.475000000000000000e+03 1.567128081771135495e+00 3.770497265443126939e-02 6.618590403746528981e-03 -5.152285484270063137e-02
4.476000000000000000e+03 1.564884464492587002e+00 3.763836563494730308e-02 6.614330023193751469e-03 -5.143774966874396781e-02
4.477000000000000000e+03 1.562657247718112874e+00 3.757183885953360725e-02 6.610069793702476673e-03 -5.135272135592804793e-02
4.478000000000000000e+03 1.560448006001696530e+00 3.750532065855402553e-02 6.605809622368992960e-03 -5.126774811564995676e-02
4.479000000000000000e+03 1.558257451441149799e+00 3.743888765964626525e-02 6.601549430155810236e-03 -5.118280809334215670e-02
4.480000000000000000e+03 1.556085427844668523e+00 3.737246765661004361e-02 6.597289152491546405e-03 -5.109787938532890650e-02
4.481000000000000000e+03 1.553933134549637884e+00 3.730613674657471540e-02 6.593028739808577156e-03 -5.101301433385341949e-02
4.482000000000000000e+03 1.551799408753847809e+00 3.723982219958472256e-02 6.588768157830872559e-03 -5.092819096600202655e-02
4.483000000000000000e+03 1.549685923093420792e+00 3.717359959640990225e-02 6.584507387835996685e-03 -5.084331299413303445e-02
4.484000000000000000e+03 1.547591984779725260e+00 3.710739569872752858e-02 6.580246426696736636e-03 -5.075850694443644756e-02
4.485000000000000000e+03 1.545517507182018635e+00 3.704128558756843159e-02 6.575985286845993476e-03 -5.067367644464127602e-02
4.486000000000000000e+03 1.543460782825506250e+00 3.697526981760639736e-02 6.571723996020100399e-03 -5.058887362451534170e-02
4.487000000000000000e+03 1.541422943152763514e+00 3.690920013861283960e-02 6.567462596984445858e-03 -5.050400195902774586e-02
4.488000000000000000e+03 1.539402762655033952e+00 3.684329948534529470e-02 6.563201146975913489e-03 -5.041918765738583053e-02
4.489000000000000000e+03 1.537398892543736295e+00 3.677741914796572170e-02 6.558939717177410082e-03 -5.033433392822955765e-02
4.490000000000000000e+03 1.535411352731609336e+00 3.671155876238559740e-02 6.554678391912423067e-03 -5.024949235788835761e-02
4.491000000000000000e+03 1.533438567891221016e+00 3.664571774920845348e-02 6.550417267802205110e-03 -5.016464001589003574e-02
4.492000000000000000e+03 1.531479604380313386e+00 3.657996960335553605e-02 6.546156452819550976e-03 -5.007975368978604541e-02
4.493000000000000000e+03 1.529532693936928700e+00 3.651431333336190022e-02 6.541896065221282537e-03 -4.999480983218083235e-02
4.494000000000000000e+03 1.527597472410094914e+00 3.644867346782662554e-02 6.537636232368177099e-03 -4.990993307099158421e-02
4.495000000000000000e+03 1.525672762247294090e+00 3.638312291249971159e-02 6.533377089454003167e-03 -4.982509901526386425e-02
4.496000000000000000e+03 1.523755841319206050e+00 3.631766010635787550e-02 6.529118778236587574e-03 -4.974020847577525356e-02
4.497000000000000000e+03 1.521847654984822329e+00 3.625228331180700703e-02 6.524861445647705226e-03 -4.965531025009568833e-02
4.498000000000000000e+03 1.519943914739555035e+00 3.618691633792002482e-02 6.520605242354756553e-03 -4.957045248840821761e-02
4.499000000000000000e+03 1.518045510906690598e+00 3.612170568116881281e-02 6.516350321309481372e-03 -4.948560834165879885e-02
4.500000000000000000e+03 1.516149611830457156e+00 3.605657483112299083e-02 6.512096836258621582e-03 -4.940075017591370743e-02
4.501000000000000000e+03 1.514255630060841407e+00 3.599152059399774589e-02 6.507844940286396096e-03 -4.931599810923856242e-02
4.502000000000000000e+03 1.512360809215702151e+00 3.592653636447779714e-02 6.503594784309878023e-03 -4.923117435914468876e-02
4.503000000000000000e+03 1.510464663512416372e+00 3.586161458350235060e-02 6.499346515606571791e-03 -4.914639732601182309e-02
4.504000000000000000e+03 1.508565266238390601e+00 3.579674756170186933e-02 6.495100276416526999e-03 -4.906171007092170744e-02
4.505000000000000000e+03 1.506661490707607687e+00 3.573200176912476322e-02 6.490856202561894918e-03 -4.897700596860214695e-02
4.506000000000000000e+03 1.504752279367703949e+00 3.566736927431904403e-02 6.486614422095743696e-03 -4.889232578082878394e-02
4.507000000000000000e+03 1.502836655122541609e+00 3.560269346667551543e-02 6.482375054088222038e-03 -4.880770903222430429e-02
4.508000000000000000e+03 1.500912989094242311e+00 3.553818904663844785e-02 6.478138207432461437e-03 -4.872304538990617634e-02
4.509000000000000000e+03 1.498980496066621537e+00 3.547369919614097589e-02 6.473903979765390816e-03 -4.863852031550559840e-02
4.510000000000000000e+03 1.497038500508555803e+00 3.540928985182431599e-02 6.469672456524420794e-03 -4.855402075310244481e-02
4.511000000000000000e+03 1.495086444434255091e+00 3.534495257599637452e-02 6.465443710097033662e-03 -4.846950650779319192e-02
4.512000000000000000e+03 1.493123151356963385e+00 3.528067884492072648e-02 6.461217799021697766e-03 -4.838508449582597237e-02
4.513000000000000000e+03 1.491148317611874274e+00 3.521653433671963901e-02 6.456994767438979307e-03 -4.830071158314639540e-02
4.514000000000000000e+03 1.489161773984819748e+00 3.515236180158269608e-02 6.452774644593429511e-03 -4.821634313113268289e-02
4.515000000000000000e+03 1.487162746108828593e+00 3.508830105020502993e-02 6.448557444500254039e-03 -4.813200726503154281e-02
4.516000000000000000e+03 1.485151342102543293e+00 3.502434325646040791e-02 6.444343165719085102e-03 -4.804773058204026004e-02
4.517000000000000000e+03 1.483127810420057147e+00 3.496040524426829998e-02 6.440131791322568217e-03 -4.796346386580959548e-02
4.518000000000000000e+03 1.481092539245187023e+00 3.489655234124580674e-02 6.435923288973069076e-03 -4.787915637470761820e-02
4.519000000000000000e+03 1.479044568927728065e+00 3.483270124752032432e-02 6.431717611202244188e-03 -4.779490442011317258e-02
4.520000000000000000e+03 1.476986045829216998e+00 3.476899145598248003e-02 6.427514695673522752e-03 -4.771065425010034833e-02
4.521000000000000000e+03 1.474916275233833840e+00 3.470526527005360351e-02 6.423314465799117440e-03 -4.762635064069827701e-02
4.522000000000000000e+03 1.472836915579891715e+00 3.464166207394343833e-02 6.419116831321765651e-03 -4.754201120962942007e-02
4.523000000000000000e+03 1.470747514681297385e+00 3.457809835007347177e-02 6.414921689111587749e-03 -4.745772645262359701e-02
4.524000000000000000e+03 1.468650701709928619e+00 3.451463909839958683e-02 6.410728924033731561e-03 -4.737336265118491374e-02
4.525000000000000000e+03 1.466546978464880802e+00 3.445120070400855411e-02 6.406538409958096800e-03 -4.728900762076537756e-02
4.526000000000000000e+03 1.464437680883996062e+00 3.438792235608521125e-02 6.402350010880842462e-03 -4.720459934524877388e-02
4.527000000000000000e+03 1.462323482691751275e+00 3.432464606478831393e-02 6.398163582081039732e-03 -4.712014888387162925e-02
4.528000000000000000e+03 1.460205869630672115e+00 3.426151093045866347e-02 6.393978971454503460e-03 -4.703559186458898533e-02
4.529000000000000000e+03 1.458086384535380198e+00 3.419843316030331259e-02 6.389796020842039570e-03 -4.695108568192157134e-02
4.530000000000000000e+03 1.455966614699127026e+00 3.413540320352814045e-02 6.385614567433672492e-03 -4.686641529563390779e-02
4.531000000000000000e+03 1.453847435978698588e+00 3.407248575244084532e-02 6.381434445217858305e-03 -4.678166185131054505e-02
4.532000000000000000e+03 1.451730485096277334e+00 3.400959689300017685e-02 6.377255486512612391e-03 -4.669683133366125949e-02
4.533000000000000000e+03 1.449617403251004744e+00 3.394680123999984506e-02 6.373077523423396201e-03 -4.661192892199363114e-02
4.534000000000000000e+03 1.447509079668416465e+00 3.388408908770175476e-02 6.368900389389685682e-03 -4.652695906267641235e-02
4.535000000000000000e+03 1.445407866553354292e+00 3.382152497813573772e-02 6.364723920658990966e-03 -4.644185125813982823e-02
4.536000000000000000e+03 1.443314594384290883e+00 3.375895056839207931e-02 6.360547957817809690e-03 -4.635660870559554780e-02
4.537000000000000000e+03 1.441230787362394850e+00 3.369657890017650065e-02 6.356372347197385315e-03 -4.627130836759134336e-02
4.538000000000000000e+03 1.439157907949343507e+00 3.363417728291757253e-02 6.352196942271188217e-03 -4.618587819010552820e-02
4.539000000000000000e+03 1.437097344784919573e+00 3.357195869755423556e-02 6.348021605043294678e-03 -4.610024573583712537e-02
4.540000000000000000e+03 1.435049658424705221e+00 3.350976468007826892e-02 6.343846207243640858e-03 -4.601456109793242849e-02
4.541000000000000000e+03 1.433016056343168865e+00 3.344773387523896496e-02 6.339670631533840355e-03 -4.592875125881076825e-02
4.542000000000000000e+03 1.430997640289477069e+00 3.338578205447192970e-02 6.335494772580435065e-03 -4.584281727999427181e-02
4.543000000000000000e+03 1.428995397426192193e+00 3.332389925257001062e-02 6.331318538049356646e-03 -4.575676007008315505e-02
4.544000000000000000e+03 1.427010192496931618e+00 3.326214977060765188e-02 6.327141849469486608e-03 -4.567058043148469054e-02
4.545000000000000000e+03 1.425041275424923093e+00 3.320052361217559755e-02 6.322964642929986522e-03 -4.558435338533056713e-02
4.546000000000000000e+03 1.423090732754003662e+00 3.313893648680615867e-02 6.318786869724726980e-03 -4.549793107366790351e-02
4.547000000000000000e+03 1.421157540612765446e+00 3.307752694773966745e-02 6.314608496805658444e-03 -4.541138849084683932e-02
4.548000000000000000e+03 1.419242761457569113e+00 3.301621069493131805e-02 6.310429507114577105e-03 -4.532480065755176840e-02
4.549000000000000000e+03 1.417345828076101322e+00 3.295505199683316372e-02 6.306249899795125444e-03 -4.523809407231534768e-02
4.550000000000000000e+03 1.415467514405055027e+00 3.289396656095629201e-02 6.302069690233996248e-03 -4.515126957436677024e-02
4.551000000000000000e+03 1.413606967062258857e+00 3.283301805484719477e-02 6.297888909936626665e-03 -4.506440004591007187e-02
4.552000000000000000e+03 1.411763942205125577e+00 3.277219340697746369e-02 6.293707606312673626e-03 -4.497747493327566848e-02
4.553000000000000000e+03 1.409937316932776907e+00 3.271147894927514677e-02 6.289525842273625648e-03 -4.489048143656699380e-02
4.554000000000000000e+03 1.408128063128892160e+00 3.265093532404422794e-02 6.285343695753019093e-03 -4.480340680204441400e-02
4.555000000000000000e+03 1.406334053414127316e+00 3.259047463932562838e-02 6.281161258980300262e-03 -4.471623830473065581e-02
4.556000000000000000e+03 1.404555267937509067e+00 3.253015760882829732e-02 6.276978637761192713e-03 -4.462903750917026485e-02
4.557000000000000000e+03 1.402789345397017051e+00 3.246997070761463433e-02 6.272795950559955681e-03 -4.454171739113360617e-02
4.558000000000000000e+03 1.401036791925715397e+00 3.240990046192412932e-02 6.268613327480874152e-03 -4.445441372252061790e-02
4.559000000000000000e+03 1.399295791214840934e+00 3.235000773914632061e-02 6.264430909142841390e-03 -4.436696504996787138e-02
4.560000000000000000e+03 1.397565186656729574e+00 3.229020490384091474e-02 6.260248845501980436e-03 -4.427950692210299438e-02
4.561000000000000000e+03 1.395843007213718456e+00 3.223047867491071750e-02 6.256067294537044632e-03 -4.419202614429060261e-02
4.562000000000000000e+03 1.394128708090881075e+00 3.217096441578423671e-02 6.251886420893853526e-03 -4.410450929862596431e-02
4.563000000000000000e+03 1.392420212081169284e+00 3.211150044012877486e-02 6.247706394450111902e-03 -4.401686841092841695e-02
4.564000000000000000e+03 1.390716151155909852e+00 3.205222228648940686e-02 6.243527388926905022e-03 -4.392931231709076151e-02
4.565000000000000000e+03 1.389015136995370048e+00 3.199304274049512287e-02 6.239349580325869761e-03 -4.384167805904373022e-02
4.566000000000000000e+03 1.387315031676466415e+00 3.193394897542414790e-02 6.235173145437200581e-03 -4.375402509972863702e-02
4.567000000000000000e+03 1.385615932568339481e+00 3.187500255866936721e-02 6.230998260334806409e-03 -4.366633813596893648e-02
4.568000000000000000e+03 1.383914243115979215e+00 3.181619089103528836e-02 6.226825098902018588e-03 -4.357867561300358961e-02
4.569000000000000000e+03 1.382210114439051507e+00 3.175750149644568365e-02 6.222653831312142253e-03 -4.349102110608250166e-02
4.570000000000000000e+03 1.380501515563076653e+00 3.169892202789789670e-02 6.218484622598463921e-03 -4.340335755432302156e-02
4.571000000000000000e+03 1.378787960051071071e+00 3.164051455669897317e-02 6.214317631270205831e-03 -4.331574149701416382e-02
4.572000000000000000e+03 1.377066803715280008e+00 3.158219272743235939e-02 6.210153007989192148e-03 -4.322808017861012875e-02
4.573000000000000000e+03 1.375337712836057102e+00 3.152401889717230954e-02 6.205990894328004652e-03 -4.314050292524725105e-02
4.574000000000000000e+03 1.373598960414671222e+00 3.146590700637544313e-02 6.201831421588055795e-03 -4.305298969007673865e-02
4.575000000000000000e+03 1.371851149900835898e+00 3.140799400099303362e-02 6.197674709710315928e-03 -4.296551958735256305e-02
4.576000000000000000e+03 1.370091281101800229e+00 3.135019413562359358e-02 6.193520866367949705e-03 -4.287807086446063232e-02
4.577000000000000000e+03 1.368320186080830281e+00 3.129249611142724541e-02 6.189369986069704309e-03 -4.279069516239230458e-02
4.578000000000000000e+03 1.366536592915827297e+00 3.123496307958499585e-02 6.185222149460383942e-03 -4.270329464771557143e-02
4.579000000000000000e+03 1.364740102310759706e+00 3.117750979388089413e-02 6.181077422716759265e-03 -4.261599341829763743e-02
4.580000000000000000e+03 1.362929705981862138e+00 3.112027403089996994e-02 6.176935857088119812e-03 -4.252876607987727403e-02
4.581000000000000000e+03 1.361106017967899318e+00 3.106309660779043788e-02 6.172797488561120212e-03 -4.244158631335168824e-02
4.582000000000000000e+03 1.359268304819813755e+00 3.100604136861200011e-02 6.168662337711601842e-03 -4.235442688120047428e-02
4.583000000000000000e+03 1.357417457182233500e+00 3.094909805181385309e-02 6.164530409614722879e-03 -4.226733392365791125e-02
4.584000000000000000e+03 1.355553017405452865e+00 3.089233085820687966e-02 6.160401694016665562e-03 -4.218027841080713991e-02
4.585000000000000000e+03 1.353675405724837022e+00 3.083565560115831411e-02 6.156276165498044545e-03 -4.209330473461820460e-02
4.586000000000000000e+03 1.351785916679694832e+00 3.077913684076000883e-02 6.152153783922190665e-03 -4.200645645683448448e-02
4.587000000000000000e+03 1.349885228641308554e+00 3.072276503316552845e-02 6.148034494937780134e-03 -4.191962777909497007e-02
4.588000000000000000e+03 1.347973397836000675e+00 3.066653081360027136e-02 6.143918230579096564e-03 -4.183300928677844560e-02
4.589000000000000000e+03 1.346052079754365582e+00 3.061042499538688469e-02 6.139804910109547195e-03 -4.174641944580764069e-02
4.590000000000000000e+03 1.344122292498404647e+00 3.055443856872208652e-02 6.135694440888145133e-03 -4.165989892396548128e-02
4.591000000000000000e+03 1.342185150493093504e+00 3.049863698263542700e-02 6.131586719351584010e-03 -4.157356208188387608e-02
4.592000000000000000e+03 1.340241111637331173e+00 3.044293729262068093e-02 6.127481632107187499e-03 -4.148729990133578904e-02
4.593000000000000000e+03 1.338292194998238482e+00 3.038740529249512809e-02 6.123379057142974355e-03 -4.140115146889878500e-02
4.594000000000000000e+03 1.336338997963670172e+00 3.033203266153451649e-02 6.119278865076285476e-03 -4.131508119478739804e-02
4.595000000000000000e+03 1.334383655485670506e+00 3.027681124537237242e-02 6.115180920501789817e-03 -4.122920173556889750e-02
4.596000000000000000e+03 1.332426856166420981e+00 3.022165876977008642e-02 6.111085083334737156e-03 -4.114332836765059731e-02
4.597000000000000000e+03 1.330470057828986530e+00 3.016671597167906380e-02 6.106991210263847114e-03 -4.105764761487365466e-02
4.598000000000000000e+03 1.328514731506718283e+00 3.011190089519557439e-02 6.102899156202498156e-03 -4.097204877420504432e-02
4.599000000000000000e+03 1.326563090984186122e+00 3.005728030592975247e-02 6.098808775774646612e-03 -4.088656969442370365e-02
4.600000000000000000e+03 1.324615851001025080e+00 3.000277255388679107e-02 6.094719924722707440e-03 -4.080117400316208426e-02
4.601000000000000000e+03 1.322674436538394449e+00 2.994837042431877303e-02 6.090632461409243616e-03 -4.071589750024603993e-02
4.602000000000000000e+03 1.320740951738300195e+00 2.989421542880579125e-02 6.086546248238291872e-03 -4.063076719806492376e-02
4.603000000000000000e+03 1.318816699846121931e+00 2.984015209039098462e-02 6.082461153036369111e-03 -4.054573386336039753e-02
4.604000000000000000e+03 1.316901434360191248e+00 2.978624792148964334e-02 6.078377050379160304e-03 -4.046082290608116888e-02
4.605000000000000000e+03 1.314997804564614903e+00 2.973257057044234250e-02 6.074293822883708796e-03 -4.037606016402366105e-02
4.606000000000000000e+03 1.313106887738351158e+00 2.967896496822289287e-02 6.070211362404999075e-03 -4.029132340055980449e-02
4.607000000000000000e+03 1.311228922005247766e+00 2.962557331036980157e-02 6.066129571131445054e-03 -4.020663949942555188e-02
4.608000000000000000e+03 1.309365525739897951e+00 2.957224078651807947e-02 6.062048362627774599e-03 -4.012211023748442351e-02
4.609000000000000000e+03 1.307516718097514019e+00 2.951918412978495401e-02 6.057967662695558191e-03 -4.003761520225439241e-02
4.610000000000000000e+03 1.305683140430937916e+00 2.946624877974800619e-02 6.053887410216149227e-03 -3.995318325561213885e-02
4.611000000000000000e+03 1.303866793143653613e+00 2.941342886531213632e-02 6.049807557790267028e-03 -3.986884400768686554e-02
4.612000000000000000e+03 1.302066573857074694e+00 2.936079291977870473e-02 6.045728072315040454e-03 -3.978455356833821704e-02
4.613000000000000000e+03 1.300282730799839914e+00 2.930833531276645296e-02 6.041648935354614232e-03 -3.970034314320097096e-02
4.614000000000000000e+03 1.298516860420693364e+00 2.925605053287304996e-02 6.037570143460561055e-03 -3.961624477316864207e-02
4.615000000000000000e+03 1.296768192079077009e+00 2.920385890366834075e-02 6.033491708322537977e-03 -3.953221706756005621e-02
4.616000000000000000e+03 1.295037302347899821e+00 2.915190371760546101e-02 6.029413656692267365e-03 -3.944821949803017230e-02
4.617000000000000000e+03 1.293322402224220902e+00 2.910010553504339265e-02 6.025336030356234947e-03 -3.936436096984926442e-02
4.618000000000000000e+03 1.291624539603541733e+00 2.904845931881210735e-02 6.021258885760097899e-03 -3.928060268584109699e-02
4.619000000000000000e+03 1.289943146115531736e+00 2.899696015139697006e-02 6.017182293694169071e-03 -3.919698098889270316e-02
4.620000000000000000e+03 1.288276784984013101e+00 2.894567751956559840e-02 6.013106338695535860e-03 -3.911338449747197438e-02
4.621000000000000000e+03 1.286624642852906675e+00 2.889453246522836333e-02 6.009031118390148994e-03 -3.902992550358488910e-02
4.622000000000000000e+03 1.284986537013281138e+00 2.884352043757748216e-02 6.004956742722563669e-03 -3.894656853040444344e-02
4.623000000000000000e+03 1.283361437964353646e+00 2.879271129497315215e-02 6.000883333080525225e-03 -3.886335315283574732e-02
4.624000000000000000e+03 1.281747478568864285e+00 2.874210074010718000e-02 5.996811021275987377e-03 -3.878024539585230718e-02
4.625000000000000000e+03 1.280143449718111004e+00 2.869153603887792531e-02 5.992739948443197642e-03 -3.869736054627385263e-02
4.626000000000000000e+03 1.278549553907056380e+00 2.864123600745326764e-02 5.988670263870957827e-03 -3.861451740911571451e-02
4.627000000000000000e+03 1.276962959608735071e+00 2.859104817992523528e-02 5.984602123804647414e-03 -3.853190681325115163e-02
4.628000000000000000e+03 1.275383013042626468e+00 2.854104307925199591e-02 5.980535690068835772e-03 -3.844934872772067663e-02
4.629000000000000000e+03 1.273808279184856618e+00 2.849114280264170365e-02 5.976471128779778201e-03 -3.836703504589664138e-02
4.630000000000000000e+03 1.272237297266235023e+00 2.844149244216537253e-02 5.972408608883647725e-03 -3.828493526479464365e-02
4.631000000000000000e+03 1.270669336465374499e+00 2.839194010326499470e-02 5.968348300788295369e-03 -3.820294499851831921e-02
4.632000000000000000e+03 1.269101437502807350e+00 2.834255689236683112e-02 5.964290374914812433e-03 -3.812118305791625805e-02
4.633000000000000000e+03 1.267534368212151374e+00 2.829333978592052726e-02 5.960235000266229238e-03 -3.803961997895066033e-02
4.634000000000000000e+03 1.265964465083971646e+00 2.824421163331905515e-02 5.956182343072349145e-03 -3.795830081964508135e-02
4.635000000000000000e+03 1.264391816901143439e+00 2.819531829385215835e-02 5.952132565335626138e-03 -3.787719654059235053e-02
4.636000000000000000e+03 1.262815076950637883e+00 2.814658293839418166e-02 5.948085823520779872e-03 -3.779635252137678036e-02
4.637000000000000000e+03 1.261232960247585133e+00 2.809792890241528951e-02 5.944042267316849287e-03 -3.771566566168588208e-02
4.638000000000000000e+03 1.259643511645284431e+00 2.804942825543348464e-02 5.940002038318093272e-03 -3.763533003660660126e-02
4.639000000000000000e+03 1.258047087413070253e+00 2.800107895251756698e-02 5.935965268969007301e-03 -3.755516830283663066e-02
4.640000000000000000e+03 1.256441907663057966e+00 2.795295340320818125e-02 5.931932081423126925e-03 -3.747537449499070694e-02
4.641000000000000000e+03 1.254827036242105898e+00 2.790490133893157310e-02 5.927902586680460807e-03 -3.739577115607364138e-02
4.642000000000000000e+03 1.253202388321689620e+00 2.785699551534311438e-02 5.923876883599812904e-03 -3.731647785890237351e-02
4.643000000000000000e+03 1.251567251288773663e+00 2.780923457904082088e-02 5.919855058266490500e-03 -3.723753976336371257e-02
4.644000000000000000e+03 1.249921033054925967e+00 2.776161735163694411e-02 5.915837183259063485e-03 -3.715885331274819403e-02
4.645000000000000000e+03 1.248264009231419225e+00 2.771414282973085064e-02 5.911823317237756108e-03 -3.708038906943501856e-02
4.646000000000000000e+03 1.246595097793212759e+00 2.766681018462459687e-02 5.907813504495824930e-03 -3.700234027253782726e-02
4.647000000000000000e+03 1.244914089556727887e+00 2.761954447807538765e-02 5.903807774682502674e-03 -3.692452856611240508e-02
4.648000000000000000e+03 1.243221648941246427e+00 2.757249379498730515e-02 5.899806142787005804e-03 -3.684707255273690640e-02
4.649000000000000000e+03 1.241517827846008837e+00 2.752558354082371844e-02 5.895808609063896318e-03 -3.676994210007754338e-02
4.650000000000000000e+03 1.239802806825992754e+00 2.747873928997136839e-02 5.891815159212605672e-03 -3.669310692128934653e-02
4.651000000000000000e+03 1.238077627680861381e+00 2.743203580541988054e-02 5.887825764627575842e-03 -3.661668471464827462e-02
4.652000000000000000e+03 1.236341195912515012e+00 2.738554983432048978e-02 5.883840382855512474e-03 -3.654049414833565601e-02
4.653000000000000000e+03 1.234595497650372131e+00 2.733906160494530349e-02 5.879858958074342910e-03 -3.646465049658442759e-02
4.654000000000000000e+03 1.232841143856863830e+00 2.729279720259731104e-02 5.875881421774120303e-03 -3.638912041934870556e-02
4.655000000000000000e+03 1.231078105974973802e+00 2.724661144683386896e-02 5.871907693453704176e-03 -3.631394485197371458e-02
4.656000000000000000e+03 1.229308679146771555e+00 2.720058215473163121e-02 5.867937681552840359e-03 -3.623901619825826287e-02
4.657000000000000000e+03 1.227532273391873430e+00 2.715471300183291276e-02 5.863971284368276263e-03 -3.616444979544802818e-02
4.658000000000000000e+03 1.225751346542408360e+00 2.710893351673157245e-02 5.860008391086865033e-03 -3.609013826418195486e-02
4.659000000000000000e+03 1.223966936812149742e+00 2.706332192577875009e-02 5.856048882946422555e-03 -3.601619726366712959e-02
4.660000000000000000e+03 1.222179394634900662e+00 2.701788229655933959e-02 5.852092634372356439e-03 -3.594251984725423121e-02
4.661000000000000000e+03 1.220390599700847734e+00 2.697247024804225179e-02 5.848139514241610694e-03 -3.586914793876619378e-02
4.662000000000000000e+03 1.218601720619544082e+00 2.692731292852791614e-02 5.844189387172442178e-03 -3.579604954229696073e-02
4.663000000000000000e+03 1.216814688506181907e+00 2.688219189037873921e-02 5.840242114811562864e-03 -3.572319308710919517e-02
4.664000000000000000e+03 1.215029956254357391e+00 2.683726020160832199e-02 5.836297557188719481e-03 -3.565069605638389316e-02
4.665000000000000000e+03 1.213248714795203353e+00 2.679244817083790975e-02 5.832355574023917813e-03 -3.557845363144029882e-02
4.666000000000000000e+03 1.211472880941748098e+00 2.674783475767211413e-02 5.828416026070189736e-03 -3.550651017030361650e-02
4.667000000000000000e+03 1.209703599767215865e+00 2.670327614797615712e-02 5.824478776465226437e-03 -3.543483641711452081e-02
4.668000000000000000e+03 1.207941975802422574e+00 2.665892573129095486e-02 5.820543691940975074e-03 -3.536340384368111267e-02
4.669000000000000000e+03 1.206189061820805986e+00 2.661463982562829039e-02 5.816610644115721533e-03 -3.529225898886036161e-02
4.670000000000000000e+03 1.204446590983326182e+00 2.657049765496431390e-02 5.812679510650698225e-03 -3.522137494465354957e-02
4.671000000000000000e+03 1.202715481102280659e+00 2.652657849178871596e-02 5.808750176382619125e-03 -3.515079997308345749e-02
4.672000000000000000e+03 1.200996568125314523e+00 2.648273879984799212e-02 5.804822534350749692e-03 -3.508036041826247814e-02
4.673000000000000000e+03 1.199290597585010776e+00 2.643905792856552847e-02 5.800896486777918151e-03 -3.501025501650970040e-02
4.674000000000000000e+03 1.197598959760930670e+00 2.639546668920271164e-02 5.796971945930864609e-03 -3.494038638238779193e-02
4.675000000000000000e+03 1.195921454447813836e+00 2.635204448281463704e-02 5.793048834875256896e-03 -3.487080674244049522e-02
4.676000000000000000e+03 1.194259256575325390e+00 2.630879644396569988e-02 5.789127088144854945e-03 -3.480142082879078558e-02
4.677000000000000000e+03 1.192612683037990839e+00 2.626565343530205821e-02 5.785206652287018005e-03 -3.473228303543662160e-02
4.678000000000000000e+03 1.190981189126897322e+00 2.622269489297180539e-02 5.781287486303684359e-03 -3.466344886801375064e-02
4.679000000000000000e+03 1.189366337426526643e+00 2.617977740446159746e-02 5.777369561919937745e-03 -3.459482638771443908e-02
4.680000000000000000e+03 1.187767339506177411e+00 2.613705468877178945e-02 5.773452863827837483e-03 -3.452639906713621948e-02
4.681000000000000000e+03 1.186184769949351514e+00 2.609445760810762821e-02 5.769537389671917059e-03 -3.445830007310730220e-02
4.682000000000000000e+03 1.184617596017938146e+00 2.605199129838613181e-02 5.765623150062467762e-03 -3.439044084279530011e-02
4.683000000000000000e+03 1.183066151133091104e+00 2.600966088282820332e-02 5.761710168308384339e-03 -3.432280820557811335e-02
4.684000000000000000e+03 1.181529909624058794e+00 2.596747146935415515e-02 5.757798480189284772e-03 -3.425539008167482330e-02
4.685000000000000000e+03 1.180007491059601454e+00 2.592535386507357695e-02 5.753888133464842014e-03 -3.418824974242565956e-02
4.686000000000000000e+03 1.178499636953942886e+00 2.588338742517100333e-02 5.749979187340346042e-03 -3.412137721475968360e-02
4.687000000000000000e+03 1.177005502936949277e+00 2.584157720119397914e-02 5.746071711858768277e-03 -3.405476353115866744e-02
4.688000000000000000e+03 1.175522666016834528e+00 2.579985394037166702e-02 5.742165787115162574e-03 -3.398840069150083076e-02
4.689000000000000000e+03 1.174052332533356946e+00 2.575829693581172322e-02 5.738261502428385064e-03 -3.392228162049279461e-02
4.690000000000000000e+03 1.172592661517826818e+00 2.571683689264995035e-02 5.734358955377241891e-03 -3.385647440467193237e-02
4.691000000000000000e+03 1.171142488423564831e+00 2.567547877900968126e-02 5.730458250859890058e-03 -3.379089939195771553e-02
4.692000000000000000e+03 1.169700592435743092e+00 2.563422754343849114e-02 5.726559499974664090e-03 -3.372555198899305356e-02
4.693000000000000000e+03 1.168266449942192198e+00 2.559308811612389170e-02 5.722662818905846667e-03 -3.366050260550589035e-02
4.694000000000000000e+03 1.166838759889918364e+00 2.555206541047352203e-02 5.718768327722882627e-03 -3.359574802945004823e-02
4.695000000000000000e+03 1.165416197931481435e+00 2.551116432491883773e-02 5.714876149203461896e-03 -3.353121136762665655e-02
4.696000000000000000e+03 1.163997427915182570e+00 2.547038974498071207e-02 5.710986407620437764e-03 -3.346696483574290726e-02
4.697000000000000000e+03 1.162581113444939307e+00 2.542967226213524098e-02 5.707099227432160977e-03 -3.340300684690528793e-02
4.698000000000000000e+03 1.161166672236858544e+00 2.538901674323055385e-02 5.703214732095955759e-03 -3.333933623407668578e-02
4.699000000000000000e+03 1.159751316154003398e+00 2.534850233311869427e-02 5.699333042821083488e-03 -3.327595218965268692e-02
4.700000000000000000e+03 1.158336005009368508e+00 2.530805960681508857e-02 5.695454277389903550e-03 -3.321292848947723919e-02
4.701000000000000000e+03 1.156917283212782088e+00 2.526776813488443990e-02 5.691578548906806381e-03 -3.315011753192585731e-02
4.702000000000000000e+03 1.155496195298482132e+00 2.522748635422602387e-02 5.687705964740782417e-03 -3.308759967594269297e-02
4.703000000000000000e+03 1.154070876141171986e+00 2.518729598621537516e-02 5.683836625449100767e-03 -3.302538236086779988e-02
4.704000000000000000e+03 1.152640277188279994e+00 2.514720447683641696e-02 5.679970623738655675e-03 -3.296347310870425401e-02
4.705000000000000000e+03 1.151203432025013962e+00 2.510721928267205250e-02 5.676108043575425408e-03 -3.290195376058646648e-02
4.706000000000000000e+03 1.149760206811887953e+00 2.506734787331975356e-02 5.672248959296130773e-03 -3.284068329964810740e-02
4.707000000000000000e+03 1.148310564185725635e+00 2.502752345001544795e-02 5.668393434890666750e-03 -3.277974351282421372e-02
4.708000000000000000e+03 1.146853083400500184e+00 2.498775351459985722e-02 5.664541523316309925e-03 -3.271914182218155914e-02
4.709000000000000000e+03 1.145387193667130710e+00 2.494811987115961791e-02 5.660693265954059618e-03 -3.265881125475907781e-02
4.710000000000000000e+03 1.143912435136120065e+00 2.490855577687247496e-02 5.656848692152571280e-03 -3.259890755136974488e-02
4.711000000000000000e+03 1.142429947336286444e+00 2.486906879355339772e-02 5.653007818865143919e-03 -3.253928916189907650e-02
4.712000000000000000e+03 1.140937271029195621e+00 2.482966650471299733e-02 5.649170650496607334e-03 -3.248003721469535504e-02
4.713000000000000000e+03 1.139436520012143461e+00 2.479035651587726749e-02 5.645337178728555665e-03 -3.242108408916696827e-02
4.714000000000000000e+03 1.137926209469353855e+00 2.475107217086885622e-02 5.641507382567763525e-03 -3.236251054512358227e-02
4.715000000000000000e+03 1.136407939950826895e+00 2.471196968524963164e-02 5.637681228433263046e-03 -3.230432287277299613e-02
4.716000000000000000e+03 1.134880452102762449e+00 2.467290816071079571e-02 5.633858670433036613e-03 -3.224645289826881533e-02
4.717000000000000000e+03 1.133345565734578342e+00 2.463389528458545530e-02 5.630039650699265180e-03 -3.218890656124478306e-02
4.718000000000000000e+03 1.131802975375961529e+00 2.459493876090072806e-02 5.626224099811416059e-03 -3.213168964661965166e-02
4.719000000000000000e+03 1.130253216082009571e+00 2.455612059137987288e-02 5.622411937404160273e-03 -3.207488208798042056e-02
4.720000000000000000e+03 1.128698399853832912e+00 2.451737422206775804e-02 5.618603072776811279e-03 -3.201834085759498044e-02
4.721000000000000000e+03 1.127137751398409105e+00 2.447870739040211574e-02 5.614797405700275822e-03 -3.196214569562200875e-02
4.722000000000000000e+03 1.125573542836267649e+00 2.444005355446505004e-02 5.610994827158897157e-03 -3.190630200776285730e-02
4.723000000000000000e+03 1.124005885219602208e+00 2.440156902268533073e-02 5.607195220303871214e-03 -3.185074090017296633e-02
4.724000000000000000e+03 1.122435690657200391e+00 2.436311296464152218e-02 5.603398461416609667e-03 -3.179554206784274140e-02
4.725000000000000000e+03 1.120864662610253415e+00 2.432476739051923909e-02 5.599604420914307962e-03 -3.174063670066330778e-02
4.726000000000000000e+03 1.119293057288941240e+00 2.428639144464424943e-02 5.595812964432509036e-03 -3.168610465960333689e-02
4.727000000000000000e+03 1.117721901762324777e+00 2.424821566773261924e-02 5.592023953909701882e-03 -3.163180310282481811e-02
4.728000000000000000e+03 1.116153726201783325e+00 2.421002487225210748e-02 5.588237248734331981e-03 -3.157781223117672037e-02
4.729000000000000000e+03 1.114588096184104815e+00 2.417197525461208321e-02 5.584452706862970232e-03 -3.152413819930710570e-02
4.730000000000000000e+03 1.113026059022025782e+00 2.413392583700948654e-02 5.580670185999023723e-03 -3.147071316068156266e-02
4.731000000000000000e+03 1.111470133192653531e+00 2.409595844518902519e-02 5.576889544698908178e-03 -3.141761816257411521e-02
4.732000000000000000e+03 1.109919840964621596e+00 2.405808056746677054e-02 5.573110643518352364e-03 -3.136478605568901457e-02
4.733000000000000000e+03 1.108377641020947157e+00 2.402029963119837325e-02 5.569333346095832644e-03 -3.131222438668378183e-02
4.734000000000000000e+03 1.106843718957152056e+00 2.398254871216453851e-02 5.565557520214741566e-03 -3.125986687126202507e-02
4.735000000000000000e+03 1.105318206619435584e+00 2.394490937801237868e-02 5.561783038758288944e-03 -3.120779628245255385e-02
4.736000000000000000e+03 1.103804144852753355e+00 2.390731454709821985e-02 5.558009780735181406e-03 -3.115594735154025505e-02
4.737000000000000000e+03 1.102300047213141010e+00 2.386977133204673529e-02 5.554237632108858375e-03 -3.110425536684708128e-02
4.738000000000000000e+03 1.100808806775951165e+00 2.383236103289486721e-02 5.550466486608028605e-03 -3.105287905238100776e-02
4.739000000000000000e+03 1.099328775696279070e+00 2.379501627984222795e-02 5.546696246516569576e-03 -3.100168060771741133e-02
4.740000000000000000e+03 1.097862673657784560e+00 2.375766959391157479e-02 5.542926823204916663e-03 -3.095067142912097738e-02
4.741000000000000000e+03 1.096409412014175855e+00 2.372047623118819087e-02 5.539158137770030382e-03 -3.089987098663876317e-02
4.742000000000000000e+03 1.094970032734344789e+00 2.368329419249928097e-02 5.535390121423562453e-03 -3.084925483678507829e-02
4.743000000000000000e+03 1.093544734295489596e+00 2.364620420238543186e-02 5.531622715880107725e-03 -3.079883634081727328e-02
4.744000000000000000e+03 1.092133612741861048e+00 2.360913828649167587e-02 5.527855873592613101e-03 -3.074858495428215571e-02
4.745000000000000000e+03 1.090736660911107991e+00 2.357217690093942747e-02 5.524089557850906350e-03 -3.069850793538507830e-02
4.746000000000000000e+03 1.089353768664948152e+00 2.353532607755233486e-02 5.520323742874123918e-03 -3.064859833813856488e-02
4.747000000000000000e+03 1.087984724117392332e+00 2.349844313663342760e-02 5.516558413736914052e-03 -3.059883499893558886e-02
4.748000000000000000e+03 1.086629958677975516e+00 2.346168238487832472e-02 5.512793566112182513e-03 -3.054922708830466044e-02
4.749000000000000000e+03 1.085287578874404302e+00 2.342497512812188876e-02 5.509029206065079419e-03 -3.049976208951898221e-02
4.750000000000000000e+03 1.083958570279430988e+00 2.338832680325385674e-02 5.505265349689735140e-03 -3.045047262606444954e-02
4.751000000000000000e+03 1.082641605436869048e+00 2.335174276803156368e-02 5.501502022578142609e-03 -3.040122254076168401e-02
4.752000000000000000e+03 1.081336029425195022e+00 2.331522852442683910e-02 5.497739259299937176e-03 -3.035220915893007895e-02
4.753000000000000000e+03 1.080041115121373130e+00 2.327878949400869271e-02 5.493977102715467790e-03 -3.030331238202194077e-02
4.754000000000000000e+03 1.078756810460235194e+00 2.324243094332489878e-02 5.490215603347280669e-03 -3.025456109707109348e-02
4.755000000000000000e+03 1.077481517791462062e+00 2.320608370128881062e-02 5.486454818524409693e-03 -3.020591027939992929e-02
4.756000000000000000e+03 1.076215073625809149e+00 2.316975272761532395e-02 5.482694811514044093e-03 -3.015746379367184593e-02
4.757000000000000000e+03 1.074955786161718940e+00 2.313351711469310845e-02 5.478935650704484968e-03 -3.010925149163075354e-02
4.758000000000000000e+03 1.073702673029629739e+00 2.309738152318169604e-02 5.475177408567918555e-03 -3.006115487469892059e-02
4.759000000000000000e+03 1.072455470812540002e+00 2.306120190142692608e-02 5.471420160785235229e-03 -3.001327845632907262e-02
4.760000000000000000e+03 1.071213159084941857e+00 2.302513119009007639e-02 5.467663985154323780e-03 -2.996550400459001631e-02
4.761000000000000000e+03 1.069973970215228443e+00 2.298909934152554291e-02 5.463908960649008217e-03 -2.991801046977604628e-02
4.762000000000000000e+03 1.068737627671747958e+00 2.295318474174221773e-02 5.460155166363023574e-03 -2.987067965948526915e-02
4.763000000000000000e+03 1.067503127222139803e+00 2.291724279766342229e-02 5.456402680513611561e-03 -2.982354188297670072e-02
4.764000000000000000e+03 1.066268746448328031e+00 2.288135164329573729e-02 5.452651579435660242e-03 -2.977662732832690035e-02
4.765000000000000000e+03 1.065034282485723738e+00 2.284558929463991958e-02 5.448901936629312222e-03 -2.972989172446809103e-02
4.766000000000000000e+03 1.063798089548449122e+00 2.280981080488811777e-02 5.445153821826613158e-03 -2.968336485549272208e-02
4.767000000000000000e+03 1.062560058682516351e+00 2.277409397136600719e-02 5.441407300077446066e-03 -2.963700194297142279e-02
4.768000000000000000e+03 1.061319397141377241e+00 2.273844220754044076e-02 5.437662430955446033e-03 -2.959090644850206897e-02
4.769000000000000000e+03 1.060075378496808662e+00 2.270278454922078012e-02 5.433919267747362204e-03 -2.954503289454567250e-02
4.770000000000000000e+03 1.058826606406062965e+00 2.266719851128806695e-02 5.430177856745739030e-03 -2.949940967312309273e-02
4.771000000000000000e+03 1.057572506150865843e+00 2.263161295988161056e-02 5.426438236632881267e-03 -2.945399044066843164e-02
4.772000000000000000e+03 1.056313329719138938e+00 2.259610525261370947e-02 5.422700437889705315e-03 -2.940880265065754645e-02
4.773000000000000000e+03 1.055048674384805540e+00 2.256067839407264325e-02 5.418964482372481441e-03 -2.936379895643348101e-02
4.774000000000000000e+03 1.053778228922577442e+00 2.252526104176351060e-02 5.415230382895919008e-03 -2.931908003581827626e-02
4.775000000000000000e+03 1.052501033255693219e+00 2.248985607879945559e-02 5.411498142943850162e-03 -2.927452315222387608e-02
4.776000000000000000e+03 1.051216965690516592e+00 2.245446633583111570e-02 5.407767756484951026e-03 -2.923022783893646295e-02
4.777000000000000000e+03 1.049926743553423636e+00 2.241916887965295785e-02 5.404039207894070253e-03 -2.918621875292061463e-02
4.778000000000000000e+03 1.048630437227752621e+00 2.238389216753758348e-02 5.400312471893382003e-03 -2.914237138400775640e-02
4.779000000000000000e+03 1.047327468938728412e+00 2.234863890208127132e-02 5.396587513703273060e-03 -2.909878346970026092e-02
4.780000000000000000e+03 1.046018839137550227e+00 2.231341175171638880e-02 5.392864289179542976e-03 -2.905540357957852107e-02
4.781000000000000000e+03 1.044704152160031096e+00 2.227821335417921531e-02 5.389142745125682053e-03 -2.901217968882718531e-02
4.782000000000000000e+03 1.043384583718435898e+00 2.224304631954238456e-02 5.385422819647256269e-03 -2.896928203958169801e-02
4.783000000000000000e+03 1.042059162072807466e+00 2.220791323270831369e-02 5.381704442602084498e-03 -2.892650888799649586e-02
4.784000000000000000e+03 1.040730705302185477e+00 2.217281665531625756e-02 5.377987536186195142e-03 -2.888402935836809765e-02
4.785000000000000000e+03 1.039397644010642052e+00 2.213768484375493520e-02 5.374272015422680744e-03 -2.884171491433022705e-02
4.786000000000000000e+03 1.038061442933480460e+00 2.210266888388091183e-02 5.370557788961082858e-03 -2.879951080257945467e-02
4.787000000000000000e+03 1.036723622285202762e+00 2.206762270683851682e-02 5.366844759730270836e-03 -2.875758464923826654e-02
4.788000000000000000e+03 1.035384264285600375e+00 2.203262307321546612e-02 5.363132825771400533e-03 -2.871588079088465556e-02
4.789000000000000000e+03 1.034043490611429084e+00 2.199767243813733827e-02 5.359421881068058419e-03 -2.867426887602021399e-02
4.790000000000000000e+03 1.032703682351666652e+00 2.196277323335200232e-02 5.355711816378570626e-03 -2.863284103541193643e-02
4.791000000000000000e+03 1.031365014201330421e+00 2.192785358164802897e-02 5.352002520199010405e-03 -2.859161478619707750e-02
4.792000000000000000e+03 1.030027674011794403e+00 2.189299014486020822e-02 5.348293879629610094e-03 -2.855045878743609974e-02
4.793000000000000000e+03 1.028693339435205800e+00 2.185811098675834174e-02 5.344585781355311836e-03 -2.850953858102870178e-02
4.794000000000000000e+03 1.027362940412777537e+00 2.182336698706756686e-02 5.340878112512056387e-03 -2.846872236376753185e-02
4.795000000000000000e+03 1.026036650274125162e+00 2.178861185290966243e-02 5.337170761663567742e-03 -2.842802672834551098e-02
4.796000000000000000e+03 1.024716105535785848e+00 2.175384781543004617e-02 5.333463619676141222e-03 -2.838739385222261921e-02
4.797000000000000000e+03 1.023402168966685233e+00 2.171922562498547829e-02 5.329756580630313524e-03 -2.834691438650432244e-02
4.798000000000000000e+03 1.022094178683700116e+00 2.168459884501755877e-02 5.326049542658616194e-03 -2.830653035887086347e-02
4.799000000000000000e+03 1.020795140363690789e+00 2.164996954772297269e-02 5.322342408692739245e-03 -2.826625805915201212e-02
4.800000000000000000e+03 1.019503548934812320e+00 2.161541402483157029e-02 5.318635087308558329e-03 -2.822603950533746422e-02
4.801000000000000000e+03 1.018221558322162767e+00 2.158093397335360264e-02 5.314927493353525240e-03 -2.818589162076143295e-02
4.802000000000000000e+03 1.016949048179626391e+00 2.154645576509933019e-02 5.311219548627570293e-03 -2.814583371779337539e-02
4.803000000000000000e+03 1.015686574696356148e+00 2.151205401573276499e-02 5.307511182393923749e-03 -2.810581149908049359e-02
4.804000000000000000e+03 1.014433875348078828e+00 2.147765468619516893e-02 5.303802331916854067e-03 -2.806584506570853135e-02
4.805000000000000000e+03 1.013192093711636765e+00 2.144333221077095175e-02 5.300092942851576498e-03 -2.802595465097959537e-02
4.806000000000000000e+03 1.011961548084162166e+00 2.140901235719080628e-02 5.296382969596402819e-03 -2.798608635051525254e-02
4.807000000000000000e+03 1.010742472280927728e+00 2.137476935501020359e-02 5.292672375471129884e-03 -2.794626069874407703e-02
4.808000000000000000e+03 1.009534271617896994e+00 2.134060303955741603e-02 5.288961132943143482e-03 -2.790657267442788955e-02
4.809000000000000000e+03 1.008337008261457779e+00 2.130643884673897107e-02 5.285249223698212408e-03 -2.786682028453089932e-02
4.810000000000000000e+03 1.007151401769088572e+00 2.127235065875815109e-02 5.281536638545933880e-03 -2.782717311283502623e-02
4.811000000000000000e+03 1.005976601976181550e+00 2.123833794906085717e-02 5.277823377385446740e-03 -2.778757804501781614e-02
4.812000000000000000e+03 1.004812419726310413e+00 2.120432577831959584e-02 5.274109448985678412e-03 -2.774805639162738341e-02
4.813000000000000000e+03 1.003658587068566810e+00 2.117031335787235638e-02 5.270394870719144649e-03 -2.770848102251382422e-02
4.814000000000000000e+03 1.002514761062379245e+00 2.113644833019077268e-02 5.266679668204996348e-03 -2.766902204894581413e-02
4.815000000000000000e+03 1.001380528313988050e+00 2.110258106538400596e-02 5.262963874889882605e-03 -2.762962681655987615e-02
4.816000000000000000e+03 1.000255410195332040e+00 2.106871036036663328e-02 5.259247531517986622e-03 -2.759024272981522308e-02
4.817000000000000000e+03 9.991381258549028033e-01 2.103498343758583924e-02 5.255530685590590820e-03 -2.755096578981944960e-02
4.818000000000000000e+03 9.980295699698602530e-01 2.100125024343360222e-02 5.251813390726221484e-03 -2.751166914458335472e-02
4.819000000000000000e+03 9.969268769767086757e-01 2.096758343280335363e-02 5.248095706021578370e-03 -2.747252303879013646e-02
4.820000000000000000e+03 9.958308567604614581e-01 2.093390695239871063e-02 5.244377695271768697e-03 -2.743332622508792493e-02
4.821000000000000000e+03 9.947408025004081944e-01 2.090036745970352480e-02 5.240659426224742075e-03 -2.739424876013802149e-02
4.822000000000000000e+03 9.936544986349733488e-01 2.086681434057497189e-02 5.236940969838477580e-03 -2.735523769593162235e-02
4.823000000000000000e+03 9.925726860293908604e-01 2.083331969668589592e-02 5.233222399416100068e-03 -2.731631417200752754e-02
4.824000000000000000e+03 9.914938703980823442e-01 2.079988121501161191e-02 5.229503789828653798e-03 -2.727742480583492460e-02
4.825000000000000000e+03 9.904165591038188721e-01 2.076649645565077987e-02 5.225785216607122148e-03 -2.723859021679513048e-02
4.826000000000000000e+03 9.893414979001563525e-01 2.073316285661998271e-02 5.222066755200691079e-03 -2.719983069970948950e-02
4.827000000000000000e+03 9.882664791842007412e-01 2.069987773939373915e-02 5.218348480148484597e-03 -2.716116618240665970e-02
4.828000000000000000e+03 9.871915497195298261e-01 2.066663831506149879e-02 5.214630464244847906e-03 -2.712261618382547437e-02
4.829000000000000000e+03 9.861160468755444386e-01 2.063344169098496605e-02 5.210912777806915065e-03 -2.708405120671631208e-02
4.830000000000000000e+03 9.850378629978745471e-01 2.060028487803171326e-02 5.207195487926346428e-03 -2.704563839958830374e-02
4.831000000000000000e+03 9.839586520145862103e-01 2.056716479821692548e-02 5.203478657829397822e-03 -2.700732153547456479e-02
4.832000000000000000e+03 9.828756645006466730e-01 2.053407829288852321e-02 5.199762346188866770e-03 -2.696904382769759259e-02
4.833000000000000000e+03 9.817891817058505000e-01 2.050102213119399386e-02 5.196046606573368962e-03 -2.693089646498979597e-02
4.834000000000000000e+03 9.806995492648733492e-01 2.046806730241185895e-02 5.192331486929620439e-03 -2.689289573199780611e-02
4.835000000000000000e+03 9.796049530667360061e-01 2.043513617455628567e-02 5.188617029106745195e-03 -2.685490869986387544e-02
4.836000000000000000e+03 9.785058799214426672e-01 2.040222535409909679e-02 5.184903268544384033e-03 -2.681709890498422746e-02
4.837000000000000000e+03 9.774021491246658311e-01 2.036933141197659961e-02 5.181190233880974931e-03 -2.677933206219178242e-02
4.838000000000000000e+03 9.762929145833078026e-01 2.033652517650085326e-02 5.177477946802196314e-03 -2.674169603433422526e-02
4.839000000000000000e+03 9.751781518137752069e-01 2.030372889239693765e-02 5.173766421849280983e-03 -2.670412940382816888e-02
4.840000000000000000e+03 9.740579156266441219e-01 2.027093908068423531e-02 5.170055666390865889e-03 -2.666671859966230837e-02
4.841000000000000000e+03 9.729323398353963981e-01 2.023822654801876730e-02 5.166345680592827026e-03 -2.662932647706307485e-02
4.842000000000000000e+03 9.718016361594608021e-01 2.020558782874847664e-02 5.162636457540763918e-03 -2.659211230326662123e-02
4.843000000000000000e+03 9.706660923357730564e-01 2.017294519371863951e-02 5.158927983433291183e-03 -2.655493749472652779e-02
4.844000000000000000e+03 9.695253266245220658e-01 2.014036950929182918e-02 5.155220237815769102e-03 -2.651795989459585640e-02
4.845000000000000000e+03 9.683805129145981461e-01 2.010778311144935035e-02 5.151513193891056781e-03 -2.648103951780775636e-02
4.846000000000000000e+03 9.672314052786714633e-01 2.007533123094492125e-02 5.147806818931184580e-03 -2.644418426922898885e-02
4.847000000000000000e+03 9.660793045483420105e-01 2.004278773240658618e-02 5.144101074761316811e-03 -2.640747568071501877e-02
4.848000000000000000e+03 9.649233387632063508e-01 2.001037223946632373e-02 5.140395918261375652e-03 -2.637084608467221702e-02
4.849000000000000000e+03 9.637649142505789746e-01 1.997800730571915387e-02 5.136691301949145895e-03 -2.633430149171421195e-02
4.850000000000000000e+03 9.626054806975384848e-01 1.994561555405333433e-02 5.132987174611654442e-03 -2.629784733723306012e-02
4.851000000000000000e+03 9.614442986096257693e-01 1.991334224099160569e-02 5.129283481944794075e-03 -2.626156224875407855e-02
4.852000000000000000e+03 9.602828975561064073e-01 1.988103440345740172e-02 5.125580167351634527e-03 -2.622529930045367635e-02
4.853000000000000000e+03 9.591220889029670182e-01 1.984883600263455394e-02 5.121877172564445746e-03 -2.618905911398097808e-02
4.854000000000000000e+03 9.579619553078047023e-01 1.981666823260846977e-02 5.118174438501588847e-03 -2.615291616236450900e-02
4.855000000000000000e+03 9.568040714065675356e-01 1.978452665611034680e-02 5.114471905928908921e-03 -2.611687024262655116e-02
4.856000000000000000e+03 9.556492674437446766e-01 1.975248120524568385e-02 5.110769516349366291e-03 -2.608084651649980254e-02
4.857000000000000000e+03 9.544968786057402843e-01 1.972045333111900611e-02 5.107067212689664348e-03 -2.604484411845472622e-02
4.858000000000000000e+03 9.533491943121168433e-01 1.968843885359336521e-02 5.103364940065113417e-03 -2.600893619680523863e-02
4.859000000000000000e+03 9.522055080079950828e-01 1.965650795973971840e-02 5.099662646561920788e-03 -2.597304710408736284e-02
4.860000000000000000e+03 9.510680525833176135e-01 1.962465663462864551e-02 5.095960283880661239e-03 -2.593717528770408953e-02
4.861000000000000000e+03 9.499360507728568104e-01 1.959280665824178133e-02 5.092257808102735109e-03 -2.590131904568445179e-02
4.862000000000000000e+03 9.488101656561649389e-01 1.956095416890760857e-02 5.088555180189680699e-03 -2.586547656426578870e-02
4.863000000000000000e+03 9.476917517880814046e-01 1.952924394226751917e-02 5.084852366739460797e-03 -2.582964595408348760e-02
4.864000000000000000e+03 9.465806211954805871e-01 1.949752368541775999e-02 5.081149340371025717e-03 -2.579382528406064592e-02
4.865000000000000000e+03 9.454780098099183627e-01 1.946586401577642816e-02 5.077446080280711115e-03 -2.575801261306142481e-02
4.866000000000000000e+03 9.443836018601025062e-01 1.943426132102938492e-02 5.073742572603356232e-03 -2.572220601884285529e-02
4.867000000000000000e+03 9.432977547917743566e-01 1.940271203604654326e-02 5.070038810790608065e-03 -2.568640362428983512e-02
4.868000000000000000e+03 9.422207535651634380e-01 1.937121263594257514e-02 5.066334795851833682e-03 -2.565060362040095729e-02
4.869000000000000000e+03 9.411528085331529736e-01 1.933983391227914531e-02 5.062630536562849094e-03 -2.561473000266119987e-02
4.870000000000000000e+03 9.400940540853433003e-01 1.930842383150314576e-02 5.058926049567737115e-03 -2.557892972140487012e-02
4.871000000000000000e+03 9.390445480711462345e-01 1.927712751170827105e-02 5.055221359413089068e-03 -2.554305271015741563e-02
4.872000000000000000e+03 9.380035291710221435e-01 1.924586723020694709e-02 5.051516498539528922e-03 -2.550717187949180439e-02
4.873000000000000000e+03 9.369716463883089874e-01 1.921463954965932711e-02 5.047811507111585501e-03 -2.547128598859298501e-02
4.874000000000000000e+03 9.359472466297238391e-01 1.918351531009693245e-02 5.044106432902858983e-03 -2.543539393081544614e-02
4.875000000000000000e+03 9.349315770564969874e-01 1.915241677071719689e-02 5.040401330930138236e-03 -2.539949473198059235e-02
4.876000000000000000e+03 9.339235884686293288e-01 1.912134045271696170e-02 5.036696263168291207e-03 -2.536351326175553117e-02
4.877000000000000000e+03 9.329221677294435855e-01 1.909043141543508709e-02 5.032991298147619121e-03 -2.532759735904649423e-02
4.878000000000000000e+03 9.319276280035250215e-01 1.905953754831697308e-02 5.029286510476176954e-03 -2.529159783556964025e-02
4.879000000000000000e+03 9.309394854217436510e-01 1.902865526534966781e-02 5.025581980259689711e-03 -2.525566272881053093e-02
4.880000000000000000e+03 9.299572076338018523e-01 1.899792949884572188e-02 5.021877792576273820e-03 -2.521971729956500388e-02
4.881000000000000000e+03 9.289794771804217310e-01 1.896720799282136313e-02 5.018174036832360324e-03 -2.518368686174518936e-02
4.882000000000000000e+03 9.280064266301761844e-01 1.893663556600549622e-02 5.014470806072836989e-03 -2.514771960976949078e-02
4.883000000000000000e+03 9.270374170635343747e-01 1.890605983946373400e-02 5.010768196262099100e-03 -2.511174089227311002e-02
4.884000000000000000e+03 9.260710453466383107e-01 1.887559578752532122e-02 5.007066305569536808e-03 -2.507575031899264562e-02
4.885000000000000000e+03 9.251073801209670489e-01 1.884520231887189604e-02 5.003365233645235173e-03 -2.503982173204842218e-02
4.886000000000000000e+03 9.241442552459856463e-01 1.881487541160268423e-02 4.999665080765604633e-03 -2.500380604205642426e-02
4.887000000000000000e+03 9.231832201528200610e-01 1.878463325514124690e-02 4.995965947154259318e-03 -2.496785118189378747e-02
4.888000000000000000e+03 9.222213763089595062e-01 1.875445682300944453e-02 4.992267932181665945e-03 -2.493195637436976947e-02
4.889000000000000000e+03 9.212588131168082395e-01 1.872436415674155405e-02 4.988571133615110967e-03 -2.489604638436232129e-02
4.890000000000000000e+03 9.202949011077591335e-01 1.869433608369202443e-02 4.984875646870348675e-03 -2.486019433802704945e-02
4.891000000000000000e+03 9.193290418915958107e-01 1.866438307434988356e-02 4.981181564323164043e-03 -2.482439884165349095e-02
4.892000000000000000e+03 9.183606749431388883e-01 1.863450810361960350e-02 4.977488974673887137e-03 -2.478858395190368380e-02
4.893000000000000000e+03 9.173885411564213221e-01 1.860470665483430694e-02 4.973797962247330715e-03 -2.475282199770874325e-02
4.894000000000000000e+03 9.164129172757319308e-01 1.857498158117748197e-02 4.970108606480969603e-03 -2.471718498639304679e-02
4.895000000000000000e+03 9.154326499575227150e-01 1.854532082631051015e-02 4.966420981357137950e-03 -2.468152172797638891e-02
4.896000000000000000e+03 9.144481319328033875e-01 1.851574200086030658e-02 4.962735154970008417e-03 -2.464597779679734632e-02
4.897000000000000000e+03 9.134583348594493835e-01 1.848624039122120574e-02 4.959051189063972721e-03 -2.461047552643203656e-02
4.898000000000000000e+03 9.124630413470469215e-01 1.845680382408178277e-02 4.955369138773026323e-03 -2.457508540937105787e-02
4.899000000000000000e+03 9.114621049320993373e-01 1.842744238840522339e-02 4.951689052342345305e-03 -2.453980323155855597e-02
4.900000000000000000e+03 9.104554521489672814e-01 1.839815130287769315e-02 4.948010970910497047e-03 -2.450455006046126788e-02
4.901000000000000000e+03 9.094430830587213466e-01 1.836893311290251074e-02 4.944334928429197987e-03 -2.446939412514434475e-02
4.902000000000000000e+03 9.084250694394089276e-01 1.833978255087693673e-02 4.940660951630693881e-03 -2.443432507548491672e-02
4.903000000000000000e+03 9.074015568849853608e-01 1.831070912500697492e-02 4.936989060070022875e-03 -2.439933114870384764e-02
4.904000000000000000e+03 9.063727645612178474e-01 1.828169265779981331e-02 4.933319266260411534e-03 -2.436440013260391529e-02
4.905000000000000000e+03 9.053389834098026778e-01 1.825274272401295958e-02 4.929651575837143765e-03 -2.432951937057844030e-02
4.906000000000000000e+03 9.042998307646965550e-01 1.822386152009356636e-02 4.925985987904965210e-03 -2.429475005367922116e-02
4.907000000000000000e+03 9.032564755808587531e-01 1.819505130390451988e-02 4.922322495323637817e-03 -2.426007866555839054e-02
4.908000000000000000e+03 9.022086631228419806e-01 1.816629212094132695e-02 4.918661085144689429e-03 -2.422541699778459762e-02
4.909000000000000000e+03 9.011576816777691068e-01 1.813760867065599899e-02 4.915001739091396163e-03 -2.419082501882020494e-02
4.910000000000000000e+03 9.001033859791579550e-01 1.810898117722014450e-02 4.911344434093160502e-03 -2.415628804520040043e-02
4.911000000000000000e+03 8.990471627542118149e-01 1.808041968365419958e-02 4.907689142912708379e-03 -2.412186533300078942e-02
4.912000000000000000e+03 8.979889530924788366e-01 1.805191206371073095e-02 4.904035834737896157e-03 -2.408746725453642795e-02
4.913000000000000000e+03 8.969294742251689989e-01 1.802347603012030217e-02 4.900384475873801986e-03 -2.405307817854986444e-02
4.914000000000000000e+03 8.958694695971348709e-01 1.799509228868550331e-02 4.896735030473703572e-03 -2.401883078552886214e-02
4.915000000000000000e+03 8.948104443142315123e-01 1.796676397371944553e-02 4.893087461269983104e-03 -2.398456040048186841e-02
4.916000000000000000e+03 8.937516861953312963e-01 1.793849437093693322e-02 4.889441730318723478e-03 -2.395032501292048560e-02
4.917000000000000000e+03 8.926954578667556373e-01 1.791028692458141933e-02 4.885797799789903459e-03 -2.391610817940193964e-02
4.918000000000000000e+03 8.916410462677533122e-01 1.788213038707419170e-02 4.882155632708394359e-03 -2.388189334492949595e-02
4.919000000000000000e+03 8.905906975320063701e-01 1.785403596611901192e-02 4.878515193780165460e-03 -2.384773816468395424e-02
4.920000000000000000e+03 8.895436666044947982e-01 1.782599275916714465e-02 4.874876450055229404e-03 -2.381362597565571740e-02
4.921000000000000000e+03 8.885021523931559972e-01 1.779800489860951587e-02 4.871239371700229921e-03 -2.377946583535193309e-02
4.922000000000000000e+03 8.874653478120069217e-01 1.777007669750492805e-02 4.867603932730567989e-03 -2.374538969410946651e-02
4.923000000000000000e+03 8.864346326763292705e-01 1.774219779437404346e-02 4.863970111584892814e-03 -2.371130673153377597e-02
4.924000000000000000e+03 8.854113386460062962e-01 1.771438029515255003e-02 4.860337891877095778e-03 -2.367720052716569892e-02
4.925000000000000000e+03 8.843945146355183251e-01 1.768662163085661307e-02 4.856707262799199974e-03 -2.364305481205987783e-02
4.926000000000000000e+03 8.833853782687314249e-01 1.765891941230673598e-02 4.853078219773639644e-03 -2.360900206946097910e-02
4.927000000000000000e+03 8.823835967362756438e-01 1.763127885565908548e-02 4.849450764806156715e-03 -2.357487786532101032e-02
4.928000000000000000e+03 8.813909966435609089e-01 1.760369792167200062e-02 4.845824906920644798e-03 -2.354074086225771759e-02
4.929000000000000000e+03 8.804063605247448576e-01 1.757617473905849839e-02 4.842200662449966039e-03 -2.350664999608130176e-02
4.930000000000000000e+03 8.794298809371039471e-01 1.754870759849467068e-02 4.838578055230483010e-03 -2.347244164956302503e-02
4.931000000000000000e+03 8.784631583030922952e-01 1.752130980227834672e-02 4.834957116815741078e-03 -2.343832394197187252e-02
4.932000000000000000e+03 8.775039996884780313e-01 1.749397251471346282e-02 4.831337886507512148e-03 -2.340413391255899075e-02
4.933000000000000000e+03 8.765545894095039259e-01 1.746669446671550441e-02 4.827720411377983516e-03 -2.336993180388947933e-02
4.934000000000000000e+03 8.756133180763486790e-01 1.743948194631663590e-02 4.824104746124095733e-03 -2.333570394000357429e-02
4.935000000000000000e+03 8.746799834739314994e-01 1.741234135998858193e-02 4.820490952948413947e-03 -2.330151130217491748e-02
4.936000000000000000e+03 8.737550495624584190e-01 1.738526436506704700e-02 4.816879101264003732e-03 -2.326726668395385014e-02
4.937000000000000000e+03 8.728381634262897260e-01 1.735826499999135880e-02 4.813269267407556395e-03 -2.323295754379259628e-02
4.938000000000000000e+03 8.719281586531344441e-01 1.733133510231437552e-02 4.809661534185678128e-03 -2.319872028742124559e-02
4.939000000000000000e+03 8.710245451114864146e-01 1.730447400978450331e-02 4.806055990405196272e-03 -2.316446884593077044e-02
4.940000000000000000e+03 8.701282565826669035e-01 1.727768854775635007e-02 4.802452730343030433e-03 -2.313019180224697158e-02
4.941000000000000000e+03 8.692364563563553803e-01 1.725098558811981320e-02 4.798851853108832520e-03 -2.309587809710274969e-02
4.942000000000000000e+03 8.683507144473554540e-01 1.722434975142759020e-02 4.795253461987243788e-03 -2.306159129916669423e-02
4.943000000000000000e+03 8.674681001391210122e-01 1.719779539256105841e-02 4.791657663737002373e-03 -2.302739530543926327e-02
4.944000000000000000e+03 8.665893602009077101e-01 1.717132201804479411e-02 4.788064567790021459e-03 -2.299313147222158474e-02
4.945000000000000000e+03 8.657137264731579185e-01 1.714492913032199944e-02 4.784474285506714990e-03 -2.295886429542031912e-02
4.946000000000000000e+03 8.648396664585925597e-01 1.711861621579726517e-02 4.780886929294577738e-03 -2.292465853726015704e-02
4.947000000000000000e+03 8.639663769967229623e-01 1.709238273324360444e-02 4.777302611805605941e-03 -2.289043063488782961e-02
4.948000000000000000e+03 8.630937924370669645e-01 1.706622810283260280e-02 4.773721445050642040e-03 -2.285624580853740442e-02
4.949000000000000000e+03 8.622203643947671248e-01 1.704015912413134326e-02 4.770143539563843384e-03 -2.282209518413488153e-02
4.950000000000000000e+03 8.613460413551142780e-01 1.701417510983043585e-02 4.766569003526966927e-03 -2.278797004894235825e-02
4.951000000000000000e+03 8.604693031238315193e-01 1.698826797175803649e-02 4.762997941941093417e-03 -2.275393559477081884e-02
4.952000000000000000e+03 8.595893901684853455e-01 1.696245221081999280e-02 4.759430455789891330e-03 -2.271990650244739424e-02
4.953000000000000000e+03 8.587063185882328753e-01 1.693672005566090530e-02 4.755866641279072465e-03 -2.268594558424361085e-02
4.954000000000000000e+03 8.578186614646817754e-01 1.691107107549293109e-02 4.752306589082621636e-03 -2.265204141777179755e-02
4.955000000000000000e+03 8.569265272632802244e-01 1.688551217544706842e-02 4.748750383604811477e-03 -2.261818260250395007e-02
4.956000000000000000e+03 8.560285950843444791e-01 1.686003530794198332e-02 4.745198102379220503e-03 -2.258443201748302001e-02
4.957000000000000000e+03 8.551243492199696039e-01 1.683464718378033589e-02 4.741649815458142542e-03 -2.255070394624276650e-02
4.958000000000000000e+03 8.542140846043038138e-01 1.680934698600370161e-02 4.738105584882990398e-03 -2.251698690454068466e-02
4.959000000000000000e+03 8.532974259344934254e-01 1.678412637000150504e-02 4.734565464270840997e-03 -2.248341790287333719e-02
4.960000000000000000e+03 8.523740745869948787e-01 1.675899917835210404e-02 4.731029498405393656e-03 -2.244983672663490581e-02
4.961000000000000000e+03 8.514423262752061072e-01 1.673394944501711140e-02 4.727497722952430335e-03 -2.241636533100493239e-02
4.962000000000000000e+03 8.505042734313216224e-01 1.670899082600527108e-02 4.723970164301123133e-03 -2.238294726926991218e-02
4.963000000000000000e+03 8.495583785742086835e-01 1.668410717775430790e-02 4.720446839373899049e-03 -2.234958538874970424e-02
4.964000000000000000e+03 8.486046750322402410e-01 1.665930456183549110e-02 4.716927755656270295e-03 -2.231628239557373675e-02
4.965000000000000000e+03 8.476440241334691761e-01 1.663458896739113124e-02 4.713412911219331050e-03 -2.228304827743252808e-02
4.966000000000000000e+03 8.466766287044603656e-01 1.660994403457875801e-02 4.709902294910313370e-03 -2.224987801604402099e-02
4.967000000000000000e+03 8.457012885516791423e-01 1.658538306264755249e-02 4.706395886541344178e-03 -2.221677387257078862e-02
4.968000000000000000e+03 8.447198549492123121e-01 1.656088959363327673e-02 4.702893657234282279e-03 -2.218373053439771925e-02
4.969000000000000000e+03 8.437327702880265123e-01 1.653646942215449001e-02 4.699395569873385768e-03 -2.215075740669837992e-02
4.970000000000000000e+03 8.427398067826612493e-01 1.651212089427995383e-02 4.695901579504690483e-03 -2.211783405161071164e-02
4.971000000000000000e+03 8.417422900967068689e-01 1.648784977699426640e-02 4.692411633987268564e-03 -2.208498448405617556e-02
4.972000000000000000e+03 8.407408652532183391e-01 1.646363955829585959e-02 4.688925674559829906e-03 -2.205218804643383629e-02
4.973000000000000000e+03 8.397354903965366102e-01 1.643949603114153168e-02 4.685443636604984079e-03 -2.201944628131610737e-02
4.974000000000000000e+03 8.387276584654443923e-01 1.641541759434463413e-02 4.681965450346353697e-03 -2.198676809470526128e-02
4.975000000000000000e+03 8.377181613269500948e-01 1.639140269538019029e-02 4.678491041690408837e-03 -2.195414749305521843e-02
4.976000000000000000e+03 8.367078247921697631e-01 1.636744984495947658e-02 4.675020333080568552e-03 -2.192157846412038161e-02
4.977000000000000000e+03 8.356975004143405439e-01 1.634355020327326463e-02 4.671553244346271679e-03 -2.188906243116375133e-02
4.978000000000000000e+03 8.346873141491094605e-01 1.631970987942632512e-02 4.668089693648434964e-03 -2.185659342356555124e-02
4.979000000000000000e+03 8.336796289697412377e-01 1.629592766050965563e-02 4.664629598400643271e-03 -2.182416553374165111e-02
4.980000000000000000e+03 8.326738361628315266e-01 1.627218759695844841e-02 4.661172876228106450e-03 -2.179178780327907863e-02
4.981000000000000000e+03 8.316722891020524866e-01 1.624850358593346936e-02 4.657719445797464317e-03 -2.175944711122334077e-02
4.982000000000000000e+03 8.306743517028268853e-01 1.622486738523621144e-02 4.654269227900903819e-03 -2.172714534629683822e-02
4.983000000000000000e+03 8.296823323661021155e-01 1.620127833856069982e-02 4.650822146250905252e-03 -2.169487715218700041e-02
4.984000000000000000e+03 8.286962756131789343e-01 1.617772852964510441e-02 4.647378128353256595e-03 -2.166263738599863431e-02
4.985000000000000000e+03 8.277161823724701328e-01 1.615422507707971536e-02 4.643937106426026737e-03 -2.163042114777108740e-02
4.986000000000000000e+03 8.267449734859194654e-01 1.613076042973037721e-02 4.640499018103379225e-03 -2.159823123738448605e-02
4.987000000000000000e+03 8.257810539888328361e-01 1.610734208761270200e-02 4.637063807227456182e-03 -2.156606332531752629e-02
4.988000000000000000e+03 8.248264774646363318e-01 1.608395546641517432e-02 4.633631424490958044e-03 -2.153391340691876085e-02
4.989000000000000000e+03 8.238802543085135266e-01 1.606060847245437476e-02 4.630201828061112322e-03 -2.150177782663979451e-02
4.990000000000000000e+03 8.229450316954373124e-01 1.603730179272315134e-02 4.626774984105320836e-03 -2.146966072860872349e-02
4.991000000000000000e+03 8.220189175797723014e-01 1.601403632521667536e-02 4.623350867212586493e-03 -2.143756664834288450e-02
4.992000000000000000e+03 8.211036478489153190e-01 1.599080575095231105e-02 4.619929460811805430e-03 -2.140549310211901576e-02
4.993000000000000000e+03 8.201986404387775487e-01 1.596761881791993257e-02 4.616510757386780781e-03 -2.137345288711853947e-02
4.994000000000000000e+03 8.193047071673037474e-01 1.594447705327040055e-02 4.613094758698317588e-03 -2.134142952366174795e-02
4.995000000000000000e+03 8.184210809438252632e-01 1.592138218740037775e-02 4.609681475794655432e-03 -2.130944411991254200e-02
4.996000000000000000e+03 8.175476437326509860e-01 1.589832129124412255e-02 4.606270929102045282e-03 -2.127748109513234731e-02
4.997000000000000000e+03 8.166849269313146698e-01 1.587531133898199137e-02 4.602863148226625858e-03 -2.124554760993160180e-02
4.998000000000000000e+03 8.158318841645725294e-01 1.585233977219201867e-02 4.599458171775422724e-03 -2.121362899690798498e-02
4.999000000000000000e+03 8.149888648360101850e-01 1.582940905946885607e-02 4.596056047033014041e-03 -2.118173332827940486e-02
5.000000000000000000e+03 8.141546458955466470e-01 1.580652182776095746e-02 4.592656829589352591e-03 -2.114984684038996240e-02
